[2026-05-02T22:48:03.998Z] 
baldia_mart_api: CPU 131.87%, Mem 449.1MiB / 7.598GiB
baldia_mart_admin: CPU 0.00%, Mem 51.95MiB / 7.598GiB
baldia_mart_cache: CPU 1.64%, Mem 7.859MiB / 7.598GiB
PG Connections: 86
Error: Command failed: docker exec baldia_mart_cache redis-cli info stats | grep total_commands_processed
'grep' is not recognized as an internal or external command,
operable program or batch file.

---
[2026-05-02T22:48:57.538Z] 
baldia_mart_api: CPU 154.85%, Mem 723.8MiB / 7.598GiB
baldia_mart_admin: CPU 0.00%, Mem 51.95MiB / 7.598GiB
baldia_mart_cache: CPU 3.32%, Mem 8.168MiB / 7.598GiB
PG Connections: 86
Error: Command failed: docker exec baldia_mart_cache redis-cli info stats | grep total_commands_processed
'grep' is not recognized as an internal or external command,
operable program or batch file.

---
[2026-05-02T22:49:57.907Z] 
baldia_mart_api: CPU 123.26%, Mem 955.3MiB / 7.598GiB
baldia_mart_admin: CPU 0.00%, Mem 51.92MiB / 7.598GiB
baldia_mart_cache: CPU 1.44%, Mem 11.57MiB / 7.598GiB
PG Connections: 6
Error: Command failed: docker exec baldia_mart_cache redis-cli info stats | grep total_commands_processed
'grep' is not recognized as an internal or external command,
operable program or batch file.

---
[2026-05-02T22:50:25.035Z] 
baldia_mart_api: CPU 218.33%, Mem 1021MiB / 7.598GiB
baldia_mart_admin: CPU 0.00%, Mem 51.92MiB / 7.598GiB
baldia_mart_cache: CPU 1.85%, Mem 93.66MiB / 7.598GiB
PG Connections: 6
Error: Command failed: docker exec baldia_mart_cache redis-cli info stats | grep total_commands_processed
'grep' is not recognized as an internal or external command,
operable program or batch file.

---
[2026-05-02T22:51:24.326Z] 
baldia_mart_api: CPU 26.23%, Mem 233.9MiB / 7.598GiB
baldia_mart_admin: CPU 0.00%, Mem 51.92MiB / 7.598GiB
baldia_mart_cache: CPU 1.08%, Mem 8.535MiB / 7.598GiB
PG Connections: 8
Error: Command failed: docker exec baldia_mart_cache redis-cli info stats | grep total_commands_processed
'grep' is not recognized as an internal or external command,
operable program or batch file.

---
[2026-05-02T22:51:29.140Z] 
baldia_mart_api: CPU 27.08%, Mem 236.3MiB / 7.598GiB
baldia_mart_admin: CPU 0.00%, Mem 51.92MiB / 7.598GiB
baldia_mart_cache: CPU 1.20%, Mem 8.535MiB / 7.598GiB
PG Connections: 8
Redis Commands: 5175
---
[2026-05-02T22:52:24.327Z] 
baldia_mart_api: CPU 38.96%, Mem 272.1MiB / 7.598GiB
baldia_mart_admin: CPU 0.00%, Mem 51.92MiB / 7.598GiB
baldia_mart_cache: CPU 1.47%, Mem 9.523MiB / 7.598GiB
PG Connections: 7
Error: Command failed: docker exec baldia_mart_cache redis-cli info stats | grep total_commands_processed
'grep' is not recognized as an internal or external command,
operable program or batch file.

---
[2026-05-02T22:52:28.713Z] 
baldia_mart_api: CPU 33.71%, Mem 311.5MiB / 7.598GiB
baldia_mart_admin: CPU 0.00%, Mem 51.92MiB / 7.598GiB
baldia_mart_cache: CPU 1.09%, Mem 9.438MiB / 7.598GiB
PG Connections: 7
Redis Commands: 5719
---
[2026-05-02T22:53:24.203Z] 
baldia_mart_api: CPU 20.62%, Mem 172.2MiB / 7.598GiB
baldia_mart_admin: CPU 0.00%, Mem 51.92MiB / 7.598GiB
baldia_mart_cache: CPU 0.60%, Mem 10.18MiB / 7.598GiB
PG Connections: 7
Error: Command failed: docker exec baldia_mart_cache redis-cli info stats | grep total_commands_processed
'grep' is not recognized as an internal or external command,
operable program or batch file.

---
[2026-05-02T22:53:28.439Z] 
baldia_mart_api: CPU 19.34%, Mem 176.9MiB / 7.598GiB
baldia_mart_admin: CPU 0.00%, Mem 51.92MiB / 7.598GiB
baldia_mart_cache: CPU 0.78%, Mem 10.43MiB / 7.598GiB
PG Connections: 7
Redis Commands: 6142
---
[2026-05-02T22:54:24.255Z] 
baldia_mart_api: CPU 12.10%, Mem 305.3MiB / 7.598GiB
baldia_mart_admin: CPU 0.00%, Mem 51.92MiB / 7.598GiB
baldia_mart_cache: CPU 0.46%, Mem 10.28MiB / 7.598GiB
PG Connections: 7
Error: Command failed: docker exec baldia_mart_cache redis-cli info stats | grep total_commands_processed
'grep' is not recognized as an internal or external command,
operable program or batch file.

---
[2026-05-02T22:54:28.355Z] 
baldia_mart_api: CPU 35.87%, Mem 139MiB / 7.598GiB
baldia_mart_admin: CPU 0.00%, Mem 51.92MiB / 7.598GiB
baldia_mart_cache: CPU 0.66%, Mem 10.28MiB / 7.598GiB
PG Connections: 9
Redis Commands: 6955
---
[2026-05-02T22:55:24.230Z] 
baldia_mart_api: CPU 16.13%, Mem 173.1MiB / 7.598GiB
baldia_mart_admin: CPU 0.00%, Mem 51.92MiB / 7.598GiB
baldia_mart_cache: CPU 0.90%, Mem 10.29MiB / 7.598GiB
PG Connections: 8
Error: Command failed: docker exec baldia_mart_cache redis-cli info stats | grep total_commands_processed
'grep' is not recognized as an internal or external command,
operable program or batch file.

---
[2026-05-02T22:55:28.466Z] 
baldia_mart_api: CPU 19.48%, Mem 172.9MiB / 7.598GiB
baldia_mart_admin: CPU 0.00%, Mem 51.92MiB / 7.598GiB
baldia_mart_cache: CPU 1.10%, Mem 10.29MiB / 7.598GiB
PG Connections: 8
Redis Commands: 7371
---
[2026-05-02T22:56:24.203Z] 
baldia_mart_api: CPU 18.13%, Mem 285.5MiB / 7.598GiB
baldia_mart_admin: CPU 0.00%, Mem 51.92MiB / 7.598GiB
baldia_mart_cache: CPU 0.71%, Mem 10.93MiB / 7.598GiB
PG Connections: 8
Error: Command failed: docker exec baldia_mart_cache redis-cli info stats | grep total_commands_processed
'grep' is not recognized as an internal or external command,
operable program or batch file.

---
[2026-05-02T22:56:28.652Z] 
baldia_mart_api: CPU 76.32%, Mem 289MiB / 7.598GiB
baldia_mart_admin: CPU 0.00%, Mem 51.92MiB / 7.598GiB
baldia_mart_cache: CPU 0.77%, Mem 10.55MiB / 7.598GiB
PG Connections: 8
Redis Commands: 8087
---
[2026-05-02T22:57:24.251Z] 
baldia_mart_api: CPU 123.19%, Mem 189.8MiB / 7.598GiB
baldia_mart_admin: CPU 0.00%, Mem 51.92MiB / 7.598GiB
baldia_mart_cache: CPU 1.29%, Mem 10.62MiB / 7.598GiB
PG Connections: 6
Error: Command failed: docker exec baldia_mart_cache redis-cli info stats | grep total_commands_processed
'grep' is not recognized as an internal or external command,
operable program or batch file.

---
[2026-05-02T22:57:28.669Z] 
baldia_mart_api: CPU 36.35%, Mem 197.5MiB / 7.598GiB
baldia_mart_admin: CPU 0.00%, Mem 51.92MiB / 7.598GiB
baldia_mart_cache: CPU 1.27%, Mem 10.83MiB / 7.598GiB
PG Connections: 6
Redis Commands: 8603
---
[2026-05-02T22:58:24.215Z] 
baldia_mart_api: CPU 21.49%, Mem 171.3MiB / 7.598GiB
baldia_mart_admin: CPU 0.00%, Mem 51.92MiB / 7.598GiB
baldia_mart_cache: CPU 0.83%, Mem 10.32MiB / 7.598GiB
PG Connections: 7
Error: Command failed: docker exec baldia_mart_cache redis-cli info stats | grep total_commands_processed
'grep' is not recognized as an internal or external command,
operable program or batch file.

---
[2026-05-02T22:58:29.065Z] 
baldia_mart_api: CPU 43.37%, Mem 172.5MiB / 7.598GiB
baldia_mart_admin: CPU 0.00%, Mem 51.92MiB / 7.598GiB
baldia_mart_cache: CPU 1.08%, Mem 10.32MiB / 7.598GiB
PG Connections: 9
Redis Commands: 9219
---
[2026-05-02T22:59:24.386Z] 
baldia_mart_api: CPU 24.55%, Mem 178.8MiB / 7.598GiB
baldia_mart_admin: CPU 0.00%, Mem 51.92MiB / 7.598GiB
baldia_mart_cache: CPU 0.79%, Mem 10.31MiB / 7.598GiB
PG Connections: 7
Error: Command failed: docker exec baldia_mart_cache redis-cli info stats | grep total_commands_processed
'grep' is not recognized as an internal or external command,
operable program or batch file.

---
[2026-05-02T22:59:28.529Z] 
baldia_mart_api: CPU 18.45%, Mem 142.7MiB / 7.598GiB
baldia_mart_admin: CPU 0.00%, Mem 51.92MiB / 7.598GiB
baldia_mart_cache: CPU 1.12%, Mem 10.33MiB / 7.598GiB
PG Connections: 7
Redis Commands: 9720
---
[2026-05-02T23:00:24.294Z] 
baldia_mart_api: CPU 23.97%, Mem 186.1MiB / 7.598GiB
baldia_mart_admin: CPU 0.00%, Mem 51.92MiB / 7.598GiB
baldia_mart_cache: CPU 0.79%, Mem 10.59MiB / 7.598GiB
PG Connections: 8
Error: Command failed: docker exec baldia_mart_cache redis-cli info stats | grep total_commands_processed
'grep' is not recognized as an internal or external command,
operable program or batch file.

---
[2026-05-02T23:00:28.567Z] 
baldia_mart_api: CPU 18.95%, Mem 183.5MiB / 7.598GiB
baldia_mart_admin: CPU 0.00%, Mem 51.92MiB / 7.598GiB
baldia_mart_cache: CPU 0.68%, Mem 10.34MiB / 7.598GiB
PG Connections: 8
Redis Commands: 10343
---
[2026-05-02T23:01:24.447Z] 
baldia_mart_api: CPU 84.15%, Mem 185.2MiB / 7.598GiB
baldia_mart_admin: CPU 0.00%, Mem 51.92MiB / 7.598GiB
baldia_mart_cache: CPU 2.04%, Mem 10.6MiB / 7.598GiB
PG Connections: 9
Error: Command failed: docker exec baldia_mart_cache redis-cli info stats | grep total_commands_processed
'grep' is not recognized as an internal or external command,
operable program or batch file.

---
[2026-05-02T23:01:28.827Z] 
baldia_mart_api: CPU 60.36%, Mem 176.8MiB / 7.598GiB
baldia_mart_admin: CPU 0.00%, Mem 51.92MiB / 7.598GiB
baldia_mart_cache: CPU 2.38%, Mem 10.91MiB / 7.598GiB
PG Connections: 9
Redis Commands: 11166
---
[2026-05-02T23:02:24.199Z] 
baldia_mart_api: CPU 17.48%, Mem 183.7MiB / 7.598GiB
baldia_mart_admin: CPU 0.00%, Mem 51.92MiB / 7.598GiB
baldia_mart_cache: CPU 0.81%, Mem 10.38MiB / 7.598GiB
PG Connections: 7
Error: Command failed: docker exec baldia_mart_cache redis-cli info stats | grep total_commands_processed
'grep' is not recognized as an internal or external command,
operable program or batch file.

---
[2026-05-02T23:02:28.451Z] 
baldia_mart_api: CPU 21.52%, Mem 193.7MiB / 7.598GiB
baldia_mart_admin: CPU 0.00%, Mem 51.92MiB / 7.598GiB
baldia_mart_cache: CPU 1.02%, Mem 10.38MiB / 7.598GiB
PG Connections: 7
Redis Commands: 11491
---
[2026-05-02T23:03:24.179Z] 
baldia_mart_api: CPU 13.83%, Mem 182.1MiB / 7.598GiB
baldia_mart_admin: CPU 0.00%, Mem 51.92MiB / 7.598GiB
baldia_mart_cache: CPU 0.68%, Mem 10.42MiB / 7.598GiB
PG Connections: 8
Error: Command failed: docker exec baldia_mart_cache redis-cli info stats | grep total_commands_processed
'grep' is not recognized as an internal or external command,
operable program or batch file.

---
[2026-05-02T23:03:28.335Z] 
baldia_mart_api: CPU 35.04%, Mem 182MiB / 7.598GiB
baldia_mart_admin: CPU 0.00%, Mem 51.92MiB / 7.598GiB
baldia_mart_cache: CPU 0.52%, Mem 10.42MiB / 7.598GiB
PG Connections: 8
Redis Commands: 11995
---
[2026-05-02T23:04:24.290Z] 
baldia_mart_api: CPU 10.19%, Mem 185.8MiB / 7.598GiB
baldia_mart_admin: CPU 0.00%, Mem 51.92MiB / 7.598GiB
baldia_mart_cache: CPU 0.54%, Mem 10.4MiB / 7.598GiB
PG Connections: 6
Error: Command failed: docker exec baldia_mart_cache redis-cli info stats | grep total_commands_processed
'grep' is not recognized as an internal or external command,
operable program or batch file.

---
[2026-05-02T23:04:28.385Z] 
baldia_mart_api: CPU 10.51%, Mem 187.4MiB / 7.598GiB
baldia_mart_admin: CPU 0.00%, Mem 51.92MiB / 7.598GiB
baldia_mart_cache: CPU 0.56%, Mem 10.4MiB / 7.598GiB
PG Connections: 6
Redis Commands: 12674
---
[2026-05-02T23:05:24.228Z] 
baldia_mart_api: CPU 15.24%, Mem 186.8MiB / 7.598GiB
baldia_mart_admin: CPU 0.00%, Mem 51.92MiB / 7.598GiB
baldia_mart_cache: CPU 0.50%, Mem 10.32MiB / 7.598GiB
PG Connections: 8
Error: Command failed: docker exec baldia_mart_cache redis-cli info stats | grep total_commands_processed
'grep' is not recognized as an internal or external command,
operable program or batch file.

---
[2026-05-02T23:05:28.324Z] 
baldia_mart_api: CPU 17.42%, Mem 190.1MiB / 7.598GiB
baldia_mart_admin: CPU 0.00%, Mem 51.92MiB / 7.598GiB
baldia_mart_cache: CPU 0.47%, Mem 10.57MiB / 7.598GiB
PG Connections: 8
Redis Commands: 13428
---
[2026-05-02T23:06:24.302Z] 
baldia_mart_api: CPU 51.31%, Mem 190.8MiB / 7.598GiB
baldia_mart_admin: CPU 0.00%, Mem 51.92MiB / 7.598GiB
baldia_mart_cache: CPU 1.89%, Mem 10.73MiB / 7.598GiB
PG Connections: 8
Error: Command failed: docker exec baldia_mart_cache redis-cli info stats | grep total_commands_processed
'grep' is not recognized as an internal or external command,
operable program or batch file.

---
[2026-05-02T23:06:28.530Z] 
baldia_mart_api: CPU 60.89%, Mem 202.9MiB / 7.598GiB
baldia_mart_admin: CPU 0.00%, Mem 51.92MiB / 7.598GiB
baldia_mart_cache: CPU 1.76%, Mem 10.73MiB / 7.598GiB
PG Connections: 8
Redis Commands: 14073
---
[2026-05-02T23:07:24.374Z] 
baldia_mart_api: CPU 17.71%, Mem 185.6MiB / 7.598GiB
baldia_mart_admin: CPU 0.00%, Mem 51.92MiB / 7.598GiB
baldia_mart_cache: CPU 0.49%, Mem 10.43MiB / 7.598GiB
PG Connections: 8
Error: Command failed: docker exec baldia_mart_cache redis-cli info stats | grep total_commands_processed
'grep' is not recognized as an internal or external command,
operable program or batch file.

---
[2026-05-02T23:07:28.458Z] 
baldia_mart_api: CPU 17.63%, Mem 185.5MiB / 7.598GiB
baldia_mart_admin: CPU 0.00%, Mem 51.92MiB / 7.598GiB
baldia_mart_cache: CPU 0.56%, Mem 10.43MiB / 7.598GiB
PG Connections: 8
Redis Commands: 14265
---
[2026-05-02T23:08:24.254Z] 
baldia_mart_api: CPU 23.21%, Mem 186.4MiB / 7.598GiB
baldia_mart_admin: CPU 0.00%, Mem 51.92MiB / 7.598GiB
baldia_mart_cache: CPU 0.57%, Mem 10.52MiB / 7.598GiB
PG Connections: 9
Error: Command failed: docker exec baldia_mart_cache redis-cli info stats | grep total_commands_processed
'grep' is not recognized as an internal or external command,
operable program or batch file.

---
[2026-05-02T23:08:28.623Z] 
baldia_mart_api: CPU 27.81%, Mem 186.9MiB / 7.598GiB
baldia_mart_admin: CPU 0.00%, Mem 51.92MiB / 7.598GiB
baldia_mart_cache: CPU 1.02%, Mem 10.44MiB / 7.598GiB
PG Connections: 8
Redis Commands: 15118
---
[2026-05-02T23:11:29.733Z] 
baldia_mart_api: CPU 129.60%, Mem 290.2MiB / 7.598GiB
baldia_mart_admin: CPU 0.00%, Mem 52.55MiB / 7.598GiB
baldia_mart_cache: CPU 1.15%, Mem 10.34MiB / 7.598GiB
PG Connections: 11
Redis Commands: 15691
---
[2026-05-02T23:13:20.565Z] 
baldia_mart_api: CPU 0.00%, Mem 173.2MiB / 7.598GiB
baldia_mart_admin: CPU 0.00%, Mem 52.55MiB / 7.598GiB
baldia_mart_cache: CPU 0.79%, Mem 10.61MiB / 7.598GiB
PG Connections: 7
Redis Commands: 15790
---
[2026-05-02T23:14:19.831Z] 
baldia_mart_api: CPU 37.43%, Mem 232.3MiB / 7.598GiB
baldia_mart_admin: CPU 0.00%, Mem 52.55MiB / 7.598GiB
baldia_mart_cache: CPU 0.83%, Mem 10.41MiB / 7.598GiB
PG Connections: 8
Redis Commands: 16875
---
[2026-05-02T23:15:19.708Z] 
baldia_mart_api: CPU 45.25%, Mem 129.1MiB / 7.598GiB
baldia_mart_admin: CPU 0.00%, Mem 52.55MiB / 7.598GiB
baldia_mart_cache: CPU 0.56%, Mem 10.41MiB / 7.598GiB
PG Connections: 7
Redis Commands: 17921
---
[2026-05-02T23:16:19.771Z] 
baldia_mart_api: CPU 22.49%, Mem 170.2MiB / 7.598GiB
baldia_mart_admin: CPU 0.00%, Mem 52.55MiB / 7.598GiB
baldia_mart_cache: CPU 1.05%, Mem 10.22MiB / 7.598GiB
PG Connections: 7
Redis Commands: 18553
---
[2026-05-02T23:17:19.659Z] 
baldia_mart_api: CPU 33.86%, Mem 165.5MiB / 7.598GiB
baldia_mart_admin: CPU 0.00%, Mem 52.55MiB / 7.598GiB
baldia_mart_cache: CPU 0.67%, Mem 10.18MiB / 7.598GiB
PG Connections: 9
Redis Commands: 19305
---
[2026-05-02T23:18:19.882Z] 
baldia_mart_api: CPU 13.23%, Mem 172.5MiB / 7.598GiB
baldia_mart_admin: CPU 0.00%, Mem 52.55MiB / 7.598GiB
baldia_mart_cache: CPU 0.54%, Mem 10.11MiB / 7.598GiB
PG Connections: 7
Redis Commands: 20015
---
[2026-05-02T23:19:19.893Z] 
baldia_mart_api: CPU 15.05%, Mem 176.5MiB / 7.598GiB
baldia_mart_admin: CPU 0.00%, Mem 52.55MiB / 7.598GiB
baldia_mart_cache: CPU 0.68%, Mem 10.11MiB / 7.598GiB
PG Connections: 8
Redis Commands: 21167
---
[2026-05-02T23:20:19.841Z] 
baldia_mart_api: CPU 19.60%, Mem 175.1MiB / 7.598GiB
baldia_mart_admin: CPU 0.00%, Mem 52.55MiB / 7.598GiB
baldia_mart_cache: CPU 0.79%, Mem 10.45MiB / 7.598GiB
PG Connections: 7
Redis Commands: 21775
---
[2026-05-02T23:21:19.954Z] 
baldia_mart_api: CPU 24.95%, Mem 172.1MiB / 7.598GiB
baldia_mart_admin: CPU 0.00%, Mem 52.55MiB / 7.598GiB
baldia_mart_cache: CPU 0.80%, Mem 10.23MiB / 7.598GiB
PG Connections: 8
Redis Commands: 22533
---
[2026-05-02T23:22:19.936Z] 
baldia_mart_api: CPU 27.36%, Mem 175.1MiB / 7.598GiB
baldia_mart_admin: CPU 0.00%, Mem 52.55MiB / 7.598GiB
baldia_mart_cache: CPU 0.44%, Mem 10.16MiB / 7.598GiB
PG Connections: 8
Redis Commands: 23405
---
[2026-05-02T23:23:20.543Z] 
baldia_mart_api: CPU 47.77%, Mem 174.3MiB / 7.598GiB
baldia_mart_admin: CPU 0.00%, Mem 52.55MiB / 7.598GiB
baldia_mart_cache: CPU 1.23%, Mem 10.38MiB / 7.598GiB
PG Connections: 7
Redis Commands: 24342
---
[2026-05-02T23:24:20.693Z] 
baldia_mart_api: CPU 43.11%, Mem 213.4MiB / 7.598GiB
baldia_mart_admin: CPU 0.00%, Mem 52.55MiB / 7.598GiB
baldia_mart_cache: CPU 0.79%, Mem 10.37MiB / 7.598GiB
PG Connections: 6
Redis Commands: 25055
---
[2026-05-02T23:25:21.534Z] 
baldia_mart_api: CPU 85.61%, Mem 202.6MiB / 7.598GiB
baldia_mart_admin: CPU 0.00%, Mem 51MiB / 7.598GiB
baldia_mart_cache: CPU 2.33%, Mem 10.25MiB / 7.598GiB
PG Connections: 8
Redis Commands: 25896
---
[2026-05-02T23:26:20.561Z] 
baldia_mart_api: CPU 38.44%, Mem 207.5MiB / 7.598GiB
baldia_mart_admin: CPU 0.00%, Mem 50.4MiB / 7.598GiB
baldia_mart_cache: CPU 1.14%, Mem 10.48MiB / 7.598GiB
PG Connections: 9
Redis Commands: 26842
---
[2026-05-02T23:27:21.435Z] 
baldia_mart_api: CPU 184.15%, Mem 292.8MiB / 7.598GiB
baldia_mart_admin: CPU 0.00%, Mem 51.23MiB / 7.598GiB
baldia_mart_cache: CPU 2.01%, Mem 10.52MiB / 7.598GiB
PG Connections: 86
Redis Commands: 28724
---
[2026-05-02T23:28:20.643Z] 
baldia_mart_api: CPU 36.28%, Mem 428.3MiB / 7.598GiB
baldia_mart_admin: CPU 0.00%, Mem 51.14MiB / 7.598GiB
baldia_mart_cache: CPU 1.56%, Mem 10.42MiB / 7.598GiB
PG Connections: 9
Redis Commands: 31281
---
[2026-05-02T23:29:21.453Z] 
baldia_mart_api: CPU 57.85%, Mem 410.4MiB / 7.598GiB
baldia_mart_admin: CPU 0.00%, Mem 51.14MiB / 7.598GiB
baldia_mart_cache: CPU 2.58%, Mem 10.43MiB / 7.598GiB
PG Connections: 8
Redis Commands: 33946
---
[2026-05-02T23:30:20.998Z] 
baldia_mart_api: CPU 35.40%, Mem 369.4MiB / 7.598GiB
baldia_mart_admin: CPU 0.00%, Mem 51.14MiB / 7.598GiB
baldia_mart_cache: CPU 1.49%, Mem 10.84MiB / 7.598GiB
PG Connections: 8
Redis Commands: 36465
---
[2026-05-02T23:31:21.175Z] 
baldia_mart_api: CPU 146.71%, Mem 376.6MiB / 7.598GiB
baldia_mart_admin: CPU 0.00%, Mem 51.14MiB / 7.598GiB
baldia_mart_cache: CPU 2.53%, Mem 10.65MiB / 7.598GiB
PG Connections: 86
Redis Commands: 40144
---
[2026-05-02T23:32:20.641Z] 
baldia_mart_api: CPU 23.68%, Mem 403.6MiB / 7.598GiB
baldia_mart_admin: CPU 0.00%, Mem 51.14MiB / 7.598GiB
baldia_mart_cache: CPU 1.16%, Mem 10.45MiB / 7.598GiB
PG Connections: 86
Redis Commands: 44724
---
[2026-05-02T23:33:20.710Z] 
baldia_mart_api: CPU 20.35%, Mem 454.3MiB / 7.598GiB
baldia_mart_admin: CPU 0.00%, Mem 51.14MiB / 7.598GiB
baldia_mart_cache: CPU 1.05%, Mem 10.46MiB / 7.598GiB
PG Connections: 86
Redis Commands: 50328
---
[2026-05-02T23:34:21.097Z] 
baldia_mart_api: CPU 58.00%, Mem 530.7MiB / 7.598GiB
baldia_mart_admin: CPU 0.00%, Mem 51.14MiB / 7.598GiB
baldia_mart_cache: CPU 1.85%, Mem 10.4MiB / 7.598GiB
PG Connections: 86
Redis Commands: 59227
---
[2026-05-02T23:35:21.275Z] 
baldia_mart_api: CPU 66.34%, Mem 687.4MiB / 7.598GiB
baldia_mart_admin: CPU 0.00%, Mem 51.14MiB / 7.598GiB
baldia_mart_cache: CPU 1.74%, Mem 10.38MiB / 7.598GiB
PG Connections: 86
Redis Commands: 68319
---
[2026-05-02T23:36:21.435Z] 
baldia_mart_api: CPU 63.87%, Mem 1007MiB / 7.598GiB
baldia_mart_admin: CPU 0.00%, Mem 51.14MiB / 7.598GiB
baldia_mart_cache: CPU 4.24%, Mem 10.55MiB / 7.598GiB
PG Connections: 86
Redis Commands: 76151
---
[2026-05-02T23:37:21.035Z] 
baldia_mart_api: CPU 76.14%, Mem 1.039GiB / 7.598GiB
baldia_mart_admin: CPU 0.00%, Mem 51.14MiB / 7.598GiB
baldia_mart_cache: CPU 2.85%, Mem 10.58MiB / 7.598GiB
PG Connections: 86
Redis Commands: 83203
---
[2026-05-02T23:38:21.266Z] 
baldia_mart_api: CPU 146.29%, Mem 1.326GiB / 7.598GiB
baldia_mart_admin: CPU 0.00%, Mem 51.14MiB / 7.598GiB
baldia_mart_cache: CPU 2.28%, Mem 10.63MiB / 7.598GiB
PG Connections: 86
Redis Commands: 90364
---
[2026-05-02T23:39:21.295Z] 
baldia_mart_api: CPU 137.15%, Mem 1.364GiB / 7.598GiB
baldia_mart_admin: CPU 0.00%, Mem 51.14MiB / 7.598GiB
baldia_mart_cache: CPU 3.90%, Mem 10.71MiB / 7.598GiB
PG Connections: 86
Redis Commands: 97475
---
[2026-05-02T23:40:20.968Z] 
baldia_mart_api: CPU 56.88%, Mem 1.672GiB / 7.598GiB
baldia_mart_admin: CPU 0.00%, Mem 51.13MiB / 7.598GiB
baldia_mart_cache: CPU 2.36%, Mem 10.7MiB / 7.598GiB
PG Connections: 86
Redis Commands: 104590
---
[2026-05-02T23:41:20.977Z] 
baldia_mart_api: CPU 101.36%, Mem 1.737GiB / 7.598GiB
baldia_mart_admin: CPU 0.00%, Mem 51.13MiB / 7.598GiB
baldia_mart_cache: CPU 2.46%, Mem 11.13MiB / 7.598GiB
PG Connections: 86
Redis Commands: 111702
---
[2026-05-02T23:42:21.063Z] 
baldia_mart_api: CPU 66.43%, Mem 1.881GiB / 7.598GiB
baldia_mart_admin: CPU 0.00%, Mem 51.13MiB / 7.598GiB
baldia_mart_cache: CPU 4.84%, Mem 10.88MiB / 7.598GiB
PG Connections: 86
Redis Commands: 118757
---
[2026-05-02T23:43:21.188Z] 
baldia_mart_api: CPU 441.71%, Mem 2.002GiB / 7.598GiB
baldia_mart_admin: CPU 0.00%, Mem 51.13MiB / 7.598GiB
baldia_mart_cache: CPU 1.71%, Mem 10.94MiB / 7.598GiB
PG Connections: 86
Redis Commands: 125755
---
[2026-05-02T23:44:21.000Z] 
baldia_mart_api: CPU 428.58%, Mem 2.117GiB / 7.598GiB
baldia_mart_admin: CPU 0.00%, Mem 51.12MiB / 7.598GiB
baldia_mart_cache: CPU 6.72%, Mem 10.93MiB / 7.598GiB
PG Connections: 86
Redis Commands: 132631
---
[2026-05-02T23:45:21.308Z] 
baldia_mart_api: CPU 26.53%, Mem 2.224GiB / 7.598GiB
baldia_mart_admin: CPU 0.00%, Mem 51.12MiB / 7.598GiB
baldia_mart_cache: CPU 0.91%, Mem 10.94MiB / 7.598GiB
PG Connections: 86
Redis Commands: 136867
---
[2026-05-02T23:46:20.750Z] 
baldia_mart_admin: CPU 0.00%, Mem 51.12MiB / 7.598GiB
baldia_mart_cache: CPU 0.88%, Mem 11.19MiB / 7.598GiB
PG Connections: 6
Redis Commands: 136868
---
[2026-05-02T23:47:20.549Z] 
baldia_mart_admin: CPU 0.00%, Mem 51.12MiB / 7.598GiB
baldia_mart_cache: CPU 0.46%, Mem 11.19MiB / 7.598GiB
PG Connections: 6
Redis Commands: 136869
---
[2026-05-02T23:48:20.521Z] 
baldia_mart_admin: CPU 0.00%, Mem 51.12MiB / 7.598GiB
baldia_mart_cache: CPU 0.81%, Mem 10.95MiB / 7.598GiB
PG Connections: 6
Redis Commands: 136870
---
[2026-05-02T23:49:20.631Z] 
baldia_mart_admin: CPU 0.00%, Mem 51.12MiB / 7.598GiB
baldia_mart_cache: CPU 0.50%, Mem 11.19MiB / 7.598GiB
PG Connections: 6
Redis Commands: 136871
---
[2026-05-02T23:50:20.602Z] 
baldia_mart_admin: CPU 0.00%, Mem 51.12MiB / 7.598GiB
baldia_mart_cache: CPU 0.82%, Mem 10.94MiB / 7.598GiB
PG Connections: 6
Redis Commands: 136872
---
[2026-05-02T23:51:20.706Z] 
baldia_mart_admin: CPU 0.00%, Mem 51.12MiB / 7.598GiB
baldia_mart_cache: CPU 0.46%, Mem 10.94MiB / 7.598GiB
PG Connections: 6
Redis Commands: 136873
---
[2026-05-02T23:52:20.534Z] 
baldia_mart_admin: CPU 0.00%, Mem 51.12MiB / 7.598GiB
baldia_mart_cache: CPU 0.52%, Mem 11.19MiB / 7.598GiB
PG Connections: 6
Redis Commands: 136874
---
[2026-05-02T23:53:20.814Z] 
baldia_mart_admin: CPU 0.00%, Mem 51.13MiB / 7.598GiB
baldia_mart_cache: CPU 0.52%, Mem 10.94MiB / 7.598GiB
PG Connections: 6
Redis Commands: 136875
---
[2026-05-02T23:54:20.658Z] 
baldia_mart_admin: CPU 0.00%, Mem 51.13MiB / 7.598GiB
baldia_mart_cache: CPU 0.63%, Mem 10.9MiB / 7.598GiB
PG Connections: 6
Redis Commands: 136876
---
[2026-05-02T23:55:21.020Z] 
baldia_mart_admin: CPU 0.00%, Mem 51.13MiB / 7.598GiB
baldia_mart_cache: CPU 0.73%, Mem 11.15MiB / 7.598GiB
PG Connections: 6
Redis Commands: 136877
---
[2026-05-02T23:56:20.696Z] 
baldia_mart_admin: CPU 0.00%, Mem 51.13MiB / 7.598GiB
baldia_mart_cache: CPU 0.97%, Mem 11.15MiB / 7.598GiB
PG Connections: 6
Redis Commands: 136878
---
[2026-05-02T23:57:20.582Z] 
baldia_mart_admin: CPU 0.00%, Mem 51.13MiB / 7.598GiB
baldia_mart_cache: CPU 1.00%, Mem 11.15MiB / 7.598GiB
PG Connections: 6
Redis Commands: 136879
---
[2026-05-02T23:58:20.648Z] 
baldia_mart_admin: CPU 0.00%, Mem 51.13MiB / 7.598GiB
baldia_mart_cache: CPU 0.73%, Mem 11.15MiB / 7.598GiB
PG Connections: 6
Redis Commands: 136880
---
[2026-05-02T23:59:20.947Z] 
baldia_mart_admin: CPU 0.00%, Mem 51.13MiB / 7.598GiB
baldia_mart_cache: CPU 0.69%, Mem 10.9MiB / 7.598GiB
PG Connections: 6
Redis Commands: 136881
---
[2026-05-03T00:00:20.731Z] 
baldia_mart_admin: CPU 0.00%, Mem 51.13MiB / 7.598GiB
baldia_mart_cache: CPU 0.77%, Mem 10.9MiB / 7.598GiB
PG Connections: 6
Redis Commands: 136882
---
[2026-05-03T00:01:20.704Z] 
baldia_mart_admin: CPU 0.00%, Mem 51.13MiB / 7.598GiB
baldia_mart_cache: CPU 0.69%, Mem 11.16MiB / 7.598GiB
PG Connections: 6
Redis Commands: 136883
---
[2026-05-03T00:02:20.762Z] 
baldia_mart_admin: CPU 0.00%, Mem 51.13MiB / 7.598GiB
baldia_mart_cache: CPU 0.69%, Mem 11.15MiB / 7.598GiB
PG Connections: 6
Redis Commands: 136884
---
[2026-05-03T00:03:20.733Z] 
baldia_mart_admin: CPU 0.00%, Mem 51.13MiB / 7.598GiB
baldia_mart_cache: CPU 0.75%, Mem 11.15MiB / 7.598GiB
PG Connections: 6
Redis Commands: 136885
---
[2026-05-03T00:04:20.739Z] 
baldia_mart_admin: CPU 0.00%, Mem 51.13MiB / 7.598GiB
baldia_mart_cache: CPU 0.77%, Mem 11.15MiB / 7.598GiB
PG Connections: 6
Redis Commands: 136886
---
[2026-05-03T00:05:20.796Z] 
baldia_mart_admin: CPU 0.00%, Mem 51.13MiB / 7.598GiB
baldia_mart_cache: CPU 0.57%, Mem 11.15MiB / 7.598GiB
PG Connections: 6
Redis Commands: 136887
---
[2026-05-03T00:06:20.132Z] 
baldia_mart_admin: CPU 0.00%, Mem 51.14MiB / 7.598GiB
baldia_mart_cache: CPU 0.63%, Mem 11.15MiB / 7.598GiB
PG Connections: 6
Redis Commands: 136888
---
[2026-05-03T00:07:20.739Z] 
baldia_mart_admin: CPU 0.00%, Mem 51.14MiB / 7.598GiB
baldia_mart_cache: CPU 0.65%, Mem 11.15MiB / 7.598GiB
PG Connections: 6
Redis Commands: 136889
---
[2026-05-03T00:08:20.711Z] 
baldia_mart_admin: CPU 0.00%, Mem 51.14MiB / 7.598GiB
baldia_mart_cache: CPU 0.75%, Mem 11.15MiB / 7.598GiB
PG Connections: 6
Redis Commands: 136890
---
[2026-05-03T00:09:20.729Z] 
baldia_mart_admin: CPU 0.00%, Mem 51.14MiB / 7.598GiB
baldia_mart_cache: CPU 0.78%, Mem 11.15MiB / 7.598GiB
PG Connections: 6
Redis Commands: 136891
---
[2026-05-03T00:10:20.790Z] 
baldia_mart_admin: CPU 0.00%, Mem 51.14MiB / 7.598GiB
baldia_mart_cache: CPU 0.59%, Mem 11.15MiB / 7.598GiB
PG Connections: 6
Redis Commands: 136892
---
[2026-05-03T00:11:20.771Z] 
baldia_mart_admin: CPU 0.00%, Mem 51.14MiB / 7.598GiB
baldia_mart_cache: CPU 0.79%, Mem 11.15MiB / 7.598GiB
PG Connections: 6
Redis Commands: 136893
---
[2026-05-03T00:12:20.823Z] 
baldia_mart_admin: CPU 0.00%, Mem 51.14MiB / 7.598GiB
baldia_mart_cache: CPU 0.66%, Mem 10.9MiB / 7.598GiB
PG Connections: 6
Redis Commands: 136894
---
[2026-05-03T00:13:20.807Z] 
baldia_mart_admin: CPU 0.00%, Mem 51.14MiB / 7.598GiB
baldia_mart_cache: CPU 0.78%, Mem 10.9MiB / 7.598GiB
PG Connections: 6
Redis Commands: 136895
---
[2026-05-03T00:14:20.603Z] 
baldia_mart_admin: CPU 0.00%, Mem 51.14MiB / 7.598GiB
baldia_mart_cache: CPU 0.42%, Mem 11.15MiB / 7.598GiB
PG Connections: 6
Redis Commands: 136896
---
[2026-05-03T00:15:20.784Z] 
baldia_mart_admin: CPU 0.00%, Mem 51.14MiB / 7.598GiB
baldia_mart_cache: CPU 0.43%, Mem 10.9MiB / 7.598GiB
PG Connections: 6
Redis Commands: 136897
---
[2026-05-03T00:16:19.644Z] 
baldia_mart_admin: CPU 0.00%, Mem 51.14MiB / 7.598GiB
baldia_mart_cache: CPU 0.43%, Mem 10.9MiB / 7.598GiB
PG Connections: 6
Redis Commands: 136898
---
[2026-05-03T00:17:20.608Z] 
baldia_mart_admin: CPU 0.00%, Mem 51.14MiB / 7.598GiB
baldia_mart_cache: CPU 0.38%, Mem 11.15MiB / 7.598GiB
PG Connections: 6
Redis Commands: 136899
---
[2026-05-03T00:18:20.641Z] 
baldia_mart_admin: CPU 0.00%, Mem 51.14MiB / 7.598GiB
baldia_mart_cache: CPU 0.46%, Mem 11.15MiB / 7.598GiB
PG Connections: 6
Redis Commands: 136900
---
[2026-05-03T00:19:20.719Z] 
baldia_mart_admin: CPU 0.00%, Mem 51.14MiB / 7.598GiB
baldia_mart_cache: CPU 0.40%, Mem 11.15MiB / 7.598GiB
PG Connections: 6
Redis Commands: 136901
---
[2026-05-03T00:20:20.988Z] 
baldia_mart_admin: CPU 0.00%, Mem 51.14MiB / 7.598GiB
baldia_mart_cache: CPU 0.40%, Mem 10.9MiB / 7.598GiB
PG Connections: 6
Redis Commands: 136902
---
[2026-05-03T00:21:20.703Z] 
baldia_mart_admin: CPU 0.00%, Mem 51.14MiB / 7.598GiB
baldia_mart_cache: CPU 0.38%, Mem 11.14MiB / 7.598GiB
PG Connections: 6
Redis Commands: 136903
---
[2026-05-03T00:22:20.676Z] 
baldia_mart_admin: CPU 0.00%, Mem 51.14MiB / 7.598GiB
baldia_mart_cache: CPU 0.45%, Mem 11.14MiB / 7.598GiB
PG Connections: 6
Redis Commands: 136904
---
[2026-05-03T00:23:20.675Z] 
baldia_mart_admin: CPU 0.00%, Mem 51.14MiB / 7.598GiB
baldia_mart_cache: CPU 0.40%, Mem 11.14MiB / 7.598GiB
PG Connections: 6
Redis Commands: 136905
---
[2026-05-03T00:24:19.692Z] 
baldia_mart_admin: CPU 0.00%, Mem 51.14MiB / 7.598GiB
baldia_mart_cache: CPU 0.43%, Mem 11.14MiB / 7.598GiB
PG Connections: 6
Redis Commands: 136906
---
[2026-05-03T00:25:19.666Z] 
baldia_mart_admin: CPU 0.00%, Mem 51.14MiB / 7.598GiB
baldia_mart_cache: CPU 0.44%, Mem 10.89MiB / 7.598GiB
PG Connections: 6
Redis Commands: 136907
---
[2026-05-03T00:26:20.633Z] 
baldia_mart_admin: CPU 0.00%, Mem 51.15MiB / 7.598GiB
baldia_mart_cache: CPU 0.41%, Mem 11.14MiB / 7.598GiB
PG Connections: 6
Redis Commands: 136908
---
[2026-05-03T00:27:20.669Z] 
baldia_mart_admin: CPU 0.00%, Mem 51.15MiB / 7.598GiB
baldia_mart_cache: CPU 0.45%, Mem 11.13MiB / 7.598GiB
PG Connections: 6
Redis Commands: 136909
---
[2026-05-03T00:28:20.645Z] 
baldia_mart_admin: CPU 0.00%, Mem 51.15MiB / 7.598GiB
baldia_mart_cache: CPU 0.44%, Mem 11.13MiB / 7.598GiB
PG Connections: 6
Redis Commands: 136910
---
[2026-05-03T00:29:20.701Z] 
baldia_mart_admin: CPU 0.00%, Mem 51.15MiB / 7.598GiB
baldia_mart_cache: CPU 0.45%, Mem 11.13MiB / 7.598GiB
PG Connections: 6
Redis Commands: 136911
---
[2026-05-03T00:30:19.661Z] 
baldia_mart_admin: CPU 0.00%, Mem 51.15MiB / 7.598GiB
baldia_mart_cache: CPU 0.47%, Mem 11.13MiB / 7.598GiB
PG Connections: 6
Redis Commands: 136912
---
[2026-05-03T00:31:19.665Z] 
baldia_mart_admin: CPU 0.00%, Mem 51.15MiB / 7.598GiB
baldia_mart_cache: CPU 0.39%, Mem 10.88MiB / 7.598GiB
PG Connections: 6
Redis Commands: 136913
---
[2026-05-03T00:32:20.687Z] 
baldia_mart_admin: CPU 0.00%, Mem 51.15MiB / 7.598GiB
baldia_mart_cache: CPU 0.44%, Mem 11.13MiB / 7.598GiB
PG Connections: 6
Redis Commands: 136914
---
[2026-05-03T00:33:20.995Z] 
baldia_mart_admin: CPU 0.00%, Mem 51.15MiB / 7.598GiB
baldia_mart_cache: CPU 0.44%, Mem 11.13MiB / 7.598GiB
PG Connections: 6
Redis Commands: 136915
---
[2026-05-03T00:34:20.934Z] 
baldia_mart_admin: CPU 0.00%, Mem 51.15MiB / 7.598GiB
baldia_mart_cache: CPU 0.40%, Mem 11.13MiB / 7.598GiB
PG Connections: 6
Redis Commands: 136916
---
[2026-05-03T00:35:20.702Z] 
baldia_mart_admin: CPU 0.00%, Mem 51.15MiB / 7.598GiB
baldia_mart_cache: CPU 0.41%, Mem 11.13MiB / 7.598GiB
PG Connections: 6
Redis Commands: 136917
---
[2026-05-03T00:36:20.681Z] 
baldia_mart_admin: CPU 0.00%, Mem 51.15MiB / 7.598GiB
baldia_mart_cache: CPU 0.40%, Mem 10.88MiB / 7.598GiB
PG Connections: 6
Redis Commands: 136918
---
[2026-05-03T00:37:20.691Z] 
baldia_mart_admin: CPU 0.00%, Mem 51.15MiB / 7.598GiB
baldia_mart_cache: CPU 0.47%, Mem 11.13MiB / 7.598GiB
PG Connections: 6
Redis Commands: 136919
---
[2026-05-03T00:38:20.893Z] 
baldia_mart_admin: CPU 0.00%, Mem 51.15MiB / 7.598GiB
baldia_mart_cache: CPU 0.41%, Mem 10.88MiB / 7.598GiB
PG Connections: 6
Redis Commands: 136920
---
[2026-05-03T00:39:20.788Z] 
baldia_mart_admin: CPU 0.00%, Mem 51.15MiB / 7.598GiB
baldia_mart_cache: CPU 0.44%, Mem 11.13MiB / 7.598GiB
PG Connections: 6
Redis Commands: 136921
---
[2026-05-03T00:40:20.756Z] 
baldia_mart_admin: CPU 0.00%, Mem 51.16MiB / 7.598GiB
baldia_mart_cache: CPU 0.43%, Mem 11.13MiB / 7.598GiB
PG Connections: 6
Redis Commands: 136922
---
[2026-05-03T00:41:20.690Z] 
baldia_mart_admin: CPU 0.00%, Mem 51.16MiB / 7.598GiB
baldia_mart_cache: CPU 0.47%, Mem 11.13MiB / 7.598GiB
PG Connections: 6
Redis Commands: 136923
---
[2026-05-03T00:42:20.713Z] 
baldia_mart_admin: CPU 0.00%, Mem 51.16MiB / 7.598GiB
baldia_mart_cache: CPU 0.42%, Mem 10.88MiB / 7.598GiB
PG Connections: 6
Redis Commands: 136924
---
[2026-05-03T00:43:19.781Z] 
baldia_mart_admin: CPU 0.00%, Mem 51.16MiB / 7.598GiB
baldia_mart_cache: CPU 0.42%, Mem 11.13MiB / 7.598GiB
PG Connections: 6
Redis Commands: 136925
---
[2026-05-03T00:44:20.777Z] 
baldia_mart_admin: CPU 0.00%, Mem 51.16MiB / 7.598GiB
baldia_mart_cache: CPU 0.45%, Mem 11.13MiB / 7.598GiB
PG Connections: 6
Redis Commands: 136926
---
[2026-05-03T00:45:20.921Z] 
baldia_mart_admin: CPU 0.00%, Mem 51.16MiB / 7.598GiB
baldia_mart_cache: CPU 0.49%, Mem 11.13MiB / 7.598GiB
PG Connections: 6
Redis Commands: 136927
---
[2026-05-03T00:46:19.743Z] 
baldia_mart_admin: CPU 0.00%, Mem 51.16MiB / 7.598GiB
baldia_mart_cache: CPU 0.40%, Mem 10.88MiB / 7.598GiB
PG Connections: 6
Redis Commands: 136928
---
[2026-05-03T00:47:20.759Z] 
baldia_mart_admin: CPU 0.00%, Mem 51.16MiB / 7.598GiB
baldia_mart_cache: CPU 0.42%, Mem 11.12MiB / 7.598GiB
PG Connections: 6
Redis Commands: 136929
---
[2026-05-03T00:48:20.816Z] 
baldia_mart_admin: CPU 0.00%, Mem 51.16MiB / 7.598GiB
baldia_mart_cache: CPU 0.43%, Mem 11.12MiB / 7.598GiB
PG Connections: 6
Redis Commands: 136930
---
[2026-05-03T00:49:20.887Z] 
baldia_mart_admin: CPU 0.00%, Mem 51.16MiB / 7.598GiB
baldia_mart_cache: CPU 0.51%, Mem 11.12MiB / 7.598GiB
PG Connections: 6
Redis Commands: 136931
---
[2026-05-03T00:50:19.768Z] 
baldia_mart_admin: CPU 0.00%, Mem 51.16MiB / 7.598GiB
baldia_mart_cache: CPU 0.41%, Mem 11.12MiB / 7.598GiB
PG Connections: 6
Redis Commands: 136932
---
[2026-05-03T00:51:20.949Z] 
baldia_mart_admin: CPU 0.00%, Mem 51.16MiB / 7.598GiB
baldia_mart_cache: CPU 0.41%, Mem 11.12MiB / 7.598GiB
PG Connections: 6
Redis Commands: 136933
---
[2026-05-03T00:52:20.747Z] 
baldia_mart_admin: CPU 0.00%, Mem 51.16MiB / 7.598GiB
baldia_mart_cache: CPU 0.45%, Mem 11.12MiB / 7.598GiB
PG Connections: 6
Redis Commands: 136934
---
[2026-05-03T00:53:20.783Z] 
baldia_mart_admin: CPU 0.00%, Mem 51.16MiB / 7.598GiB
baldia_mart_cache: CPU 0.43%, Mem 10.88MiB / 7.598GiB
PG Connections: 6
Redis Commands: 136935
---
[2026-05-03T00:54:20.832Z] 
baldia_mart_admin: CPU 0.00%, Mem 51.16MiB / 7.598GiB
baldia_mart_cache: CPU 0.45%, Mem 11.12MiB / 7.598GiB
PG Connections: 6
Redis Commands: 136936
---
[2026-05-03T00:55:19.800Z] 
baldia_mart_admin: CPU 0.00%, Mem 51.16MiB / 7.598GiB
baldia_mart_cache: CPU 0.41%, Mem 11.12MiB / 7.598GiB
PG Connections: 6
Redis Commands: 136937
---
[2026-05-03T00:56:19.940Z] 
baldia_mart_admin: CPU 0.00%, Mem 51.16MiB / 7.598GiB
baldia_mart_cache: CPU 0.43%, Mem 11.12MiB / 7.598GiB
PG Connections: 6
Redis Commands: 136938
---
[2026-05-03T00:57:20.840Z] 
baldia_mart_admin: CPU 0.00%, Mem 51.16MiB / 7.598GiB
baldia_mart_cache: CPU 0.41%, Mem 11.12MiB / 7.598GiB
PG Connections: 6
Redis Commands: 136939
---
[2026-05-03T00:58:20.997Z] 
baldia_mart_admin: CPU 0.00%, Mem 51.16MiB / 7.598GiB
baldia_mart_cache: CPU 0.41%, Mem 11.12MiB / 7.598GiB
PG Connections: 6
Redis Commands: 136940
---
[2026-05-03T00:59:20.932Z] 
baldia_mart_admin: CPU 0.00%, Mem 51.16MiB / 7.598GiB
baldia_mart_cache: CPU 0.46%, Mem 11.12MiB / 7.598GiB
PG Connections: 6
Redis Commands: 136941
---
[2026-05-03T01:00:21.435Z] 
baldia_mart_admin: CPU 0.00%, Mem 51.17MiB / 7.598GiB
baldia_mart_cache: CPU 1.19%, Mem 10.88MiB / 7.598GiB
PG Connections: 6
Redis Commands: 136942
---
[2026-05-03T01:01:21.713Z] 
baldia_mart_admin: CPU 0.00%, Mem 51.17MiB / 7.598GiB
baldia_mart_cache: CPU 0.95%, Mem 10.88MiB / 7.598GiB
PG Connections: 6
Redis Commands: 136943
---
[2026-05-03T01:02:21.607Z] 
baldia_mart_admin: CPU 0.00%, Mem 51.17MiB / 7.598GiB
baldia_mart_cache: CPU 0.97%, Mem 11.12MiB / 7.598GiB
PG Connections: 6
Redis Commands: 136944
---
[2026-05-03T01:03:21.235Z] 
baldia_mart_admin: CPU 0.00%, Mem 51.17MiB / 7.598GiB
baldia_mart_cache: CPU 0.85%, Mem 10.88MiB / 7.598GiB
PG Connections: 6
Redis Commands: 136945
---
[2026-05-03T01:04:21.299Z] 
baldia_mart_admin: CPU 0.00%, Mem 51.17MiB / 7.598GiB
baldia_mart_cache: CPU 0.94%, Mem 11.12MiB / 7.598GiB
PG Connections: 6
Redis Commands: 136946
---
[2026-05-03T01:05:21.513Z] 
baldia_mart_admin: CPU 0.00%, Mem 51.17MiB / 7.598GiB
baldia_mart_cache: CPU 0.89%, Mem 10.88MiB / 7.598GiB
PG Connections: 6
Redis Commands: 136947
---
[2026-05-03T01:06:21.470Z] 
baldia_mart_admin: CPU 0.00%, Mem 51.17MiB / 7.598GiB
baldia_mart_cache: CPU 0.87%, Mem 11.12MiB / 7.598GiB
PG Connections: 6
Redis Commands: 136948
---
[2026-05-03T01:07:20.358Z] 
baldia_mart_admin: CPU 0.00%, Mem 51.17MiB / 7.598GiB
baldia_mart_cache: CPU 0.86%, Mem 11.12MiB / 7.598GiB
PG Connections: 6
Redis Commands: 136949
---
[2026-05-03T01:08:21.345Z] 
baldia_mart_admin: CPU 0.00%, Mem 51.17MiB / 7.598GiB
baldia_mart_cache: CPU 0.89%, Mem 11.12MiB / 7.598GiB
PG Connections: 6
Redis Commands: 136950
---
[2026-05-03T01:09:20.311Z] 
baldia_mart_admin: CPU 0.00%, Mem 51.17MiB / 7.598GiB
baldia_mart_cache: CPU 0.99%, Mem 11.12MiB / 7.598GiB
PG Connections: 6
Redis Commands: 136951
---
[2026-05-03T01:10:21.379Z] 
baldia_mart_admin: CPU 0.00%, Mem 51.17MiB / 7.598GiB
baldia_mart_cache: CPU 0.94%, Mem 11.12MiB / 7.598GiB
PG Connections: 6
Redis Commands: 136952
---
[2026-05-03T01:11:21.423Z] 
baldia_mart_admin: CPU 0.00%, Mem 51.17MiB / 7.598GiB
baldia_mart_cache: CPU 1.01%, Mem 11.12MiB / 7.598GiB
PG Connections: 6
Redis Commands: 136953
---
[2026-05-03T01:12:21.424Z] 
baldia_mart_admin: CPU 0.00%, Mem 51.17MiB / 7.598GiB
baldia_mart_cache: CPU 0.92%, Mem 10.88MiB / 7.598GiB
PG Connections: 6
Redis Commands: 136954
---
[2026-05-03T01:13:21.351Z] 
baldia_mart_admin: CPU 0.00%, Mem 51.17MiB / 7.598GiB
baldia_mart_cache: CPU 0.88%, Mem 11.12MiB / 7.598GiB
PG Connections: 6
Redis Commands: 136955
---
[2026-05-03T01:14:21.615Z] 
baldia_mart_admin: CPU 0.00%, Mem 51.18MiB / 7.598GiB
baldia_mart_cache: CPU 1.07%, Mem 11.12MiB / 7.598GiB
PG Connections: 6
Redis Commands: 136956
---
[2026-05-03T06:44:39.573Z] 
baldia_mart_admin: CPU 0.00%, Mem 51.18MiB / 7.598GiB
baldia_mart_cache: CPU 2.44%, Mem 11.12MiB / 7.598GiB
PG Connections: 7
Redis Commands: 136957
---
[2026-05-03T06:44:41.455Z] 
baldia_mart_admin: CPU 0.00%, Mem 51.18MiB / 7.598GiB
baldia_mart_cache: CPU 2.54%, Mem 10.88MiB / 7.598GiB
PG Connections: 6
Redis Commands: 136958
---
[2026-05-03T06:45:33.591Z] 
baldia_mart_admin: CPU 0.00%, Mem 51.18MiB / 7.598GiB
baldia_mart_cache: CPU 2.14%, Mem 11.12MiB / 7.598GiB
PG Connections: 6
Redis Commands: 136959
---
[2026-05-03T06:46:33.699Z] 
baldia_mart_admin: CPU 0.00%, Mem 51.18MiB / 7.598GiB
baldia_mart_cache: CPU 2.44%, Mem 10.88MiB / 7.598GiB
PG Connections: 6
Redis Commands: 136960
---
[2026-05-03T06:47:31.853Z] 
baldia_mart_admin: CPU 0.00%, Mem 51.18MiB / 7.598GiB
baldia_mart_cache: CPU 2.34%, Mem 11.12MiB / 7.598GiB
PG Connections: 6
Redis Commands: 136961
---
[2026-05-03T06:48:31.400Z] 
baldia_mart_admin: CPU 0.00%, Mem 51.18MiB / 7.598GiB
baldia_mart_cache: CPU 1.77%, Mem 11.14MiB / 7.598GiB
PG Connections: 6
Redis Commands: 136962
---
[2026-05-03T06:49:31.169Z] 
baldia_mart_admin: CPU 0.00%, Mem 51.18MiB / 7.598GiB
baldia_mart_cache: CPU 1.74%, Mem 11.14MiB / 7.598GiB
PG Connections: 6
Redis Commands: 136963
---
[2026-05-03T06:50:29.713Z] 
baldia_mart_admin: CPU 0.00%, Mem 51.18MiB / 7.598GiB
baldia_mart_cache: CPU 1.52%, Mem 11.14MiB / 7.598GiB
PG Connections: 6
Redis Commands: 136964
---
[2026-05-03T06:51:31.641Z] 
baldia_mart_admin: CPU 0.00%, Mem 51.18MiB / 7.598GiB
baldia_mart_cache: CPU 1.95%, Mem 10.89MiB / 7.598GiB
PG Connections: 6
Redis Commands: 136965
---
[2026-05-03T06:52:30.961Z] 
baldia_mart_admin: CPU 0.00%, Mem 51.18MiB / 7.598GiB
baldia_mart_cache: CPU 2.04%, Mem 11.14MiB / 7.598GiB
PG Connections: 6
Redis Commands: 136966
---
[2026-05-03T06:53:30.315Z] 
baldia_mart_admin: CPU 0.00%, Mem 51.18MiB / 7.598GiB
baldia_mart_cache: CPU 1.79%, Mem 11.14MiB / 7.598GiB
PG Connections: 6
Redis Commands: 136967
---
[2026-05-03T06:54:30.837Z] 
baldia_mart_admin: CPU 0.00%, Mem 51.18MiB / 7.598GiB
baldia_mart_cache: CPU 1.94%, Mem 11.14MiB / 7.598GiB
PG Connections: 6
Redis Commands: 136968
---
[2026-05-03T06:55:30.948Z] 
baldia_mart_admin: CPU 0.00%, Mem 51.18MiB / 7.598GiB
baldia_mart_cache: CPU 1.51%, Mem 11.14MiB / 7.598GiB
PG Connections: 6
Redis Commands: 136969
---
[2026-05-03T06:56:30.895Z] 
baldia_mart_admin: CPU 0.00%, Mem 51.18MiB / 7.598GiB
baldia_mart_cache: CPU 1.50%, Mem 10.89MiB / 7.598GiB
PG Connections: 6
Redis Commands: 136970
---
[2026-05-03T06:57:30.780Z] 
baldia_mart_admin: CPU 0.00%, Mem 51.18MiB / 7.598GiB
baldia_mart_cache: CPU 2.07%, Mem 11.14MiB / 7.598GiB
PG Connections: 6
Redis Commands: 136971
---
[2026-05-03T06:58:30.844Z] 
baldia_mart_admin: CPU 0.00%, Mem 51.18MiB / 7.598GiB
baldia_mart_cache: CPU 1.60%, Mem 11.37MiB / 7.598GiB
PG Connections: 6
Redis Commands: 136972
---
[2026-05-03T06:59:31.174Z] 
baldia_mart_admin: CPU 0.00%, Mem 51.18MiB / 7.598GiB
baldia_mart_cache: CPU 1.97%, Mem 11.12MiB / 7.598GiB
PG Connections: 6
Redis Commands: 136973
---
[2026-05-03T07:00:31.049Z] 
baldia_mart_admin: CPU 0.00%, Mem 51.18MiB / 7.598GiB
baldia_mart_cache: CPU 2.25%, Mem 11.12MiB / 7.598GiB
PG Connections: 6
Redis Commands: 136974
---
[2026-05-03T07:01:29.919Z] 
baldia_mart_admin: CPU 0.00%, Mem 51.18MiB / 7.598GiB
baldia_mart_cache: CPU 1.12%, Mem 11.12MiB / 7.598GiB
PG Connections: 6
Redis Commands: 136975
---
[2026-05-03T07:02:29.836Z] 
baldia_mart_admin: CPU 0.00%, Mem 51.19MiB / 7.598GiB
baldia_mart_cache: CPU 0.95%, Mem 11.12MiB / 7.598GiB
PG Connections: 6
Redis Commands: 136976
---
[2026-05-03T07:03:29.902Z] 
baldia_mart_admin: CPU 0.00%, Mem 51.19MiB / 7.598GiB
baldia_mart_cache: CPU 0.92%, Mem 11.12MiB / 7.598GiB
PG Connections: 6
Redis Commands: 136977
---
[2026-05-03T07:04:30.029Z] 
baldia_mart_admin: CPU 0.00%, Mem 51.19MiB / 7.598GiB
baldia_mart_cache: CPU 0.93%, Mem 11.37MiB / 7.598GiB
PG Connections: 6
Redis Commands: 136978
---
[2026-05-03T07:05:29.969Z] 
baldia_mart_admin: CPU 0.00%, Mem 51.19MiB / 7.598GiB
baldia_mart_cache: CPU 1.07%, Mem 10.87MiB / 7.598GiB
PG Connections: 6
Redis Commands: 136979
---
[2026-05-03T07:06:30.199Z] 
baldia_mart_admin: CPU 0.00%, Mem 51.19MiB / 7.598GiB
baldia_mart_cache: CPU 0.97%, Mem 11.12MiB / 7.598GiB
PG Connections: 6
Redis Commands: 136980
---
[2026-05-03T07:07:30.179Z] 
baldia_mart_admin: CPU 0.00%, Mem 51.19MiB / 7.598GiB
baldia_mart_cache: CPU 1.12%, Mem 11.12MiB / 7.598GiB
PG Connections: 6
Redis Commands: 136981
---
[2026-05-03T07:08:30.350Z] 
baldia_mart_admin: CPU 0.00%, Mem 51.19MiB / 7.598GiB
baldia_mart_cache: CPU 1.07%, Mem 10.87MiB / 7.598GiB
PG Connections: 6
Redis Commands: 136982
---
[2026-05-03T07:09:30.476Z] 
baldia_mart_admin: CPU 0.00%, Mem 51.19MiB / 7.598GiB
baldia_mart_cache: CPU 1.04%, Mem 10.87MiB / 7.598GiB
PG Connections: 6
Redis Commands: 136983
---
[2026-05-03T07:10:30.553Z] 
baldia_mart_admin: CPU 0.00%, Mem 51.19MiB / 7.598GiB
baldia_mart_cache: CPU 1.19%, Mem 11.12MiB / 7.598GiB
PG Connections: 6
Redis Commands: 136984
---
[2026-05-03T07:11:29.454Z] 
baldia_mart_admin: CPU 0.00%, Mem 51.19MiB / 7.598GiB
baldia_mart_cache: CPU 1.06%, Mem 11.12MiB / 7.598GiB
PG Connections: 6
Redis Commands: 136985
---
[2026-05-03T07:12:30.625Z] 
baldia_mart_admin: CPU 0.00%, Mem 51.19MiB / 7.598GiB
baldia_mart_cache: CPU 1.17%, Mem 11.12MiB / 7.598GiB
PG Connections: 6
Redis Commands: 136986
---
[2026-05-03T07:13:32.512Z] 
baldia_mart_admin: CPU 0.00%, Mem 51.19MiB / 7.598GiB
baldia_mart_cache: CPU 1.36%, Mem 10.87MiB / 7.598GiB
PG Connections: 6
Redis Commands: 136987
---
[2026-05-03T07:14:30.742Z] 
baldia_mart_admin: CPU 0.00%, Mem 51.19MiB / 7.598GiB
baldia_mart_cache: CPU 1.56%, Mem 10.87MiB / 7.598GiB
PG Connections: 6
Redis Commands: 136988
---
[2026-05-03T07:15:32.940Z] 
baldia_mart_admin: CPU 0.00%, Mem 51.2MiB / 7.598GiB
baldia_mart_cache: CPU 1.49%, Mem 11.12MiB / 7.598GiB
PG Connections: 6
Redis Commands: 136989
---
[2026-05-03T07:16:30.027Z] 
baldia_mart_admin: CPU 0.00%, Mem 51.2MiB / 7.598GiB
baldia_mart_cache: CPU 0.59%, Mem 11.12MiB / 7.598GiB
PG Connections: 6
Redis Commands: 136990
---
[2026-05-03T07:17:30.648Z] 
baldia_mart_admin: CPU 0.00%, Mem 51.2MiB / 7.598GiB
baldia_mart_cache: CPU 1.07%, Mem 11.37MiB / 7.598GiB
PG Connections: 6
Redis Commands: 136991
---
[2026-05-03T07:18:30.867Z] 
baldia_mart_admin: CPU 0.00%, Mem 51.2MiB / 7.598GiB
baldia_mart_cache: CPU 1.32%, Mem 10.87MiB / 7.598GiB
PG Connections: 6
Redis Commands: 136992
---
[2026-05-03T07:19:30.145Z] 
baldia_mart_admin: CPU 0.00%, Mem 51.2MiB / 7.598GiB
baldia_mart_cache: CPU 0.90%, Mem 11.12MiB / 7.598GiB
PG Connections: 6
Redis Commands: 136993
---
[2026-05-03T07:20:30.203Z] 
baldia_mart_admin: CPU 0.00%, Mem 51.2MiB / 7.598GiB
baldia_mart_cache: CPU 1.22%, Mem 11.37MiB / 7.598GiB
PG Connections: 6
Redis Commands: 136994
---
[2026-05-03T07:21:33.416Z] 
baldia_mart_api: CPU 121.03%, Mem 82.35MiB / 7.598GiB
baldia_mart_admin: CPU 0.00%, Mem 51.18MiB / 7.598GiB
baldia_mart_cache: CPU 1.98%, Mem 11.39MiB / 7.598GiB
PG Connections: 6
Redis Commands: 136995
---
[2026-05-03T07:22:31.143Z] 
baldia_mart_api: CPU 210.07%, Mem 386MiB / 7.598GiB
baldia_mart_admin: CPU 0.00%, Mem 51.18MiB / 7.598GiB
baldia_mart_cache: CPU 29.65%, Mem 10.96MiB / 7.598GiB
PG Connections: 7
Redis Commands: 149941
---
[2026-05-03T07:23:35.328Z] 
baldia_mart_api: CPU 164.23%, Mem 1009MiB / 7.598GiB
baldia_mart_admin: CPU 0.00%, Mem 51.17MiB / 7.598GiB
baldia_mart_cache: CPU 1.89%, Mem 10.75MiB / 7.598GiB
PG Connections: 7
Redis Commands: 217096
---
[2026-05-03T07:24:32.437Z] 
baldia_mart_api: CPU 126.64%, Mem 1.692GiB / 7.598GiB
baldia_mart_admin: CPU 0.00%, Mem 51.16MiB / 7.598GiB
baldia_mart_cache: CPU 2.16%, Mem 10.8MiB / 7.598GiB
PG Connections: 7
Redis Commands: 223242
---
[2026-05-03T07:25:31.191Z] 
baldia_mart_api: CPU 386.62%, Mem 2.176GiB / 7.598GiB
baldia_mart_admin: CPU 0.00%, Mem 51.15MiB / 7.598GiB
baldia_mart_cache: CPU 1.23%, Mem 10.86MiB / 7.598GiB
PG Connections: 7
Redis Commands: 224267
---
[2026-05-03T07:26:30.149Z] 
baldia_mart_admin: CPU 0.00%, Mem 51.15MiB / 7.598GiB
baldia_mart_cache: CPU 0.79%, Mem 11.27MiB / 7.598GiB
PG Connections: 6
Redis Commands: 224268
---
[2026-05-03T07:27:31.924Z] 
baldia_mart_admin: CPU 105.26%, Mem 51.19MiB / 7.598GiB
baldia_mart_cache: CPU 1.08%, Mem 11.27MiB / 7.598GiB
PG Connections: 6
Redis Commands: 224269
---
[2026-05-03T07:28:30.953Z] 
baldia_mart_admin: CPU 0.00%, Mem 51.88MiB / 7.598GiB
baldia_mart_cache: CPU 0.79%, Mem 11.02MiB / 7.598GiB
PG Connections: 6
Redis Commands: 224270
---
[2026-05-03T07:29:30.848Z] 
baldia_mart_admin: CPU 0.00%, Mem 52.18MiB / 7.598GiB
baldia_mart_cache: CPU 0.94%, Mem 11.02MiB / 7.598GiB
PG Connections: 6
Redis Commands: 224271
---
[2026-05-03T07:30:31.083Z] 
baldia_mart_admin: CPU 0.00%, Mem 52.18MiB / 7.598GiB
baldia_mart_cache: CPU 1.28%, Mem 11.02MiB / 7.598GiB
PG Connections: 6
Redis Commands: 224272
---
[2026-05-03T07:31:29.626Z] 
baldia_mart_admin: CPU 0.00%, Mem 52.19MiB / 7.598GiB
baldia_mart_cache: CPU 1.72%, Mem 11.27MiB / 7.598GiB
PG Connections: 6
Redis Commands: 224273
---
[2026-05-03T07:32:30.526Z] 
baldia_mart_admin: CPU 0.00%, Mem 52.19MiB / 7.598GiB
baldia_mart_cache: CPU 1.16%, Mem 11.02MiB / 7.598GiB
PG Connections: 6
Redis Commands: 224274
---
[2026-05-03T07:33:31.568Z] 
baldia_mart_api: CPU 98.03%, Mem 140.3MiB / 7.598GiB
baldia_mart_admin: CPU 0.00%, Mem 52.19MiB / 7.598GiB
baldia_mart_cache: CPU 1.14%, Mem 11.27MiB / 7.598GiB
PG Connections: 6
Redis Commands: 224275
---
[2026-05-03T07:34:30.517Z] 
baldia_mart_api: CPU 162.74%, Mem 824.3MiB / 7.598GiB
baldia_mart_admin: CPU 0.00%, Mem 52.16MiB / 7.598GiB
baldia_mart_cache: CPU 12.23%, Mem 11.05MiB / 7.598GiB
PG Connections: 7
Redis Commands: 296760
---
[2026-05-03T07:35:30.606Z] 
baldia_mart_api: CPU 180.14%, Mem 1.801GiB / 7.598GiB
baldia_mart_admin: CPU 0.00%, Mem 51.95MiB / 7.598GiB
baldia_mart_cache: CPU 1.03%, Mem 10.71MiB / 7.598GiB
PG Connections: 7
Redis Commands: 329328
---
[2026-05-03T07:36:31.123Z] 
baldia_mart_api: CPU 103.17%, Mem 1.857GiB / 7.598GiB
baldia_mart_admin: CPU 0.00%, Mem 51.77MiB / 7.598GiB
baldia_mart_cache: CPU 3.04%, Mem 9.676MiB / 7.598GiB
PG Connections: 86
Redis Commands: 333827
---
[2026-05-03T07:37:31.564Z] 
baldia_mart_api: CPU 107.77%, Mem 1.901GiB / 7.598GiB
baldia_mart_admin: CPU 0.00%, Mem 51.71MiB / 7.598GiB
baldia_mart_cache: CPU 2.45%, Mem 9.691MiB / 7.598GiB
PG Connections: 86
Redis Commands: 335927
---
[2026-05-03T07:38:31.913Z] 
baldia_mart_api: CPU 104.35%, Mem 1.354GiB / 7.598GiB
baldia_mart_admin: CPU 0.00%, Mem 51.5MiB / 7.598GiB
baldia_mart_cache: CPU 2.71%, Mem 10.02MiB / 7.598GiB
PG Connections: 86
Redis Commands: 338112
---
[2026-05-03T07:39:31.271Z] 
baldia_mart_api: CPU 162.35%, Mem 183MiB / 7.598GiB
baldia_mart_admin: CPU 0.00%, Mem 51.59MiB / 7.598GiB
baldia_mart_cache: CPU 2.21%, Mem 10.45MiB / 7.598GiB
PG Connections: 19
Redis Commands: 339460
---
[2026-05-03T07:40:30.405Z] 
baldia_mart_api: CPU 21.48%, Mem 285.5MiB / 7.598GiB
baldia_mart_admin: CPU 0.00%, Mem 51.59MiB / 7.598GiB
baldia_mart_cache: CPU 0.93%, Mem 10.73MiB / 7.598GiB
PG Connections: 86
Redis Commands: 342909
---
[2026-05-03T07:41:30.275Z] 
baldia_mart_api: CPU 15.26%, Mem 264.7MiB / 7.598GiB
baldia_mart_admin: CPU 0.00%, Mem 51.59MiB / 7.598GiB
baldia_mart_cache: CPU 1.01%, Mem 10.47MiB / 7.598GiB
PG Connections: 86
Redis Commands: 345015
---
[2026-05-03T07:42:30.513Z] 
baldia_mart_api: CPU 43.00%, Mem 303.7MiB / 7.598GiB
baldia_mart_admin: CPU 0.00%, Mem 51.59MiB / 7.598GiB
baldia_mart_cache: CPU 1.20%, Mem 10.73MiB / 7.598GiB
PG Connections: 86
Redis Commands: 347121
---
[2026-05-03T07:43:30.399Z] 
baldia_mart_api: CPU 22.67%, Mem 342.3MiB / 7.598GiB
baldia_mart_admin: CPU 0.00%, Mem 51.59MiB / 7.598GiB
baldia_mart_cache: CPU 0.95%, Mem 10.73MiB / 7.598GiB
PG Connections: 86
Redis Commands: 349227
---
[2026-05-03T07:44:30.403Z] 
baldia_mart_api: CPU 9.77%, Mem 378.6MiB / 7.598GiB
baldia_mart_admin: CPU 0.00%, Mem 51.59MiB / 7.598GiB
baldia_mart_cache: CPU 0.96%, Mem 10.73MiB / 7.598GiB
PG Connections: 86
Redis Commands: 351325
---
[2026-05-03T07:45:30.438Z] 
baldia_mart_api: CPU 11.57%, Mem 419.2MiB / 7.598GiB
baldia_mart_admin: CPU 0.00%, Mem 51.59MiB / 7.598GiB
baldia_mart_cache: CPU 0.88%, Mem 10.72MiB / 7.598GiB
PG Connections: 86
Redis Commands: 353431
---
[2026-05-03T07:46:30.316Z] 
baldia_mart_api: CPU 15.26%, Mem 458.7MiB / 7.598GiB
baldia_mart_admin: CPU 0.00%, Mem 51.59MiB / 7.598GiB
baldia_mart_cache: CPU 2.19%, Mem 10.5MiB / 7.598GiB
PG Connections: 86
Redis Commands: 355537
---
[2026-05-03T07:47:30.474Z] 
baldia_mart_api: CPU 4.58%, Mem 497.7MiB / 7.598GiB
baldia_mart_admin: CPU 0.00%, Mem 51.59MiB / 7.598GiB
baldia_mart_cache: CPU 0.98%, Mem 10.74MiB / 7.598GiB
PG Connections: 86
Redis Commands: 357643
---
[2026-05-03T07:48:30.585Z] 
baldia_mart_api: CPU 5.27%, Mem 537MiB / 7.598GiB
baldia_mart_admin: CPU 0.00%, Mem 51.59MiB / 7.598GiB
baldia_mart_cache: CPU 0.89%, Mem 10.5MiB / 7.598GiB
PG Connections: 86
Redis Commands: 359749
---
[2026-05-03T07:49:30.530Z] 
baldia_mart_api: CPU 5.37%, Mem 573MiB / 7.598GiB
baldia_mart_admin: CPU 0.00%, Mem 51.59MiB / 7.598GiB
baldia_mart_cache: CPU 0.93%, Mem 10.75MiB / 7.598GiB
PG Connections: 86
Redis Commands: 361855
---
[2026-05-03T07:50:30.388Z] 
baldia_mart_api: CPU 6.60%, Mem 612.4MiB / 7.598GiB
baldia_mart_admin: CPU 0.00%, Mem 51.59MiB / 7.598GiB
baldia_mart_cache: CPU 0.93%, Mem 10.5MiB / 7.598GiB
PG Connections: 86
Redis Commands: 363853
---
[2026-05-03T07:51:30.548Z] 
baldia_mart_api: CPU 5.40%, Mem 654MiB / 7.598GiB
baldia_mart_admin: CPU 0.00%, Mem 51.59MiB / 7.598GiB
baldia_mart_cache: CPU 1.00%, Mem 10.75MiB / 7.598GiB
PG Connections: 86
Redis Commands: 366004
---
[2026-05-03T07:52:30.695Z] 
baldia_mart_api: CPU 8.03%, Mem 693.7MiB / 7.598GiB
baldia_mart_admin: CPU 0.00%, Mem 51.59MiB / 7.598GiB
baldia_mart_cache: CPU 1.04%, Mem 10.5MiB / 7.598GiB
PG Connections: 86
Redis Commands: 368088
---
[2026-05-03T07:53:30.655Z] 
baldia_mart_api: CPU 7.00%, Mem 730.8MiB / 7.598GiB
baldia_mart_admin: CPU 0.00%, Mem 51.59MiB / 7.598GiB
baldia_mart_cache: CPU 1.35%, Mem 10.75MiB / 7.598GiB
PG Connections: 86
Redis Commands: 370171
---
[2026-05-03T07:54:31.122Z] 
baldia_mart_admin: CPU 0.00%, Mem 51.59MiB / 7.598GiB
baldia_mart_cache: CPU 1.23%, Mem 10.74MiB / 7.598GiB
PG Connections: 6
Redis Commands: 371543
---
[2026-05-03T07:55:30.484Z] 
baldia_mart_api: CPU 8.04%, Mem 239.7MiB / 7.598GiB
baldia_mart_admin: CPU 0.00%, Mem 51.59MiB / 7.598GiB
baldia_mart_cache: CPU 0.92%, Mem 10.54MiB / 7.598GiB
PG Connections: 86
Redis Commands: 374414
---
[2026-05-03T07:56:30.507Z] 
baldia_mart_api: CPU 22.39%, Mem 287.3MiB / 7.598GiB
baldia_mart_admin: CPU 0.00%, Mem 51.59MiB / 7.598GiB
baldia_mart_cache: CPU 1.09%, Mem 10.8MiB / 7.598GiB
PG Connections: 86
Redis Commands: 377219
---
[2026-05-03T07:57:29.627Z] 
baldia_mart_api: CPU 26.44%, Mem 268.2MiB / 7.598GiB
baldia_mart_admin: CPU 0.00%, Mem 51.59MiB / 7.598GiB
baldia_mart_cache: CPU 2.69%, Mem 10.77MiB / 7.598GiB
PG Connections: 86
Redis Commands: 379325
---
[2026-05-03T07:58:29.543Z] 
baldia_mart_api: CPU 19.17%, Mem 317.6MiB / 7.598GiB
baldia_mart_admin: CPU 0.00%, Mem 51.6MiB / 7.598GiB
baldia_mart_cache: CPU 2.56%, Mem 10.51MiB / 7.598GiB
PG Connections: 86
Redis Commands: 381431
---
[2026-05-03T07:59:30.473Z] 
baldia_mart_api: CPU 4.55%, Mem 347.1MiB / 7.598GiB
baldia_mart_admin: CPU 0.00%, Mem 51.6MiB / 7.598GiB
baldia_mart_cache: CPU 0.98%, Mem 10.51MiB / 7.598GiB
PG Connections: 86
Redis Commands: 383537
---
[2026-05-03T08:00:29.819Z] 
baldia_mart_api: CPU 16.32%, Mem 394.4MiB / 7.598GiB
baldia_mart_admin: CPU 0.00%, Mem 51.6MiB / 7.598GiB
baldia_mart_cache: CPU 2.32%, Mem 10.51MiB / 7.598GiB
PG Connections: 86
Redis Commands: 385643
---
[2026-05-03T08:01:30.813Z] 
baldia_mart_api: CPU 45.56%, Mem 429.2MiB / 7.598GiB
baldia_mart_admin: CPU 0.00%, Mem 51.6MiB / 7.598GiB
baldia_mart_cache: CPU 5.32%, Mem 10.52MiB / 7.598GiB
PG Connections: 86
Redis Commands: 387749
---
[2026-05-03T08:02:29.316Z] 
baldia_mart_api: CPU 2.03%, Mem 460.5MiB / 7.598GiB
baldia_mart_admin: CPU 0.00%, Mem 51.6MiB / 7.598GiB
baldia_mart_cache: CPU 0.42%, Mem 10.76MiB / 7.598GiB
PG Connections: 86
Redis Commands: 389847
---
[2026-05-03T08:03:29.438Z] 
baldia_mart_api: CPU 1.47%, Mem 504.7MiB / 7.598GiB
baldia_mart_admin: CPU 0.00%, Mem 51.6MiB / 7.598GiB
baldia_mart_cache: CPU 0.42%, Mem 10.76MiB / 7.598GiB
PG Connections: 86
Redis Commands: 391958
---
[2026-05-03T08:04:29.567Z] 
baldia_mart_api: CPU 1.42%, Mem 538.1MiB / 7.598GiB
baldia_mart_admin: CPU 0.00%, Mem 51.6MiB / 7.598GiB
baldia_mart_cache: CPU 0.40%, Mem 10.51MiB / 7.598GiB
PG Connections: 86
Redis Commands: 394052
---
[2026-05-03T08:05:29.471Z] 
baldia_mart_api: CPU 1.76%, Mem 558.9MiB / 7.598GiB
baldia_mart_admin: CPU 0.00%, Mem 51.6MiB / 7.598GiB
baldia_mart_cache: CPU 0.40%, Mem 10.51MiB / 7.598GiB
PG Connections: 86
Redis Commands: 396070
---
[2026-05-03T08:06:29.530Z] 
baldia_mart_api: CPU 1.34%, Mem 620.7MiB / 7.598GiB
baldia_mart_admin: CPU 0.00%, Mem 51.6MiB / 7.598GiB
baldia_mart_cache: CPU 0.43%, Mem 10.51MiB / 7.598GiB
PG Connections: 86
Redis Commands: 398176
---
[2026-05-03T08:07:29.620Z] 
baldia_mart_api: CPU 215.49%, Mem 627.4MiB / 7.598GiB
baldia_mart_admin: CPU 0.00%, Mem 51.6MiB / 7.598GiB
baldia_mart_cache: CPU 0.62%, Mem 10.51MiB / 7.598GiB
PG Connections: 86
Redis Commands: 400282
---
[2026-05-03T08:08:29.830Z] 
baldia_mart_api: CPU 1.98%, Mem 700.8MiB / 7.598GiB
baldia_mart_admin: CPU 0.00%, Mem 51.6MiB / 7.598GiB
baldia_mart_cache: CPU 0.46%, Mem 10.51MiB / 7.598GiB
PG Connections: 86
Redis Commands: 402388
---
[2026-05-03T08:09:29.893Z] 
baldia_mart_api: CPU 0.23%, Mem 746.7MiB / 7.598GiB
baldia_mart_admin: CPU 0.00%, Mem 51.6MiB / 7.598GiB
baldia_mart_cache: CPU 0.48%, Mem 10.52MiB / 7.598GiB
PG Connections: 86
Redis Commands: 404494
---
[2026-05-03T08:10:29.882Z] 
baldia_mart_api: CPU 0.87%, Mem 780MiB / 7.598GiB
baldia_mart_admin: CPU 0.00%, Mem 51.6MiB / 7.598GiB
baldia_mart_cache: CPU 0.42%, Mem 10.52MiB / 7.598GiB
PG Connections: 86
Redis Commands: 406593
---
[2026-05-03T08:11:29.896Z] 
baldia_mart_api: CPU 0.16%, Mem 820.7MiB / 7.598GiB
baldia_mart_admin: CPU 0.00%, Mem 51.61MiB / 7.598GiB
baldia_mart_cache: CPU 0.43%, Mem 10.51MiB / 7.598GiB
PG Connections: 86
Redis Commands: 408698
---
[2026-05-03T08:12:29.947Z] 
baldia_mart_api: CPU 0.00%, Mem 840.3MiB / 7.598GiB
baldia_mart_admin: CPU 0.00%, Mem 51.61MiB / 7.598GiB
baldia_mart_cache: CPU 0.40%, Mem 10.51MiB / 7.598GiB
PG Connections: 86
Redis Commands: 410804
---
[2026-05-03T08:13:30.099Z] 
baldia_mart_api: CPU 0.00%, Mem 900MiB / 7.598GiB
baldia_mart_admin: CPU 0.00%, Mem 51.61MiB / 7.598GiB
baldia_mart_cache: CPU 0.47%, Mem 10.51MiB / 7.598GiB
PG Connections: 86
Redis Commands: 412910
---
[2026-05-03T08:14:30.155Z] 
baldia_mart_api: CPU 0.00%, Mem 941.2MiB / 7.598GiB
baldia_mart_admin: CPU 0.00%, Mem 51.61MiB / 7.598GiB
baldia_mart_cache: CPU 0.41%, Mem 10.76MiB / 7.598GiB
PG Connections: 86
Redis Commands: 415016
---
[2026-05-03T08:15:30.272Z] 
baldia_mart_api: CPU 0.55%, Mem 967.2MiB / 7.598GiB
baldia_mart_admin: CPU 0.00%, Mem 51.61MiB / 7.598GiB
baldia_mart_cache: CPU 0.39%, Mem 10.51MiB / 7.598GiB
PG Connections: 86
Redis Commands: 417127
---
[2026-05-03T08:16:30.431Z] 
baldia_mart_api: CPU 230.47%, Mem 1.001GiB / 7.598GiB
baldia_mart_admin: CPU 0.00%, Mem 51.61MiB / 7.598GiB
baldia_mart_cache: CPU 0.79%, Mem 10.51MiB / 7.598GiB
PG Connections: 86
Redis Commands: 419271
---
[2026-05-03T08:17:30.483Z] 
baldia_mart_api: CPU 3.76%, Mem 1.033GiB / 7.598GiB
baldia_mart_admin: CPU 0.00%, Mem 51.61MiB / 7.598GiB
baldia_mart_cache: CPU 0.57%, Mem 10.79MiB / 7.598GiB
PG Connections: 86
Redis Commands: 421446
---
[2026-05-03T08:18:30.087Z] 
baldia_mart_api: CPU 27.13%, Mem 1.085GiB / 7.598GiB
baldia_mart_admin: CPU 0.00%, Mem 51.61MiB / 7.598GiB
baldia_mart_cache: CPU 2.39%, Mem 10.75MiB / 7.598GiB
PG Connections: 86
Redis Commands: 423552
---
[2026-05-03T08:19:30.538Z] 
baldia_mart_api: CPU 42.17%, Mem 1.114GiB / 7.598GiB
baldia_mart_admin: CPU 0.00%, Mem 51.84MiB / 7.598GiB
baldia_mart_cache: CPU 4.22%, Mem 9.906MiB / 7.598GiB
PG Connections: 86
Redis Commands: 425650
---
[2026-05-03T08:20:32.193Z] 
baldia_mart_api: CPU 184.82%, Mem 174.8MiB / 7.598GiB
baldia_mart_admin: CPU 0.00%, Mem 51.84MiB / 7.598GiB
baldia_mart_cache: CPU 3.01%, Mem 10.24MiB / 7.598GiB
PG Connections: 7
Redis Commands: 426885
---
[2026-05-03T08:21:30.824Z] 
baldia_mart_api: CPU 14.10%, Mem 286.5MiB / 7.598GiB
baldia_mart_admin: CPU 0.00%, Mem 51.84MiB / 7.598GiB
baldia_mart_cache: CPU 1.90%, Mem 10.02MiB / 7.598GiB
PG Connections: 86
Redis Commands: 430514
---
[2026-05-03T08:22:30.540Z] 
baldia_mart_api: CPU 7.69%, Mem 241.3MiB / 7.598GiB
baldia_mart_admin: CPU 0.00%, Mem 51.84MiB / 7.598GiB
baldia_mart_cache: CPU 0.77%, Mem 10.02MiB / 7.598GiB
PG Connections: 86
Redis Commands: 432625
---
[2026-05-03T08:23:30.603Z] 
baldia_mart_api: CPU 14.53%, Mem 287.7MiB / 7.598GiB
baldia_mart_admin: CPU 0.00%, Mem 51.84MiB / 7.598GiB
baldia_mart_cache: CPU 0.88%, Mem 10.23MiB / 7.598GiB
PG Connections: 86
Redis Commands: 434736
---
[2026-05-03T08:24:30.715Z] 
baldia_mart_api: CPU 3.86%, Mem 309.7MiB / 7.598GiB
baldia_mart_admin: CPU 0.00%, Mem 51.84MiB / 7.598GiB
baldia_mart_cache: CPU 0.74%, Mem 10.23MiB / 7.598GiB
PG Connections: 86
Redis Commands: 436950
---
[2026-05-03T08:25:30.651Z] 
baldia_mart_api: CPU 7.94%, Mem 373.3MiB / 7.598GiB
baldia_mart_admin: CPU 0.00%, Mem 51.84MiB / 7.598GiB
baldia_mart_cache: CPU 0.72%, Mem 10.19MiB / 7.598GiB
PG Connections: 86
Redis Commands: 439164
---
[2026-05-03T08:26:30.677Z] 
baldia_mart_api: CPU 5.23%, Mem 408.7MiB / 7.598GiB
baldia_mart_admin: CPU 0.00%, Mem 51.84MiB / 7.598GiB
baldia_mart_cache: CPU 1.19%, Mem 10.2MiB / 7.598GiB
PG Connections: 86
Redis Commands: 441278
---
[2026-05-03T08:27:30.836Z] 
baldia_mart_api: CPU 104.43%, Mem 194.8MiB / 7.598GiB
baldia_mart_admin: CPU 0.00%, Mem 51.85MiB / 7.598GiB
baldia_mart_cache: CPU 5.01%, Mem 10.25MiB / 7.598GiB
PG Connections: 86
Redis Commands: 443581
---
[2026-05-03T08:28:30.496Z] 
baldia_mart_api: CPU 12.48%, Mem 204.9MiB / 7.598GiB
baldia_mart_admin: CPU 0.00%, Mem 51.85MiB / 7.598GiB
baldia_mart_cache: CPU 1.22%, Mem 10.25MiB / 7.598GiB
PG Connections: 86
Redis Commands: 446176
---
[2026-05-03T08:29:30.734Z] 
baldia_mart_api: CPU 0.12%, Mem 230.1MiB / 7.598GiB
baldia_mart_admin: CPU 0.00%, Mem 51.85MiB / 7.598GiB
baldia_mart_cache: CPU 1.33%, Mem 10.24MiB / 7.598GiB
PG Connections: 87
Redis Commands: 448282
---
[2026-05-03T08:30:30.255Z] 
baldia_mart_api: CPU 5.67%, Mem 290.7MiB / 7.598GiB
baldia_mart_admin: CPU 0.00%, Mem 51.85MiB / 7.598GiB
baldia_mart_cache: CPU 1.13%, Mem 10.2MiB / 7.598GiB
PG Connections: 87
Redis Commands: 450393
---
[2026-05-03T08:31:31.080Z] 
baldia_mart_api: CPU 12.76%, Mem 331.2MiB / 7.598GiB
baldia_mart_admin: CPU 0.00%, Mem 51.85MiB / 7.598GiB
baldia_mart_cache: CPU 1.20%, Mem 10.45MiB / 7.598GiB
PG Connections: 87
Redis Commands: 452499
---
[2026-05-03T08:32:30.677Z] 
baldia_mart_api: CPU 5.70%, Mem 371.1MiB / 7.598GiB
baldia_mart_admin: CPU 0.00%, Mem 51.85MiB / 7.598GiB
baldia_mart_cache: CPU 1.88%, Mem 10.22MiB / 7.598GiB
PG Connections: 87
Redis Commands: 454605
---
[2026-05-03T08:33:31.225Z] 
baldia_mart_api: CPU 82.29%, Mem 160MiB / 7.598GiB
baldia_mart_admin: CPU 0.00%, Mem 51.85MiB / 7.598GiB
baldia_mart_cache: CPU 1.61%, Mem 10.24MiB / 7.598GiB
PG Connections: 7
Redis Commands: 454927
---
[2026-05-03T08:34:30.460Z] 
baldia_mart_api: CPU 5.13%, Mem 275.8MiB / 7.598GiB
baldia_mart_admin: CPU 0.00%, Mem 51.85MiB / 7.598GiB
baldia_mart_cache: CPU 0.54%, Mem 10.51MiB / 7.598GiB
PG Connections: 86
Redis Commands: 459084
---
[2026-05-03T08:35:30.419Z] 
baldia_mart_api: CPU 91.38%, Mem 200.3MiB / 7.598GiB
baldia_mart_admin: CPU 0.00%, Mem 51.86MiB / 7.598GiB
baldia_mart_cache: CPU 0.87%, Mem 10.23MiB / 7.598GiB
PG Connections: 87
Redis Commands: 461111
---
[2026-05-03T08:36:30.364Z] 
baldia_mart_api: CPU 2.62%, Mem 266.5MiB / 7.598GiB
baldia_mart_admin: CPU 0.00%, Mem 51.86MiB / 7.598GiB
baldia_mart_cache: CPU 0.40%, Mem 10.22MiB / 7.598GiB
PG Connections: 87
Redis Commands: 463201
---
[2026-05-03T08:37:29.365Z] 
baldia_mart_api: CPU 2.81%, Mem 296MiB / 7.598GiB
baldia_mart_admin: CPU 0.00%, Mem 51.86MiB / 7.598GiB
baldia_mart_cache: CPU 0.52%, Mem 10.22MiB / 7.598GiB
PG Connections: 87
Redis Commands: 465307
---
[2026-05-03T08:38:29.325Z] 
baldia_mart_api: CPU 4.02%, Mem 339.8MiB / 7.598GiB
baldia_mart_admin: CPU 0.00%, Mem 51.86MiB / 7.598GiB
baldia_mart_cache: CPU 0.52%, Mem 10.22MiB / 7.598GiB
PG Connections: 87
Redis Commands: 467413
---
[2026-05-03T08:39:29.792Z] 
baldia_mart_api: CPU 6.75%, Mem 374.6MiB / 7.598GiB
baldia_mart_admin: CPU 0.00%, Mem 51.86MiB / 7.598GiB
baldia_mart_cache: CPU 1.04%, Mem 10.22MiB / 7.598GiB
PG Connections: 87
Redis Commands: 469519
---
[2026-05-03T08:40:29.968Z] 
baldia_mart_api: CPU 3.85%, Mem 421.3MiB / 7.598GiB
baldia_mart_admin: CPU 0.00%, Mem 51.86MiB / 7.598GiB
baldia_mart_cache: CPU 1.21%, Mem 10.47MiB / 7.598GiB
PG Connections: 87
Redis Commands: 471625
---
[2026-05-03T08:41:32.000Z] 
baldia_mart_api: CPU 102.16%, Mem 60.45MiB / 7.598GiB
baldia_mart_admin: CPU 0.00%, Mem 51.86MiB / 7.598GiB
baldia_mart_cache: CPU 1.26%, Mem 10.22MiB / 7.598GiB
PG Connections: 6
Redis Commands: 473532
---
[2026-05-03T08:42:29.874Z] 
baldia_mart_api: CPU 6.91%, Mem 246.3MiB / 7.598GiB
baldia_mart_admin: CPU 0.00%, Mem 51.86MiB / 7.598GiB
baldia_mart_cache: CPU 0.95%, Mem 10.75MiB / 7.598GiB
PG Connections: 86
Redis Commands: 476186
---
[2026-05-03T08:43:30.126Z] 
baldia_mart_api: CPU 4.02%, Mem 261.6MiB / 7.598GiB
baldia_mart_admin: CPU 0.00%, Mem 51.86MiB / 7.598GiB
baldia_mart_cache: CPU 0.89%, Mem 10.25MiB / 7.598GiB
PG Connections: 86
Redis Commands: 478292
---
[2026-05-03T08:44:31.008Z] 
baldia_mart_api: CPU 10.42%, Mem 282.5MiB / 7.598GiB
baldia_mart_admin: CPU 0.00%, Mem 51.86MiB / 7.598GiB
baldia_mart_cache: CPU 1.33%, Mem 10.23MiB / 7.598GiB
PG Connections: 86
Redis Commands: 480398
---
[2026-05-03T08:45:30.361Z] 
baldia_mart_api: CPU 0.01%, Mem 295.8MiB / 7.598GiB
baldia_mart_admin: CPU 0.00%, Mem 51.86MiB / 7.598GiB
baldia_mart_cache: CPU 0.94%, Mem 10.22MiB / 7.598GiB
PG Connections: 86
Redis Commands: 482504
---
[2026-05-03T08:46:31.678Z] 
baldia_mart_api: CPU 108.23%, Mem 374MiB / 7.598GiB
baldia_mart_admin: CPU 0.00%, Mem 51.86MiB / 7.598GiB
baldia_mart_cache: CPU 1.40%, Mem 10.23MiB / 7.598GiB
PG Connections: 86
Redis Commands: 484730
---
[2026-05-03T08:47:30.099Z] 
baldia_mart_api: CPU 3.95%, Mem 182.9MiB / 7.598GiB
baldia_mart_admin: CPU 0.00%, Mem 51.86MiB / 7.598GiB
baldia_mart_cache: CPU 0.94%, Mem 10.71MiB / 7.598GiB
PG Connections: 86
Redis Commands: 489364
---
[2026-05-03T08:48:30.824Z] 
baldia_mart_api: CPU 5.65%, Mem 189MiB / 7.598GiB
baldia_mart_admin: CPU 0.00%, Mem 51.73MiB / 7.598GiB
baldia_mart_cache: CPU 1.17%, Mem 10.64MiB / 7.598GiB
PG Connections: 86
Redis Commands: 491475
---
[2026-05-03T08:49:30.813Z] 
baldia_mart_api: CPU 114.49%, Mem 119.2MiB / 7.598GiB
baldia_mart_admin: CPU 0.00%, Mem 51.73MiB / 7.598GiB
baldia_mart_cache: CPU 0.92%, Mem 10.89MiB / 7.598GiB
PG Connections: 6
Redis Commands: 492744
---
[2026-05-03T08:50:30.123Z] 
baldia_mart_api: CPU 16.14%, Mem 244.7MiB / 7.598GiB
baldia_mart_admin: CPU 0.00%, Mem 51.73MiB / 7.598GiB
baldia_mart_cache: CPU 1.67%, Mem 10.68MiB / 7.598GiB
PG Connections: 86
Redis Commands: 496006
---
[2026-05-03T08:51:30.305Z] 
baldia_mart_api: CPU 10.20%, Mem 235MiB / 7.598GiB
baldia_mart_admin: CPU 0.00%, Mem 51.73MiB / 7.598GiB
baldia_mart_cache: CPU 1.70%, Mem 10.68MiB / 7.598GiB
PG Connections: 86
Redis Commands: 498113
---
[2026-05-03T08:52:30.217Z] 
baldia_mart_api: CPU 4.52%, Mem 269.9MiB / 7.598GiB
baldia_mart_admin: CPU 0.00%, Mem 51.73MiB / 7.598GiB
baldia_mart_cache: CPU 1.38%, Mem 10.9MiB / 7.598GiB
PG Connections: 86
Redis Commands: 500219
---
[2026-05-03T08:53:30.343Z] 
baldia_mart_api: CPU 17.62%, Mem 313.4MiB / 7.598GiB
baldia_mart_admin: CPU 0.00%, Mem 51.73MiB / 7.598GiB
baldia_mart_cache: CPU 2.03%, Mem 10.64MiB / 7.598GiB
PG Connections: 86
Redis Commands: 502325
---
[2026-05-03T08:54:30.764Z] 
baldia_mart_api: CPU 7.56%, Mem 351.4MiB / 7.598GiB
baldia_mart_admin: CPU 0.00%, Mem 51.73MiB / 7.598GiB
baldia_mart_cache: CPU 1.43%, Mem 10.65MiB / 7.598GiB
PG Connections: 86
Redis Commands: 504436
---
[2026-05-03T08:55:30.803Z] 
baldia_mart_api: CPU 23.57%, Mem 390.3MiB / 7.598GiB
baldia_mart_admin: CPU 0.00%, Mem 51.73MiB / 7.598GiB
baldia_mart_cache: CPU 3.46%, Mem 10.65MiB / 7.598GiB
PG Connections: 86
Redis Commands: 506542
---
[2026-05-03T08:56:30.744Z] 
baldia_mart_api: CPU 17.68%, Mem 428.1MiB / 7.598GiB
baldia_mart_admin: CPU 0.00%, Mem 51.73MiB / 7.598GiB
baldia_mart_cache: CPU 2.16%, Mem 10.9MiB / 7.598GiB
PG Connections: 86
Redis Commands: 508648
---
[2026-05-03T08:57:30.830Z] 
baldia_mart_api: CPU 14.20%, Mem 448.7MiB / 7.598GiB
baldia_mart_admin: CPU 0.00%, Mem 51.73MiB / 7.598GiB
baldia_mart_cache: CPU 2.38%, Mem 10.65MiB / 7.598GiB
PG Connections: 86
Redis Commands: 510754
---
[2026-05-03T08:58:30.829Z] 
baldia_mart_api: CPU 7.16%, Mem 503.2MiB / 7.598GiB
baldia_mart_admin: CPU 0.00%, Mem 51.73MiB / 7.598GiB
baldia_mart_cache: CPU 1.27%, Mem 10.9MiB / 7.598GiB
PG Connections: 86
Redis Commands: 512852
---
[2026-05-03T08:59:30.841Z] 
baldia_mart_api: CPU 6.63%, Mem 541.5MiB / 7.598GiB
baldia_mart_admin: CPU 0.00%, Mem 51.73MiB / 7.598GiB
baldia_mart_cache: CPU 0.77%, Mem 10.65MiB / 7.598GiB
PG Connections: 86
Redis Commands: 514958
---
[2026-05-03T09:00:31.066Z] 
baldia_mart_api: CPU 6.56%, Mem 584.1MiB / 7.598GiB
baldia_mart_admin: CPU 0.00%, Mem 51.73MiB / 7.598GiB
baldia_mart_cache: CPU 0.88%, Mem 10.89MiB / 7.598GiB
PG Connections: 86
Redis Commands: 517069
---
[2026-05-03T09:01:30.920Z] 
baldia_mart_api: CPU 2.92%, Mem 627.1MiB / 7.598GiB
baldia_mart_admin: CPU 0.00%, Mem 51.73MiB / 7.598GiB
baldia_mart_cache: CPU 0.73%, Mem 10.64MiB / 7.598GiB
PG Connections: 86
Redis Commands: 519175
---
[2026-05-03T09:02:31.215Z] 
baldia_mart_api: CPU 6.37%, Mem 660.4MiB / 7.598GiB
baldia_mart_admin: CPU 0.00%, Mem 51.74MiB / 7.598GiB
baldia_mart_cache: CPU 0.95%, Mem 10.65MiB / 7.598GiB
PG Connections: 86
Redis Commands: 521281
---
[2026-05-03T09:03:30.143Z] 
baldia_mart_api: CPU 405.72%, Mem 674.1MiB / 7.598GiB
baldia_mart_admin: CPU 0.00%, Mem 51.74MiB / 7.598GiB
baldia_mart_cache: CPU 1.36%, Mem 10.64MiB / 7.598GiB
PG Connections: 86
Redis Commands: 523287
---
[2026-05-03T09:04:30.200Z] 
baldia_mart_api: CPU 2.58%, Mem 742MiB / 7.598GiB
baldia_mart_admin: CPU 0.00%, Mem 51.74MiB / 7.598GiB
baldia_mart_cache: CPU 0.80%, Mem 10.64MiB / 7.598GiB
PG Connections: 86
Redis Commands: 525393
---
[2026-05-03T09:05:30.327Z] 
baldia_mart_api: CPU 13.15%, Mem 756.6MiB / 7.598GiB
baldia_mart_admin: CPU 0.00%, Mem 51.74MiB / 7.598GiB
baldia_mart_cache: CPU 1.17%, Mem 10.65MiB / 7.598GiB
PG Connections: 86
Redis Commands: 527491
---
[2026-05-03T09:06:30.107Z] 
baldia_mart_api: CPU 3.50%, Mem 818.8MiB / 7.598GiB
baldia_mart_admin: CPU 0.00%, Mem 51.78MiB / 7.598GiB
baldia_mart_cache: CPU 0.71%, Mem 10.9MiB / 7.598GiB
PG Connections: 86
Redis Commands: 529597
---
[2026-05-03T09:07:30.138Z] 
baldia_mart_api: CPU 0.01%, Mem 854.1MiB / 7.598GiB
baldia_mart_admin: CPU 0.00%, Mem 51.78MiB / 7.598GiB
baldia_mart_cache: CPU 0.61%, Mem 10.64MiB / 7.598GiB
PG Connections: 86
Redis Commands: 531703
---
[2026-05-03T09:08:30.164Z] 
baldia_mart_api: CPU 16.69%, Mem 896.1MiB / 7.598GiB
baldia_mart_admin: CPU 0.00%, Mem 51.78MiB / 7.598GiB
baldia_mart_cache: CPU 2.07%, Mem 10.64MiB / 7.598GiB
PG Connections: 86
Redis Commands: 533814
---
[2026-05-03T09:09:30.448Z] 
baldia_mart_api: CPU 8.66%, Mem 939MiB / 7.598GiB
baldia_mart_admin: CPU 0.00%, Mem 51.78MiB / 7.598GiB
baldia_mart_cache: CPU 1.55%, Mem 10.89MiB / 7.598GiB
PG Connections: 86
Redis Commands: 535920
---
[2026-05-03T09:10:30.252Z] 
baldia_mart_api: CPU 12.27%, Mem 975.8MiB / 7.598GiB
baldia_mart_admin: CPU 0.00%, Mem 51.78MiB / 7.598GiB
baldia_mart_cache: CPU 1.78%, Mem 10.65MiB / 7.598GiB
PG Connections: 86
Redis Commands: 538026
---
[2026-05-03T09:11:30.829Z] 
baldia_mart_api: CPU 318.04%, Mem 1021MiB / 7.598GiB
baldia_mart_admin: CPU 0.00%, Mem 51.78MiB / 7.598GiB
baldia_mart_cache: CPU 1.81%, Mem 10.65MiB / 7.598GiB
PG Connections: 86
Redis Commands: 540132
---
[2026-05-03T09:12:30.645Z] 
baldia_mart_api: CPU 11.37%, Mem 1.027GiB / 7.598GiB
baldia_mart_admin: CPU 0.00%, Mem 51.67MiB / 7.598GiB
baldia_mart_cache: CPU 1.32%, Mem 10.64MiB / 7.598GiB
PG Connections: 86
Redis Commands: 542238
---
[2026-05-03T09:13:30.689Z] 
baldia_mart_api: CPU 10.14%, Mem 1.07GiB / 7.598GiB
baldia_mart_admin: CPU 0.00%, Mem 51.63MiB / 7.598GiB
baldia_mart_cache: CPU 1.62%, Mem 10.64MiB / 7.598GiB
PG Connections: 86
Redis Commands: 544349
---
[2026-05-03T09:14:30.867Z] 
baldia_mart_api: CPU 10.97%, Mem 1.11GiB / 7.598GiB
baldia_mart_admin: CPU 0.00%, Mem 51.63MiB / 7.598GiB
baldia_mart_cache: CPU 1.49%, Mem 10.9MiB / 7.598GiB
PG Connections: 86
Redis Commands: 546447
---
[2026-05-03T09:15:31.018Z] 
baldia_mart_api: CPU 12.19%, Mem 1.152GiB / 7.598GiB
baldia_mart_admin: CPU 0.00%, Mem 51.63MiB / 7.598GiB
baldia_mart_cache: CPU 1.50%, Mem 10.64MiB / 7.598GiB
PG Connections: 86
Redis Commands: 548553
---
[2026-05-03T09:16:30.709Z] 
baldia_mart_api: CPU 6.40%, Mem 1.175GiB / 7.598GiB
baldia_mart_admin: CPU 0.00%, Mem 51.62MiB / 7.598GiB
baldia_mart_cache: CPU 1.59%, Mem 10.64MiB / 7.598GiB
PG Connections: 86
Redis Commands: 550659
---
[2026-05-03T09:17:30.980Z] 
baldia_mart_api: CPU 8.23%, Mem 1.219GiB / 7.598GiB
baldia_mart_admin: CPU 0.00%, Mem 51.58MiB / 7.598GiB
baldia_mart_cache: CPU 1.38%, Mem 10.89MiB / 7.598GiB
PG Connections: 86
Redis Commands: 552765
---
[2026-05-03T09:18:30.843Z] 
baldia_mart_api: CPU 5.71%, Mem 1.254GiB / 7.598GiB
baldia_mart_admin: CPU 0.00%, Mem 51.58MiB / 7.598GiB
baldia_mart_cache: CPU 1.42%, Mem 10.65MiB / 7.598GiB
PG Connections: 86
Redis Commands: 554871
---
[2026-05-03T09:19:30.948Z] 
baldia_mart_api: CPU 2.80%, Mem 1.295GiB / 7.598GiB
baldia_mart_admin: CPU 0.00%, Mem 51.58MiB / 7.598GiB
baldia_mart_cache: CPU 0.56%, Mem 10.65MiB / 7.598GiB
PG Connections: 86
Redis Commands: 556982
---
[2026-05-03T09:20:30.985Z] 
baldia_mart_api: CPU 4.90%, Mem 1.33GiB / 7.598GiB
baldia_mart_admin: CPU 0.00%, Mem 51.59MiB / 7.598GiB
baldia_mart_cache: CPU 0.70%, Mem 10.65MiB / 7.598GiB
PG Connections: 86
Redis Commands: 559093
---
[2026-05-03T09:21:31.328Z] 
baldia_mart_api: CPU 2.78%, Mem 1.372GiB / 7.598GiB
baldia_mart_admin: CPU 0.00%, Mem 51.59MiB / 7.598GiB
baldia_mart_cache: CPU 0.64%, Mem 10.9MiB / 7.598GiB
PG Connections: 86
Redis Commands: 561199
---
[2026-05-03T09:22:31.176Z] 
baldia_mart_api: CPU 5.26%, Mem 1.412GiB / 7.598GiB
baldia_mart_admin: CPU 0.00%, Mem 51.59MiB / 7.598GiB
baldia_mart_cache: CPU 0.71%, Mem 10.65MiB / 7.598GiB
PG Connections: 86
Redis Commands: 563305
---
[2026-05-03T09:23:30.111Z] 
baldia_mart_api: CPU 11.00%, Mem 1.444GiB / 7.598GiB
baldia_mart_admin: CPU 0.00%, Mem 51.58MiB / 7.598GiB
baldia_mart_cache: CPU 0.71%, Mem 10.65MiB / 7.598GiB
PG Connections: 86
Redis Commands: 565303
---
[2026-05-03T09:24:30.058Z] 
baldia_mart_api: CPU 4.07%, Mem 1.486GiB / 7.598GiB
baldia_mart_admin: CPU 0.00%, Mem 51.53MiB / 7.598GiB
baldia_mart_cache: CPU 0.72%, Mem 10.65MiB / 7.598GiB
PG Connections: 86
Redis Commands: 567409
---
[2026-05-03T09:25:30.295Z] 
baldia_mart_api: CPU 5.84%, Mem 1.525GiB / 7.598GiB
baldia_mart_admin: CPU 0.00%, Mem 51.53MiB / 7.598GiB
baldia_mart_cache: CPU 0.68%, Mem 10.9MiB / 7.598GiB
PG Connections: 86
Redis Commands: 569515
---
[2026-05-03T09:26:30.424Z] 
baldia_mart_api: CPU 3.05%, Mem 1.567GiB / 7.598GiB
baldia_mart_admin: CPU 0.00%, Mem 51.53MiB / 7.598GiB
baldia_mart_cache: CPU 0.87%, Mem 10.9MiB / 7.598GiB
PG Connections: 86
Redis Commands: 571621
---
[2026-05-03T09:27:30.759Z] 
baldia_mart_api: CPU 505.76%, Mem 1.611GiB / 7.598GiB
baldia_mart_admin: CPU 0.00%, Mem 51.53MiB / 7.598GiB
baldia_mart_cache: CPU 1.26%, Mem 10.66MiB / 7.598GiB
PG Connections: 86
Redis Commands: 573727
---
[2026-05-03T09:28:30.390Z] 
baldia_mart_api: CPU 18.48%, Mem 1.634GiB / 7.598GiB
baldia_mart_admin: CPU 0.00%, Mem 51.47MiB / 7.598GiB
baldia_mart_cache: CPU 1.57%, Mem 10.66MiB / 7.598GiB
PG Connections: 86
Redis Commands: 575833
---
[2026-05-03T09:29:30.327Z] 
baldia_mart_api: CPU 11.69%, Mem 1.659GiB / 7.598GiB
baldia_mart_admin: CPU 0.00%, Mem 51.28MiB / 7.598GiB
baldia_mart_cache: CPU 1.43%, Mem 10.6MiB / 7.598GiB
PG Connections: 86
Redis Commands: 577939
---
[2026-05-03T09:30:30.471Z] 
baldia_mart_api: CPU 25.11%, Mem 1.714GiB / 7.598GiB
baldia_mart_admin: CPU 0.00%, Mem 51.18MiB / 7.598GiB
baldia_mart_cache: CPU 2.09%, Mem 10.84MiB / 7.598GiB
PG Connections: 86
Redis Commands: 580037
---
[2026-05-03T09:31:30.766Z] 
baldia_mart_api: CPU 22.13%, Mem 1.745GiB / 7.598GiB
baldia_mart_admin: CPU 0.00%, Mem 51.12MiB / 7.598GiB
baldia_mart_cache: CPU 3.10%, Mem 10.59MiB / 7.598GiB
PG Connections: 86
Redis Commands: 582143
---
[2026-05-03T09:32:30.942Z] 
baldia_mart_api: CPU 21.13%, Mem 1.788GiB / 7.598GiB
baldia_mart_admin: CPU 0.00%, Mem 50.95MiB / 7.598GiB
baldia_mart_cache: CPU 1.74%, Mem 10.81MiB / 7.598GiB
PG Connections: 86
Redis Commands: 584254
---
[2026-05-03T09:33:30.625Z] 
baldia_mart_api: CPU 12.20%, Mem 1.829GiB / 7.598GiB
baldia_mart_admin: CPU 0.00%, Mem 50.95MiB / 7.598GiB
baldia_mart_cache: CPU 1.36%, Mem 10.86MiB / 7.598GiB
PG Connections: 86
Redis Commands: 586360
---
[2026-05-03T09:34:31.009Z] 
baldia_mart_api: CPU 11.52%, Mem 1.87GiB / 7.598GiB
baldia_mart_admin: CPU 0.00%, Mem 50.95MiB / 7.598GiB
baldia_mart_cache: CPU 1.67%, Mem 10.61MiB / 7.598GiB
PG Connections: 86
Redis Commands: 588466
---
[2026-05-03T09:35:31.391Z] 
baldia_mart_api: CPU 17.44%, Mem 1.901GiB / 7.598GiB
baldia_mart_admin: CPU 0.00%, Mem 50.83MiB / 7.598GiB
baldia_mart_cache: CPU 2.42%, Mem 10.58MiB / 7.598GiB
PG Connections: 86
Redis Commands: 590572
---
[2026-05-03T09:36:31.251Z] 
baldia_mart_api: CPU 0.37%, Mem 1.941GiB / 7.598GiB
baldia_mart_admin: CPU 0.00%, Mem 50.78MiB / 7.598GiB
baldia_mart_cache: CPU 0.68%, Mem 10.84MiB / 7.598GiB
PG Connections: 86
Redis Commands: 592678
---
[2026-05-03T09:37:31.040Z] 
baldia_mart_api: CPU 3.18%, Mem 1.983GiB / 7.598GiB
baldia_mart_admin: CPU 0.00%, Mem 50.56MiB / 7.598GiB
baldia_mart_cache: CPU 0.75%, Mem 10.53MiB / 7.598GiB
PG Connections: 86
Redis Commands: 594784
---
[2026-05-03T09:38:31.220Z] 
baldia_mart_api: CPU 2.68%, Mem 2.023GiB / 7.598GiB
baldia_mart_admin: CPU 0.00%, Mem 50.42MiB / 7.598GiB
baldia_mart_cache: CPU 0.74%, Mem 10.54MiB / 7.598GiB
PG Connections: 86
Redis Commands: 596890
---
[2026-05-03T09:39:31.113Z] 
baldia_mart_api: CPU 2.43%, Mem 2.063GiB / 7.598GiB
baldia_mart_admin: CPU 0.00%, Mem 50.28MiB / 7.598GiB
baldia_mart_cache: CPU 1.00%, Mem 10.52MiB / 7.598GiB
PG Connections: 86
Redis Commands: 599001
---
[2026-05-03T09:40:31.315Z] 
baldia_mart_api: CPU 4.80%, Mem 2.103GiB / 7.598GiB
baldia_mart_admin: CPU 0.00%, Mem 50.13MiB / 7.598GiB
baldia_mart_cache: CPU 0.84%, Mem 10.77MiB / 7.598GiB
PG Connections: 86
Redis Commands: 601099
---
[2026-05-03T09:41:31.827Z] 
baldia_mart_api: CPU 3.93%, Mem 2.143GiB / 7.598GiB
baldia_mart_admin: CPU 0.00%, Mem 50.03MiB / 7.598GiB
baldia_mart_cache: CPU 0.77%, Mem 10.52MiB / 7.598GiB
PG Connections: 86
Redis Commands: 603205
---
[2026-05-03T09:42:31.200Z] 
baldia_mart_api: CPU 4.02%, Mem 2.166GiB / 7.598GiB
baldia_mart_admin: CPU 0.00%, Mem 50.36MiB / 7.598GiB
baldia_mart_cache: CPU 0.81%, Mem 10.76MiB / 7.598GiB
PG Connections: 86
Redis Commands: 605211
---
[2026-05-03T09:43:31.657Z] 
baldia_mart_api: CPU 57.52%, Mem 2.185GiB / 7.598GiB
baldia_mart_admin: CPU 0.00%, Mem 50.32MiB / 7.598GiB
baldia_mart_cache: CPU 0.68%, Mem 10.49MiB / 7.598GiB
PG Connections: 86
Redis Commands: 607317
---
[2026-05-03T09:44:31.061Z] 
baldia_mart_api: CPU 13.78%, Mem 2.239GiB / 7.598GiB
baldia_mart_admin: CPU 0.00%, Mem 50.32MiB / 7.598GiB
baldia_mart_cache: CPU 0.56%, Mem 10.49MiB / 7.598GiB
PG Connections: 86
Redis Commands: 609423
---
[2026-05-03T09:45:31.300Z] 
baldia_mart_api: CPU 26.67%, Mem 2.274GiB / 7.598GiB
baldia_mart_admin: CPU 0.00%, Mem 50.23MiB / 7.598GiB
baldia_mart_cache: CPU 1.49%, Mem 10.47MiB / 7.598GiB
PG Connections: 86
Redis Commands: 611534
---
[2026-05-03T09:46:31.921Z] 
baldia_mart_api: CPU 102.57%, Mem 164.3MiB / 7.598GiB
baldia_mart_admin: CPU 0.00%, Mem 24.37MiB / 7.598GiB
baldia_mart_cache: CPU 3.27%, Mem 4.598MiB / 7.598GiB
PG Connections: 7
Redis Commands: 204
---
[2026-05-03T09:47:35.615Z] 
baldia_mart_api: CPU 0.00%, Mem 254.9MiB / 7.598GiB
baldia_mart_admin: CPU 0.00%, Mem 24.37MiB / 7.598GiB
baldia_mart_cache: CPU 1.30%, Mem 4.672MiB / 7.598GiB
PG Connections: 86
Redis Commands: 4096
---
[2026-05-03T09:48:31.803Z] 
baldia_mart_api: CPU 69.31%, Mem 184MiB / 7.598GiB
baldia_mart_admin: CPU 0.00%, Mem 24.38MiB / 7.598GiB
baldia_mart_cache: CPU 0.78%, Mem 4.695MiB / 7.598GiB
PG Connections: 86
Redis Commands: 6050
---
[2026-05-03T09:49:32.713Z] 
baldia_mart_api: CPU 5.82%, Mem 180.3MiB / 7.598GiB
baldia_mart_admin: CPU 0.00%, Mem 39.41MiB / 7.598GiB
baldia_mart_cache: CPU 1.18%, Mem 4.711MiB / 7.598GiB
PG Connections: 86
Redis Commands: 8166
---
[2026-05-03T09:50:31.546Z] 
baldia_mart_api: CPU 34.56%, Mem 176.6MiB / 7.598GiB
baldia_mart_admin: CPU 0.00%, Mem 39.44MiB / 7.598GiB
baldia_mart_cache: CPU 1.59%, Mem 5.168MiB / 7.598GiB
PG Connections: 86
Redis Commands: 10271
---
[2026-05-03T09:51:31.988Z] 
baldia_mart_api: CPU 37.20%, Mem 183.1MiB / 7.598GiB
baldia_mart_admin: CPU 0.00%, Mem 39.44MiB / 7.598GiB
baldia_mart_cache: CPU 1.34%, Mem 4.918MiB / 7.598GiB
PG Connections: 86
Redis Commands: 12382
---
[2026-05-03T09:52:31.408Z] 
baldia_mart_api: CPU 4.07%, Mem 185.8MiB / 7.598GiB
baldia_mart_admin: CPU 0.00%, Mem 51.76MiB / 7.598GiB
baldia_mart_cache: CPU 0.87%, Mem 5.27MiB / 7.598GiB
PG Connections: 86
Redis Commands: 14519
---
[2026-05-03T09:53:31.370Z] 
baldia_mart_api: CPU 8.65%, Mem 188.7MiB / 7.598GiB
baldia_mart_admin: CPU 0.00%, Mem 51.4MiB / 7.598GiB
baldia_mart_cache: CPU 2.18%, Mem 5.047MiB / 7.598GiB
PG Connections: 86
Redis Commands: 16662
---
[2026-05-03T09:54:31.964Z] 
baldia_mart_api: CPU 58.34%, Mem 185.9MiB / 7.598GiB
baldia_mart_admin: CPU 0.00%, Mem 51.41MiB / 7.598GiB
baldia_mart_cache: CPU 1.51%, Mem 5.039MiB / 7.598GiB
PG Connections: 86
Redis Commands: 18780
---
[2026-05-03T09:55:31.605Z] 
baldia_mart_api: CPU 33.94%, Mem 193.9MiB / 7.598GiB
baldia_mart_admin: CPU 0.00%, Mem 51.41MiB / 7.598GiB
baldia_mart_cache: CPU 2.12%, Mem 5.234MiB / 7.598GiB
PG Connections: 86
Redis Commands: 20891
---
[2026-05-03T09:56:31.319Z] 
baldia_mart_api: CPU 30.14%, Mem 186MiB / 7.598GiB
baldia_mart_admin: CPU 0.00%, Mem 51.41MiB / 7.598GiB
baldia_mart_cache: CPU 0.74%, Mem 4.98MiB / 7.598GiB
PG Connections: 86
Redis Commands: 22994
---
[2026-05-03T09:57:31.214Z] 
baldia_mart_api: CPU 16.14%, Mem 185.6MiB / 7.598GiB
baldia_mart_admin: CPU 0.00%, Mem 51.41MiB / 7.598GiB
baldia_mart_cache: CPU 0.77%, Mem 4.973MiB / 7.598GiB
PG Connections: 86
Redis Commands: 25110
---
[2026-05-03T09:58:31.340Z] 
baldia_mart_api: CPU 3.16%, Mem 186.7MiB / 7.598GiB
baldia_mart_admin: CPU 0.00%, Mem 51.41MiB / 7.598GiB
baldia_mart_cache: CPU 0.76%, Mem 5.227MiB / 7.598GiB
PG Connections: 86
Redis Commands: 27226
---
[2026-05-03T09:59:32.603Z] 
baldia_mart_api: CPU 4.94%, Mem 185.2MiB / 7.598GiB
baldia_mart_admin: CPU 0.00%, Mem 51.41MiB / 7.598GiB
baldia_mart_cache: CPU 1.16%, Mem 4.984MiB / 7.598GiB
PG Connections: 86
Redis Commands: 29342
---
[2026-05-03T10:00:31.577Z] 
baldia_mart_api: CPU 5.67%, Mem 185.1MiB / 7.598GiB
baldia_mart_admin: CPU 0.00%, Mem 51.41MiB / 7.598GiB
baldia_mart_cache: CPU 1.04%, Mem 5.195MiB / 7.598GiB
PG Connections: 86
Redis Commands: 31458
---
[2026-05-03T10:01:31.497Z] 
baldia_mart_api: CPU 5.69%, Mem 189.2MiB / 7.598GiB
baldia_mart_admin: CPU 0.01%, Mem 50.47MiB / 7.598GiB
baldia_mart_cache: CPU 0.86%, Mem 5.195MiB / 7.598GiB
PG Connections: 86
Redis Commands: 33580
---
[2026-05-03T10:02:31.320Z] 
baldia_mart_api: CPU 2.73%, Mem 187MiB / 7.598GiB
baldia_mart_admin: CPU 0.00%, Mem 50.47MiB / 7.598GiB
baldia_mart_cache: CPU 0.79%, Mem 5.445MiB / 7.598GiB
PG Connections: 86
Redis Commands: 35589
---
[2026-05-03T10:03:31.332Z] 
baldia_mart_api: CPU 3.75%, Mem 188.8MiB / 7.598GiB
baldia_mart_admin: CPU 0.00%, Mem 50.47MiB / 7.598GiB
baldia_mart_cache: CPU 0.91%, Mem 5.195MiB / 7.598GiB
PG Connections: 86
Redis Commands: 37706
---
[2026-05-03T10:04:31.424Z] 
baldia_mart_api: CPU 18.69%, Mem 186.3MiB / 7.598GiB
baldia_mart_admin: CPU 0.00%, Mem 50.47MiB / 7.598GiB
baldia_mart_cache: CPU 1.11%, Mem 5.191MiB / 7.598GiB
PG Connections: 86
Redis Commands: 39823
---
[2026-05-03T10:05:31.299Z] 
baldia_mart_api: CPU 6.03%, Mem 185.9MiB / 7.598GiB
baldia_mart_admin: CPU 0.00%, Mem 50.47MiB / 7.598GiB
baldia_mart_cache: CPU 2.07%, Mem 4.941MiB / 7.598GiB
PG Connections: 86
Redis Commands: 41940
---
[2026-05-03T10:06:31.367Z] 
baldia_mart_api: CPU 8.59%, Mem 186.8MiB / 7.598GiB
baldia_mart_admin: CPU 0.00%, Mem 50.47MiB / 7.598GiB
baldia_mart_cache: CPU 1.60%, Mem 4.945MiB / 7.598GiB
PG Connections: 86
Redis Commands: 44057
---
[2026-05-03T10:07:31.501Z] 
baldia_mart_api: CPU 3.86%, Mem 185.9MiB / 7.598GiB
baldia_mart_admin: CPU 0.00%, Mem 50.47MiB / 7.598GiB
baldia_mart_cache: CPU 2.31%, Mem 4.949MiB / 7.598GiB
PG Connections: 86
Redis Commands: 46169
---
[2026-05-03T10:08:31.626Z] 
baldia_mart_api: CPU 6.30%, Mem 185.1MiB / 7.598GiB
baldia_mart_admin: CPU 0.00%, Mem 50.47MiB / 7.598GiB
baldia_mart_cache: CPU 4.22%, Mem 5.199MiB / 7.598GiB
PG Connections: 86
Redis Commands: 48281
---
[2026-05-03T10:09:31.284Z] 
baldia_mart_api: CPU 2.05%, Mem 191.1MiB / 7.598GiB
baldia_mart_admin: CPU 0.00%, Mem 50.47MiB / 7.598GiB
baldia_mart_cache: CPU 0.60%, Mem 4.949MiB / 7.598GiB
PG Connections: 86
Redis Commands: 50385
---
[2026-05-03T10:10:31.608Z] 
baldia_mart_api: CPU 26.90%, Mem 193.1MiB / 7.598GiB
baldia_mart_admin: CPU 0.00%, Mem 50.47MiB / 7.598GiB
baldia_mart_cache: CPU 2.56%, Mem 4.949MiB / 7.598GiB
PG Connections: 86
Redis Commands: 52496
---
[2026-05-03T10:11:31.553Z] 
baldia_mart_api: CPU 8.83%, Mem 185.8MiB / 7.598GiB
baldia_mart_admin: CPU 0.00%, Mem 50.47MiB / 7.598GiB
baldia_mart_cache: CPU 1.58%, Mem 4.953MiB / 7.598GiB
PG Connections: 86
Redis Commands: 54608
---
[2026-05-03T10:12:31.796Z] 
baldia_mart_api: CPU 5.19%, Mem 185.7MiB / 7.598GiB
baldia_mart_admin: CPU 0.00%, Mem 50.47MiB / 7.598GiB
baldia_mart_cache: CPU 2.92%, Mem 4.949MiB / 7.598GiB
PG Connections: 86
Redis Commands: 56720
---
[2026-05-03T10:13:31.526Z] 
baldia_mart_api: CPU 24.73%, Mem 190.3MiB / 7.598GiB
baldia_mart_admin: CPU 0.00%, Mem 50.47MiB / 7.598GiB
baldia_mart_cache: CPU 1.11%, Mem 4.953MiB / 7.598GiB
PG Connections: 86
Redis Commands: 58832
---
[2026-05-03T10:14:31.632Z] 
baldia_mart_api: CPU 17.91%, Mem 185.8MiB / 7.598GiB
baldia_mart_admin: CPU 0.00%, Mem 50.47MiB / 7.598GiB
baldia_mart_cache: CPU 5.52%, Mem 5.199MiB / 7.598GiB
PG Connections: 86
Redis Commands: 60944
---
[2026-05-03T10:15:31.405Z] 
baldia_mart_api: CPU 17.68%, Mem 189.3MiB / 7.598GiB
baldia_mart_admin: CPU 0.00%, Mem 50.47MiB / 7.598GiB
baldia_mart_cache: CPU 1.92%, Mem 4.953MiB / 7.598GiB
PG Connections: 86
Redis Commands: 63061
---
[2026-05-03T10:16:31.553Z] 
baldia_mart_api: CPU 20.92%, Mem 187.2MiB / 7.598GiB
baldia_mart_admin: CPU 0.00%, Mem 50.47MiB / 7.598GiB
baldia_mart_cache: CPU 0.80%, Mem 5.211MiB / 7.598GiB
PG Connections: 86
Redis Commands: 65173
---
[2026-05-03T10:17:31.350Z] 
baldia_mart_api: CPU 3.39%, Mem 185.4MiB / 7.598GiB
baldia_mart_admin: CPU 0.00%, Mem 50.47MiB / 7.598GiB
baldia_mart_cache: CPU 2.23%, Mem 5.215MiB / 7.598GiB
PG Connections: 86
Redis Commands: 67277
---
[2026-05-03T10:18:33.456Z] 
baldia_mart_api: CPU 31.86%, Mem 183.4MiB / 7.598GiB
baldia_mart_admin: CPU 0.00%, Mem 50.47MiB / 7.598GiB
baldia_mart_cache: CPU 4.66%, Mem 5.215MiB / 7.598GiB
PG Connections: 86
Redis Commands: 69397
---
[2026-05-03T10:19:31.470Z] 
baldia_mart_api: CPU 2.44%, Mem 184.5MiB / 7.598GiB
baldia_mart_admin: CPU 0.00%, Mem 50.47MiB / 7.598GiB
baldia_mart_cache: CPU 2.29%, Mem 4.957MiB / 7.598GiB
PG Connections: 86
Redis Commands: 71501
---
[2026-05-03T10:20:31.483Z] 
baldia_mart_api: CPU 4.11%, Mem 184MiB / 7.598GiB
baldia_mart_admin: CPU 0.00%, Mem 50.47MiB / 7.598GiB
baldia_mart_cache: CPU 1.76%, Mem 5.207MiB / 7.598GiB
PG Connections: 86
Redis Commands: 73613
---
[2026-05-03T10:21:31.568Z] 
baldia_mart_api: CPU 16.06%, Mem 183.9MiB / 7.598GiB
baldia_mart_admin: CPU 0.00%, Mem 50.47MiB / 7.598GiB
baldia_mart_cache: CPU 0.72%, Mem 4.957MiB / 7.598GiB
PG Connections: 86
Redis Commands: 75725
---
[2026-05-03T10:22:31.382Z] 
baldia_mart_api: CPU 3.12%, Mem 183.5MiB / 7.598GiB
baldia_mart_admin: CPU 0.00%, Mem 50.47MiB / 7.598GiB
baldia_mart_cache: CPU 0.94%, Mem 5.211MiB / 7.598GiB
PG Connections: 86
Redis Commands: 77837
---
[2026-05-03T10:23:32.257Z] 
baldia_mart_api: CPU 6.51%, Mem 183MiB / 7.598GiB
baldia_mart_admin: CPU 0.00%, Mem 50.47MiB / 7.598GiB
baldia_mart_cache: CPU 1.30%, Mem 4.969MiB / 7.598GiB
PG Connections: 86
Redis Commands: 79949
---
[2026-05-03T10:24:31.967Z] 
baldia_mart_api: CPU 4.34%, Mem 187.3MiB / 7.598GiB
baldia_mart_admin: CPU 0.00%, Mem 51.29MiB / 7.598GiB
baldia_mart_cache: CPU 1.23%, Mem 5.211MiB / 7.598GiB
PG Connections: 86
Redis Commands: 82063
---
[2026-05-03T10:25:34.586Z] 
baldia_mart_api: CPU 173.30%, Mem 121.1MiB / 7.598GiB
baldia_mart_admin: CPU 0.00%, Mem 32.01MiB / 7.598GiB
baldia_mart_cache: CPU 1.12%, Mem 3.344MiB / 7.598GiB
PG Connections: 7
Redis Commands: 5
---
[2026-05-03T10:26:32.172Z] 
baldia_mart_api: CPU 7.36%, Mem 206.6MiB / 7.598GiB
baldia_mart_admin: CPU 0.00%, Mem 24.12MiB / 7.598GiB
baldia_mart_cache: CPU 0.72%, Mem 3.984MiB / 7.598GiB
PG Connections: 86
Redis Commands: 4000
---
[2026-05-03T10:27:33.057Z] 
baldia_mart_api: CPU 9.35%, Mem 217.2MiB / 7.598GiB
baldia_mart_admin: CPU 0.00%, Mem 42.29MiB / 7.598GiB
baldia_mart_cache: CPU 1.72%, Mem 4.109MiB / 7.598GiB
PG Connections: 86
Redis Commands: 6141
---
[2026-05-03T10:28:31.535Z] 
baldia_mart_api: CPU 3.48%, Mem 184.3MiB / 7.598GiB
baldia_mart_admin: CPU 0.00%, Mem 42.29MiB / 7.598GiB
baldia_mart_cache: CPU 1.96%, Mem 4.117MiB / 7.598GiB
PG Connections: 86
Redis Commands: 8152
---
[2026-05-03T10:29:31.560Z] 
baldia_mart_api: CPU 31.73%, Mem 180.1MiB / 7.598GiB
baldia_mart_admin: CPU 0.00%, Mem 42.29MiB / 7.598GiB
baldia_mart_cache: CPU 2.03%, Mem 3.875MiB / 7.598GiB
PG Connections: 86
Redis Commands: 10263
---
[2026-05-03T10:30:31.757Z] 
baldia_mart_api: CPU 3.63%, Mem 178.7MiB / 7.598GiB
baldia_mart_admin: CPU 0.00%, Mem 42.29MiB / 7.598GiB
baldia_mart_cache: CPU 1.11%, Mem 3.848MiB / 7.598GiB
PG Connections: 86
Redis Commands: 12374
---
[2026-05-03T10:31:31.619Z] 
baldia_mart_api: CPU 3.64%, Mem 179.4MiB / 7.598GiB
baldia_mart_admin: CPU 0.00%, Mem 42.3MiB / 7.598GiB
baldia_mart_cache: CPU 1.39%, Mem 3.848MiB / 7.598GiB
PG Connections: 86
Redis Commands: 14477
---
[2026-05-03T10:32:31.544Z] 
baldia_mart_api: CPU 25.07%, Mem 156.9MiB / 7.598GiB
baldia_mart_admin: CPU 0.00%, Mem 42.3MiB / 7.598GiB
baldia_mart_cache: CPU 0.75%, Mem 4.098MiB / 7.598GiB
PG Connections: 86
Redis Commands: 16588
---
[2026-05-03T10:33:31.405Z] 
baldia_mart_api: CPU 19.19%, Mem 168.4MiB / 7.598GiB
baldia_mart_admin: CPU 0.00%, Mem 42.3MiB / 7.598GiB
baldia_mart_cache: CPU 0.63%, Mem 3.848MiB / 7.598GiB
PG Connections: 86
Redis Commands: 18699
---
[2026-05-03T10:34:31.499Z] 
baldia_mart_api: CPU 10.24%, Mem 165.2MiB / 7.598GiB
baldia_mart_admin: CPU 0.00%, Mem 42.3MiB / 7.598GiB
baldia_mart_cache: CPU 1.55%, Mem 4.074MiB / 7.598GiB
PG Connections: 86
Redis Commands: 20810
---
[2026-05-03T10:35:32.185Z] 
baldia_mart_api: CPU 90.16%, Mem 169.2MiB / 7.598GiB
baldia_mart_admin: CPU 0.00%, Mem 42.3MiB / 7.598GiB
baldia_mart_cache: CPU 1.26%, Mem 3.828MiB / 7.598GiB
PG Connections: 86
Redis Commands: 22926
---
[2026-05-03T10:36:36.206Z] 
baldia_mart_api: CPU 53.50%, Mem 168.5MiB / 7.598GiB
baldia_mart_admin: CPU 0.00%, Mem 42.3MiB / 7.598GiB
baldia_mart_cache: CPU 1.34%, Mem 3.828MiB / 7.598GiB
PG Connections: 86
Redis Commands: 25145
---
[2026-05-03T10:37:31.876Z] 
baldia_mart_api: CPU 37.02%, Mem 170.1MiB / 7.598GiB
baldia_mart_admin: CPU 0.00%, Mem 42.3MiB / 7.598GiB
baldia_mart_cache: CPU 2.59%, Mem 4.082MiB / 7.598GiB
PG Connections: 86
Redis Commands: 27145
---
[2026-05-03T10:38:30.646Z] 
baldia_mart_api: CPU 2.76%, Mem 169.9MiB / 7.598GiB
baldia_mart_admin: CPU 0.00%, Mem 42.3MiB / 7.598GiB
baldia_mart_cache: CPU 0.82%, Mem 3.832MiB / 7.598GiB
PG Connections: 86
Redis Commands: 29256
---
[2026-05-03T10:39:32.300Z] 
baldia_mart_api: CPU 30.90%, Mem 168.2MiB / 7.598GiB
baldia_mart_admin: CPU 0.00%, Mem 42.3MiB / 7.598GiB
baldia_mart_cache: CPU 2.44%, Mem 3.836MiB / 7.598GiB
PG Connections: 86
Redis Commands: 31372
---
[2026-05-03T10:40:30.569Z] 
baldia_mart_api: CPU 11.71%, Mem 168.4MiB / 7.598GiB
baldia_mart_admin: CPU 0.00%, Mem 42.3MiB / 7.598GiB
baldia_mart_cache: CPU 0.93%, Mem 3.832MiB / 7.598GiB
PG Connections: 86
Redis Commands: 33388
---
[2026-05-03T10:41:30.578Z] 
baldia_mart_api: CPU 6.14%, Mem 169.1MiB / 7.598GiB
baldia_mart_admin: CPU 0.00%, Mem 42.3MiB / 7.598GiB
baldia_mart_cache: CPU 0.76%, Mem 3.84MiB / 7.598GiB
PG Connections: 86
Redis Commands: 35504
---
[2026-05-03T10:42:30.670Z] 
baldia_mart_api: CPU 2.86%, Mem 168.5MiB / 7.598GiB
baldia_mart_admin: CPU 0.00%, Mem 42.3MiB / 7.598GiB
baldia_mart_cache: CPU 0.91%, Mem 3.836MiB / 7.598GiB
PG Connections: 86
Redis Commands: 37613
---
[2026-05-03T10:43:31.859Z] 
baldia_mart_api: CPU 10.30%, Mem 168.8MiB / 7.598GiB
baldia_mart_admin: CPU 0.00%, Mem 42.3MiB / 7.598GiB
baldia_mart_cache: CPU 1.75%, Mem 3.844MiB / 7.598GiB
PG Connections: 86
Redis Commands: 39836
---
[2026-05-03T10:44:30.785Z] 
baldia_mart_api: CPU 2.46%, Mem 169.2MiB / 7.598GiB
baldia_mart_admin: CPU 0.00%, Mem 42.3MiB / 7.598GiB
baldia_mart_cache: CPU 0.60%, Mem 4.086MiB / 7.598GiB
PG Connections: 86
Redis Commands: 41844
---
[2026-05-03T10:45:30.901Z] 
baldia_mart_api: CPU 2.61%, Mem 168.7MiB / 7.598GiB
baldia_mart_admin: CPU 0.00%, Mem 42.3MiB / 7.598GiB
baldia_mart_cache: CPU 0.61%, Mem 4.082MiB / 7.598GiB
PG Connections: 86
Redis Commands: 43955
---
[2026-05-03T10:46:30.917Z] 
baldia_mart_api: CPU 2.71%, Mem 170.2MiB / 7.598GiB
baldia_mart_admin: CPU 0.00%, Mem 42.3MiB / 7.598GiB
baldia_mart_cache: CPU 0.59%, Mem 4.082MiB / 7.598GiB
PG Connections: 86
Redis Commands: 46066
---
[2026-05-03T10:47:32.686Z] 
baldia_mart_api: CPU 3.88%, Mem 169.4MiB / 7.598GiB
baldia_mart_admin: CPU 0.00%, Mem 42.3MiB / 7.598GiB
baldia_mart_cache: CPU 1.37%, Mem 3.836MiB / 7.598GiB
PG Connections: 86
Redis Commands: 48277
---
[2026-05-03T10:48:31.383Z] 
baldia_mart_api: CPU 14.99%, Mem 169.7MiB / 7.598GiB
baldia_mart_admin: CPU 0.00%, Mem 42.3MiB / 7.598GiB
baldia_mart_cache: CPU 1.23%, Mem 3.832MiB / 7.598GiB
PG Connections: 86
Redis Commands: 50288
---
[2026-05-03T10:49:30.630Z] 
baldia_mart_api: CPU 2.71%, Mem 161.2MiB / 7.598GiB
baldia_mart_admin: CPU 0.00%, Mem 42.3MiB / 7.598GiB
baldia_mart_cache: CPU 0.62%, Mem 3.84MiB / 7.598GiB
PG Connections: 86
Redis Commands: 52399
---
[2026-05-03T10:50:30.594Z] 
baldia_mart_api: CPU 2.93%, Mem 169.2MiB / 7.598GiB
baldia_mart_admin: CPU 0.00%, Mem 42.31MiB / 7.598GiB
baldia_mart_cache: CPU 0.62%, Mem 4.086MiB / 7.598GiB
PG Connections: 86
Redis Commands: 54502
---
[2026-05-03T10:51:30.501Z] 
baldia_mart_api: CPU 1.59%, Mem 169.7MiB / 7.598GiB
baldia_mart_admin: CPU 0.00%, Mem 42.31MiB / 7.598GiB
baldia_mart_cache: CPU 0.52%, Mem 3.836MiB / 7.598GiB
PG Connections: 86
Redis Commands: 56613
---
[2026-05-03T10:52:30.534Z] 
baldia_mart_api: CPU 1.54%, Mem 168.4MiB / 7.598GiB
baldia_mart_admin: CPU 0.00%, Mem 42.31MiB / 7.598GiB
baldia_mart_cache: CPU 0.48%, Mem 4.082MiB / 7.598GiB
PG Connections: 86
Redis Commands: 58724
---
[2026-05-03T10:53:30.583Z] 
baldia_mart_api: CPU 1.71%, Mem 169.2MiB / 7.598GiB
baldia_mart_admin: CPU 0.00%, Mem 42.31MiB / 7.598GiB
baldia_mart_cache: CPU 0.42%, Mem 3.836MiB / 7.598GiB
PG Connections: 86
Redis Commands: 60835
---
[2026-05-03T10:54:30.845Z] 
baldia_mart_api: CPU 2.94%, Mem 169.3MiB / 7.598GiB
baldia_mart_admin: CPU 0.00%, Mem 42.31MiB / 7.598GiB
baldia_mart_cache: CPU 0.52%, Mem 4.086MiB / 7.598GiB
PG Connections: 86
Redis Commands: 62946
---
[2026-05-03T10:55:30.642Z] 
baldia_mart_api: CPU 1.74%, Mem 168.5MiB / 7.598GiB
baldia_mart_admin: CPU 0.00%, Mem 42.31MiB / 7.598GiB
baldia_mart_cache: CPU 0.52%, Mem 3.836MiB / 7.598GiB
PG Connections: 86
Redis Commands: 65057
---
[2026-05-03T10:56:30.606Z] 
baldia_mart_api: CPU 1.78%, Mem 168.4MiB / 7.598GiB
baldia_mart_admin: CPU 0.00%, Mem 42.31MiB / 7.598GiB
baldia_mart_cache: CPU 0.46%, Mem 4.09MiB / 7.598GiB
PG Connections: 86
Redis Commands: 67168
---
[2026-05-03T10:57:30.622Z] 
baldia_mart_api: CPU 1.59%, Mem 169.5MiB / 7.598GiB
baldia_mart_admin: CPU 0.00%, Mem 42.31MiB / 7.598GiB
baldia_mart_cache: CPU 0.53%, Mem 4.09MiB / 7.598GiB
PG Connections: 86
Redis Commands: 69279
---
[2026-05-03T10:58:30.613Z] 
baldia_mart_api: CPU 1.60%, Mem 170MiB / 7.598GiB
baldia_mart_admin: CPU 0.00%, Mem 42.31MiB / 7.598GiB
baldia_mart_cache: CPU 0.48%, Mem 3.84MiB / 7.598GiB
PG Connections: 86
Redis Commands: 71390
---
[2026-05-03T10:59:30.641Z] 
baldia_mart_api: CPU 1.51%, Mem 170.2MiB / 7.598GiB
baldia_mart_admin: CPU 0.00%, Mem 42.31MiB / 7.598GiB
baldia_mart_cache: CPU 0.49%, Mem 4.09MiB / 7.598GiB
PG Connections: 86
Redis Commands: 73501
---
[2026-05-03T11:00:30.623Z] 
baldia_mart_api: CPU 2.58%, Mem 169.8MiB / 7.598GiB
baldia_mart_admin: CPU 0.00%, Mem 42.31MiB / 7.598GiB
baldia_mart_cache: CPU 0.52%, Mem 3.84MiB / 7.598GiB
PG Connections: 86
Redis Commands: 75609
---
[2026-05-03T11:01:30.588Z] 
baldia_mart_api: CPU 2.07%, Mem 168.2MiB / 7.598GiB
baldia_mart_admin: CPU 0.00%, Mem 42.31MiB / 7.598GiB
baldia_mart_cache: CPU 0.48%, Mem 3.836MiB / 7.598GiB
PG Connections: 86
Redis Commands: 77720
---
[2026-05-03T11:02:30.607Z] 
baldia_mart_api: CPU 1.64%, Mem 168.3MiB / 7.598GiB
baldia_mart_admin: CPU 0.00%, Mem 42.31MiB / 7.598GiB
baldia_mart_cache: CPU 0.59%, Mem 3.836MiB / 7.598GiB
PG Connections: 86
Redis Commands: 79831
---
[2026-05-03T11:03:30.616Z] 
baldia_mart_api: CPU 2.17%, Mem 166.8MiB / 7.598GiB
baldia_mart_admin: CPU 0.00%, Mem 42.31MiB / 7.598GiB
baldia_mart_cache: CPU 0.44%, Mem 3.836MiB / 7.598GiB
PG Connections: 86
Redis Commands: 81947
---
[2026-05-03T11:04:30.673Z] 
baldia_mart_api: CPU 2.23%, Mem 167.8MiB / 7.598GiB
baldia_mart_admin: CPU 0.00%, Mem 42.32MiB / 7.598GiB
baldia_mart_cache: CPU 0.50%, Mem 3.84MiB / 7.598GiB
PG Connections: 86
Redis Commands: 84058
---
[2026-05-03T11:05:30.772Z] 
baldia_mart_api: CPU 2.62%, Mem 166.8MiB / 7.598GiB
baldia_mart_admin: CPU 0.00%, Mem 42.32MiB / 7.598GiB
baldia_mart_cache: CPU 0.48%, Mem 3.84MiB / 7.598GiB
PG Connections: 86
Redis Commands: 86169
---
[2026-05-03T11:06:30.728Z] 
baldia_mart_api: CPU 1.83%, Mem 145MiB / 7.598GiB
baldia_mart_admin: CPU 0.00%, Mem 42.32MiB / 7.598GiB
baldia_mart_cache: CPU 0.56%, Mem 4.094MiB / 7.598GiB
PG Connections: 86
Redis Commands: 88280
---
[2026-05-03T11:07:30.775Z] 
baldia_mart_api: CPU 1.50%, Mem 166.4MiB / 7.598GiB
baldia_mart_admin: CPU 0.00%, Mem 42.32MiB / 7.598GiB
baldia_mart_cache: CPU 0.39%, Mem 3.844MiB / 7.598GiB
PG Connections: 86
Redis Commands: 90391
---
[2026-05-03T11:08:30.796Z] 
baldia_mart_api: CPU 2.08%, Mem 166.1MiB / 7.598GiB
baldia_mart_admin: CPU 0.00%, Mem 42.32MiB / 7.598GiB
baldia_mart_cache: CPU 0.46%, Mem 3.844MiB / 7.598GiB
PG Connections: 86
Redis Commands: 92507
---
[2026-05-03T11:09:30.759Z] 
baldia_mart_api: CPU 0.09%, Mem 166.8MiB / 7.598GiB
baldia_mart_admin: CPU 0.00%, Mem 42.32MiB / 7.598GiB
baldia_mart_cache: CPU 0.48%, Mem 3.844MiB / 7.598GiB
PG Connections: 86
Redis Commands: 94618
---
[2026-05-03T11:10:30.782Z] 
baldia_mart_api: CPU 0.02%, Mem 168.3MiB / 7.598GiB
baldia_mart_admin: CPU 0.00%, Mem 42.32MiB / 7.598GiB
baldia_mart_cache: CPU 0.49%, Mem 3.848MiB / 7.598GiB
PG Connections: 86
Redis Commands: 96729
---
[2026-05-03T11:11:31.173Z] 
baldia_mart_api: CPU 45.55%, Mem 169.3MiB / 7.598GiB
baldia_mart_admin: CPU 71.99%, Mem 45.32MiB / 7.598GiB
baldia_mart_cache: CPU 1.07%, Mem 3.844MiB / 7.598GiB
PG Connections: 86
Redis Commands: 98844
---
[2026-05-03T11:12:30.892Z] 
baldia_mart_api: CPU 10.64%, Mem 169.7MiB / 7.598GiB
baldia_mart_admin: CPU 0.00%, Mem 51.53MiB / 7.598GiB
baldia_mart_cache: CPU 1.06%, Mem 4.199MiB / 7.598GiB
PG Connections: 86
Redis Commands: 100981
---
[2026-05-03T11:13:31.181Z] 
baldia_mart_api: CPU 16.46%, Mem 169.3MiB / 7.598GiB
baldia_mart_admin: CPU 0.00%, Mem 51.53MiB / 7.598GiB
baldia_mart_cache: CPU 1.52%, Mem 4.199MiB / 7.598GiB
PG Connections: 86
Redis Commands: 103093
---
[2026-05-03T11:14:31.297Z] 
baldia_mart_api: CPU 9.21%, Mem 170MiB / 7.598GiB
baldia_mart_admin: CPU 0.00%, Mem 51.53MiB / 7.598GiB
baldia_mart_cache: CPU 0.83%, Mem 3.887MiB / 7.598GiB
PG Connections: 86
Redis Commands: 105209
---
[2026-05-03T11:15:31.135Z] 
baldia_mart_api: CPU 13.93%, Mem 167.8MiB / 7.598GiB
baldia_mart_admin: CPU 0.00%, Mem 51.53MiB / 7.598GiB
baldia_mart_cache: CPU 1.12%, Mem 4.293MiB / 7.598GiB
PG Connections: 86
Redis Commands: 107362
---
[2026-05-03T11:16:31.154Z] 
baldia_mart_api: CPU 43.39%, Mem 171.4MiB / 7.598GiB
baldia_mart_admin: CPU 0.00%, Mem 51.53MiB / 7.598GiB
baldia_mart_cache: CPU 1.20%, Mem 4.336MiB / 7.598GiB
PG Connections: 86
Redis Commands: 109536
---
[2026-05-03T11:17:31.368Z] 
baldia_mart_api: CPU 15.37%, Mem 166.7MiB / 7.598GiB
baldia_mart_admin: CPU 0.00%, Mem 51.53MiB / 7.598GiB
baldia_mart_cache: CPU 0.97%, Mem 4.027MiB / 7.598GiB
PG Connections: 86
Redis Commands: 111726
---
[2026-05-03T11:18:31.306Z] 
baldia_mart_api: CPU 15.77%, Mem 168.5MiB / 7.598GiB
baldia_mart_admin: CPU 0.00%, Mem 51.53MiB / 7.598GiB
baldia_mart_cache: CPU 0.98%, Mem 3.996MiB / 7.598GiB
PG Connections: 86
Redis Commands: 113882
---
[2026-05-03T11:19:31.305Z] 
baldia_mart_api: CPU 8.25%, Mem 171.2MiB / 7.598GiB
baldia_mart_admin: CPU 0.00%, Mem 51.53MiB / 7.598GiB
baldia_mart_cache: CPU 0.95%, Mem 4.086MiB / 7.598GiB
PG Connections: 86
Redis Commands: 116054
---
[2026-05-03T11:20:31.421Z] 
baldia_mart_api: CPU 10.92%, Mem 168.8MiB / 7.598GiB
baldia_mart_admin: CPU 0.00%, Mem 51.53MiB / 7.598GiB
baldia_mart_cache: CPU 1.03%, Mem 4.395MiB / 7.598GiB
PG Connections: 86
Redis Commands: 118237
---
[2026-05-03T11:21:31.460Z] 
baldia_mart_api: CPU 8.17%, Mem 170.9MiB / 7.598GiB
baldia_mart_admin: CPU 0.00%, Mem 51.53MiB / 7.598GiB
baldia_mart_cache: CPU 0.96%, Mem 4.27MiB / 7.598GiB
PG Connections: 86
Redis Commands: 120430
---
[2026-05-03T11:22:31.466Z] 
baldia_mart_api: CPU 1.56%, Mem 161.1MiB / 7.598GiB
baldia_mart_admin: CPU 0.00%, Mem 51.53MiB / 7.598GiB
baldia_mart_cache: CPU 0.41%, Mem 4.277MiB / 7.598GiB
PG Connections: 86
Redis Commands: 122571
---
[2026-05-03T11:23:30.418Z] 
baldia_mart_api: CPU 1.57%, Mem 169.1MiB / 7.598GiB
baldia_mart_admin: CPU 0.00%, Mem 51.53MiB / 7.598GiB
baldia_mart_cache: CPU 0.45%, Mem 4.402MiB / 7.598GiB
PG Connections: 86
Redis Commands: 124613
---
[2026-05-03T11:24:30.466Z] 
baldia_mart_api: CPU 1.84%, Mem 171.9MiB / 7.598GiB
baldia_mart_admin: CPU 0.00%, Mem 51.53MiB / 7.598GiB
baldia_mart_cache: CPU 0.44%, Mem 4.293MiB / 7.598GiB
PG Connections: 86
Redis Commands: 126717
---
[2026-05-03T11:25:30.580Z] 
baldia_mart_api: CPU 1.98%, Mem 172.8MiB / 7.598GiB
baldia_mart_admin: CPU 0.00%, Mem 51.53MiB / 7.598GiB
baldia_mart_cache: CPU 0.45%, Mem 4.629MiB / 7.598GiB
PG Connections: 86
Redis Commands: 128862
---
[2026-05-03T11:26:31.512Z] 
baldia_mart_api: CPU 5.65%, Mem 171.1MiB / 7.598GiB
baldia_mart_admin: CPU 0.00%, Mem 51.53MiB / 7.598GiB
baldia_mart_cache: CPU 1.28%, Mem 4.801MiB / 7.598GiB
PG Connections: 86
Redis Commands: 130974
---
[2026-05-03T11:27:31.351Z] 
baldia_mart_api: CPU 16.13%, Mem 171.2MiB / 7.598GiB
baldia_mart_admin: CPU 0.00%, Mem 51.53MiB / 7.598GiB
baldia_mart_cache: CPU 1.42%, Mem 4.508MiB / 7.598GiB
PG Connections: 86
Redis Commands: 133097
---
[2026-05-03T11:28:31.278Z] 
baldia_mart_api: CPU 6.12%, Mem 172.9MiB / 7.598GiB
baldia_mart_admin: CPU 0.00%, Mem 51.53MiB / 7.598GiB
baldia_mart_cache: CPU 1.12%, Mem 4.355MiB / 7.598GiB
PG Connections: 86
Redis Commands: 135232
---
[2026-05-03T11:29:31.457Z] 
baldia_mart_api: CPU 4.62%, Mem 172.6MiB / 7.598GiB
baldia_mart_admin: CPU 0.00%, Mem 51.53MiB / 7.598GiB
baldia_mart_cache: CPU 1.05%, Mem 4.359MiB / 7.598GiB
PG Connections: 86
Redis Commands: 137349
---
[2026-05-03T11:30:31.889Z] 
baldia_mart_api: CPU 4.30%, Mem 172MiB / 7.598GiB
baldia_mart_admin: CPU 0.00%, Mem 51.53MiB / 7.598GiB
baldia_mart_cache: CPU 1.08%, Mem 4.27MiB / 7.598GiB
PG Connections: 86
Redis Commands: 139466
---
[2026-05-03T11:31:31.520Z] 
baldia_mart_api: CPU 0.21%, Mem 173.4MiB / 7.598GiB
baldia_mart_admin: CPU 0.00%, Mem 51.53MiB / 7.598GiB
baldia_mart_cache: CPU 0.94%, Mem 4.27MiB / 7.598GiB
PG Connections: 86
Redis Commands: 141583
---
[2026-05-03T11:32:31.664Z] 
baldia_mart_api: CPU 0.09%, Mem 170.7MiB / 7.598GiB
baldia_mart_admin: CPU 0.00%, Mem 51.53MiB / 7.598GiB
baldia_mart_cache: CPU 0.92%, Mem 4.473MiB / 7.598GiB
PG Connections: 86
Redis Commands: 143692
---
[2026-05-03T11:33:32.055Z] 
baldia_mart_api: CPU 4.41%, Mem 170.9MiB / 7.598GiB
baldia_mart_admin: CPU 0.00%, Mem 51.53MiB / 7.598GiB
baldia_mart_cache: CPU 2.38%, Mem 4.223MiB / 7.598GiB
PG Connections: 86
Redis Commands: 145818
---
[2026-05-03T11:34:32.023Z] 
baldia_mart_api: CPU 4.64%, Mem 173MiB / 7.598GiB
baldia_mart_admin: CPU 0.00%, Mem 51.53MiB / 7.598GiB
baldia_mart_cache: CPU 2.20%, Mem 4.219MiB / 7.598GiB
PG Connections: 86
Redis Commands: 147939
---
[2026-05-03T11:35:31.978Z] 
baldia_mart_api: CPU 8.38%, Mem 173MiB / 7.598GiB
baldia_mart_admin: CPU 0.00%, Mem 51.53MiB / 7.598GiB
baldia_mart_cache: CPU 0.98%, Mem 4.469MiB / 7.598GiB
PG Connections: 86
Redis Commands: 150056
---
[2026-05-03T11:36:32.390Z] 
baldia_mart_api: CPU 25.23%, Mem 171.7MiB / 7.598GiB
baldia_mart_admin: CPU 0.00%, Mem 51.53MiB / 7.598GiB
baldia_mart_cache: CPU 2.30%, Mem 4.223MiB / 7.598GiB
PG Connections: 86
Redis Commands: 152173
---
[2026-05-03T11:37:32.510Z] 
baldia_mart_api: CPU 54.87%, Mem 172.2MiB / 7.598GiB
baldia_mart_admin: CPU 0.00%, Mem 51.53MiB / 7.598GiB
baldia_mart_cache: CPU 1.99%, Mem 4.23MiB / 7.598GiB
PG Connections: 86
Redis Commands: 154290
---
[2026-05-03T11:38:32.067Z] 
baldia_mart_api: CPU 31.58%, Mem 172.6MiB / 7.598GiB
baldia_mart_admin: CPU 0.00%, Mem 51.53MiB / 7.598GiB
baldia_mart_cache: CPU 0.92%, Mem 4.227MiB / 7.598GiB
PG Connections: 86
Redis Commands: 156403
---
[2026-05-03T11:39:31.942Z] 
baldia_mart_api: CPU 23.96%, Mem 175.3MiB / 7.598GiB
baldia_mart_admin: CPU 0.00%, Mem 51.53MiB / 7.598GiB
baldia_mart_cache: CPU 0.93%, Mem 4.223MiB / 7.598GiB
PG Connections: 86
Redis Commands: 158520
---
[2026-05-03T11:40:32.244Z] 
baldia_mart_api: CPU 34.27%, Mem 173.6MiB / 7.598GiB
baldia_mart_admin: CPU 0.00%, Mem 51.53MiB / 7.598GiB
baldia_mart_cache: CPU 3.03%, Mem 4.223MiB / 7.598GiB
PG Connections: 86
Redis Commands: 160637
---
[2026-05-03T11:41:32.104Z] 
baldia_mart_api: CPU 12.28%, Mem 173.4MiB / 7.598GiB
baldia_mart_admin: CPU 0.00%, Mem 51.53MiB / 7.598GiB
baldia_mart_cache: CPU 2.73%, Mem 4.223MiB / 7.598GiB
PG Connections: 86
Redis Commands: 162754
---
[2026-05-03T11:42:31.899Z] 
baldia_mart_api: CPU 19.66%, Mem 174.6MiB / 7.598GiB
baldia_mart_admin: CPU 0.00%, Mem 51.53MiB / 7.598GiB
baldia_mart_cache: CPU 2.58%, Mem 4.234MiB / 7.598GiB
PG Connections: 86
Redis Commands: 164871
---
[2026-05-03T11:43:32.104Z] 
baldia_mart_api: CPU 13.47%, Mem 174.2MiB / 7.598GiB
baldia_mart_admin: CPU 71.85%, Mem 51.89MiB / 7.598GiB
baldia_mart_cache: CPU 2.04%, Mem 4.234MiB / 7.598GiB
PG Connections: 86
Redis Commands: 166989
---
[2026-05-03T11:44:31.980Z] 
baldia_mart_api: CPU 4.34%, Mem 174.6MiB / 7.598GiB
baldia_mart_admin: CPU 0.00%, Mem 50.56MiB / 7.598GiB
baldia_mart_cache: CPU 0.95%, Mem 4.477MiB / 7.598GiB
PG Connections: 86
Redis Commands: 169111
---
[2026-05-03T11:45:32.154Z] 
baldia_mart_api: CPU 4.11%, Mem 173.6MiB / 7.598GiB
baldia_mart_admin: CPU 0.00%, Mem 49.77MiB / 7.598GiB
baldia_mart_cache: CPU 0.95%, Mem 4.297MiB / 7.598GiB
PG Connections: 86
Redis Commands: 171252
---
[2026-05-03T11:46:32.183Z] 
baldia_mart_api: CPU 5.72%, Mem 174MiB / 7.598GiB
baldia_mart_admin: CPU 0.00%, Mem 50.07MiB / 7.598GiB
baldia_mart_cache: CPU 1.19%, Mem 4.547MiB / 7.598GiB
PG Connections: 86
Redis Commands: 173378
---
[2026-05-03T11:47:32.052Z] 
baldia_mart_api: CPU 4.11%, Mem 173.1MiB / 7.598GiB
baldia_mart_admin: CPU 0.00%, Mem 50.07MiB / 7.598GiB
baldia_mart_cache: CPU 1.08%, Mem 4.297MiB / 7.598GiB
PG Connections: 86
Redis Commands: 175394
---
[2026-05-03T11:48:33.287Z] 
baldia_mart_api: CPU 11.23%, Mem 174MiB / 7.598GiB
baldia_mart_admin: CPU 0.00%, Mem 50.07MiB / 7.598GiB
baldia_mart_cache: CPU 1.24%, Mem 4.262MiB / 7.598GiB
PG Connections: 86
Redis Commands: 177610
---
[2026-05-03T11:49:32.096Z] 
baldia_mart_api: CPU 5.69%, Mem 175.2MiB / 7.598GiB
baldia_mart_admin: CPU 0.00%, Mem 50.07MiB / 7.598GiB
baldia_mart_cache: CPU 0.94%, Mem 4.254MiB / 7.598GiB
PG Connections: 86
Redis Commands: 179626
---
[2026-05-03T11:50:32.101Z] 
baldia_mart_api: CPU 21.72%, Mem 175.5MiB / 7.598GiB
baldia_mart_admin: CPU 0.00%, Mem 50.07MiB / 7.598GiB
baldia_mart_cache: CPU 1.02%, Mem 4.508MiB / 7.598GiB
PG Connections: 86
Redis Commands: 181737
---
[2026-05-03T11:51:32.094Z] 
baldia_mart_api: CPU 26.49%, Mem 173.9MiB / 7.598GiB
baldia_mart_admin: CPU 0.00%, Mem 50.07MiB / 7.598GiB
baldia_mart_cache: CPU 0.95%, Mem 4.258MiB / 7.598GiB
PG Connections: 86
Redis Commands: 183845
---
[2026-05-03T11:52:32.704Z] 
baldia_mart_api: CPU 5.85%, Mem 175.3MiB / 7.598GiB
baldia_mart_admin: CPU 0.00%, Mem 50.08MiB / 7.598GiB
baldia_mart_cache: CPU 2.86%, Mem 4.223MiB / 7.598GiB
PG Connections: 86
Redis Commands: 185961
---
[2026-05-03T11:53:32.218Z] 
baldia_mart_api: CPU 6.26%, Mem 175.6MiB / 7.598GiB
baldia_mart_admin: CPU 0.00%, Mem 50.08MiB / 7.598GiB
baldia_mart_cache: CPU 4.45%, Mem 4.473MiB / 7.598GiB
PG Connections: 86
Redis Commands: 188077
---
[2026-05-03T11:54:32.111Z] 
baldia_mart_api: CPU 4.59%, Mem 173.3MiB / 7.598GiB
baldia_mart_admin: CPU 0.00%, Mem 50.08MiB / 7.598GiB
baldia_mart_cache: CPU 2.59%, Mem 4.477MiB / 7.598GiB
PG Connections: 86
Redis Commands: 190188
---
[2026-05-03T11:55:32.234Z] 
baldia_mart_api: CPU 4.97%, Mem 173.3MiB / 7.598GiB
baldia_mart_admin: CPU 0.00%, Mem 50.08MiB / 7.598GiB
baldia_mart_cache: CPU 2.37%, Mem 4.477MiB / 7.598GiB
PG Connections: 86
Redis Commands: 192304
---
[2026-05-03T11:56:32.301Z] 
baldia_mart_api: CPU 2.12%, Mem 174.5MiB / 7.598GiB
baldia_mart_admin: CPU 0.00%, Mem 50.08MiB / 7.598GiB
baldia_mart_cache: CPU 2.70%, Mem 4.48MiB / 7.598GiB
PG Connections: 86
Redis Commands: 194413
---
[2026-05-03T11:57:32.104Z] 
baldia_mart_api: CPU 17.93%, Mem 175.1MiB / 7.598GiB
baldia_mart_admin: CPU 0.00%, Mem 50.08MiB / 7.598GiB
baldia_mart_cache: CPU 0.90%, Mem 4.227MiB / 7.598GiB
PG Connections: 86
Redis Commands: 196528
---
[2026-05-03T11:58:32.687Z] 
baldia_mart_api: CPU 21.90%, Mem 174.4MiB / 7.598GiB
baldia_mart_admin: CPU 0.00%, Mem 50.08MiB / 7.598GiB
baldia_mart_cache: CPU 1.12%, Mem 4.727MiB / 7.598GiB
PG Connections: 86
Redis Commands: 198644
---
[2026-05-03T11:59:32.204Z] 
baldia_mart_api: CPU 24.04%, Mem 175MiB / 7.598GiB
baldia_mart_admin: CPU 0.00%, Mem 50.08MiB / 7.598GiB
baldia_mart_cache: CPU 0.95%, Mem 4.223MiB / 7.598GiB
PG Connections: 86
Redis Commands: 200760
---
[2026-05-03T12:00:32.177Z] 
baldia_mart_api: CPU 67.36%, Mem 173.7MiB / 7.598GiB
baldia_mart_admin: CPU 0.00%, Mem 50.08MiB / 7.598GiB
baldia_mart_cache: CPU 2.25%, Mem 4.223MiB / 7.598GiB
PG Connections: 86
Redis Commands: 202871
---
[2026-05-03T12:01:32.105Z] 
baldia_mart_api: CPU 22.92%, Mem 174.7MiB / 7.598GiB
baldia_mart_admin: CPU 0.00%, Mem 50.08MiB / 7.598GiB
baldia_mart_cache: CPU 2.52%, Mem 4.23MiB / 7.598GiB
PG Connections: 86
Redis Commands: 204982
---
[2026-05-03T12:02:32.079Z] 
baldia_mart_api: CPU 5.77%, Mem 175MiB / 7.598GiB
baldia_mart_admin: CPU 0.00%, Mem 50.08MiB / 7.598GiB
baldia_mart_cache: CPU 2.40%, Mem 4.23MiB / 7.598GiB
PG Connections: 86
Redis Commands: 207091
---
[2026-05-03T12:03:32.163Z] 
baldia_mart_api: CPU 3.95%, Mem 174.5MiB / 7.598GiB
baldia_mart_admin: CPU 0.00%, Mem 50.08MiB / 7.598GiB
baldia_mart_cache: CPU 2.44%, Mem 4.227MiB / 7.598GiB
PG Connections: 86
Redis Commands: 209206
---
[2026-05-03T12:04:32.899Z] 
baldia_mart_api: CPU 4.94%, Mem 174.2MiB / 7.598GiB
baldia_mart_admin: CPU 0.00%, Mem 50.08MiB / 7.598GiB
baldia_mart_cache: CPU 2.78%, Mem 4.48MiB / 7.598GiB
PG Connections: 86
Redis Commands: 211322
---
[2026-05-03T12:05:32.206Z] 
baldia_mart_api: CPU 18.70%, Mem 173.9MiB / 7.598GiB
baldia_mart_admin: CPU 0.00%, Mem 50.08MiB / 7.598GiB
baldia_mart_cache: CPU 1.09%, Mem 4.223MiB / 7.598GiB
PG Connections: 86
Redis Commands: 213438
---
[2026-05-03T12:06:32.125Z] 
baldia_mart_api: CPU 20.26%, Mem 175.1MiB / 7.598GiB
baldia_mart_admin: CPU 0.00%, Mem 50.09MiB / 7.598GiB
baldia_mart_cache: CPU 0.99%, Mem 4.227MiB / 7.598GiB
PG Connections: 86
Redis Commands: 215554
---
[2026-05-03T12:07:32.526Z] 
baldia_mart_api: CPU 27.60%, Mem 173.8MiB / 7.598GiB
baldia_mart_admin: CPU 0.00%, Mem 50.09MiB / 7.598GiB
baldia_mart_cache: CPU 2.57%, Mem 4.23MiB / 7.598GiB
PG Connections: 86
Redis Commands: 217670
---
[2026-05-03T12:08:32.284Z] 
baldia_mart_api: CPU 5.26%, Mem 173.9MiB / 7.598GiB
baldia_mart_admin: CPU 0.00%, Mem 50.09MiB / 7.598GiB
baldia_mart_cache: CPU 2.48%, Mem 4.234MiB / 7.598GiB
PG Connections: 86
Redis Commands: 219781
---
[2026-05-03T12:09:32.303Z] 
baldia_mart_api: CPU 10.71%, Mem 176.5MiB / 7.598GiB
baldia_mart_admin: CPU 0.00%, Mem 50.09MiB / 7.598GiB
baldia_mart_cache: CPU 0.93%, Mem 4.227MiB / 7.598GiB
PG Connections: 86
Redis Commands: 221884
---
[2026-05-03T12:10:32.338Z] 
baldia_mart_api: CPU 12.97%, Mem 172.8MiB / 7.598GiB
baldia_mart_admin: CPU 0.00%, Mem 50.09MiB / 7.598GiB
baldia_mart_cache: CPU 1.06%, Mem 4.473MiB / 7.598GiB
PG Connections: 86
Redis Commands: 223995
---
[2026-05-03T12:11:32.224Z] 
baldia_mart_api: CPU 4.69%, Mem 173MiB / 7.598GiB
baldia_mart_admin: CPU 0.00%, Mem 50.09MiB / 7.598GiB
baldia_mart_cache: CPU 1.54%, Mem 4.227MiB / 7.598GiB
PG Connections: 86
Redis Commands: 226106
---
[2026-05-03T12:12:32.436Z] 
baldia_mart_api: CPU 54.13%, Mem 174.6MiB / 7.598GiB
baldia_mart_admin: CPU 0.00%, Mem 50.09MiB / 7.598GiB
baldia_mart_cache: CPU 1.20%, Mem 4.223MiB / 7.598GiB
PG Connections: 86
Redis Commands: 228222
---
[2026-05-03T12:13:32.404Z] 
baldia_mart_api: CPU 6.39%, Mem 173.6MiB / 7.598GiB
baldia_mart_admin: CPU 0.00%, Mem 50.09MiB / 7.598GiB
baldia_mart_cache: CPU 1.03%, Mem 4.477MiB / 7.598GiB
PG Connections: 86
Redis Commands: 230333
---
[2026-05-03T12:14:32.271Z] 
baldia_mart_api: CPU 6.55%, Mem 172.4MiB / 7.598GiB
baldia_mart_admin: CPU 0.00%, Mem 50.09MiB / 7.598GiB
baldia_mart_cache: CPU 1.06%, Mem 4.227MiB / 7.598GiB
PG Connections: 86
Redis Commands: 232449
---
[2026-05-03T12:15:32.295Z] 
baldia_mart_api: CPU 5.23%, Mem 173.4MiB / 7.598GiB
baldia_mart_admin: CPU 0.00%, Mem 50.09MiB / 7.598GiB
baldia_mart_cache: CPU 0.95%, Mem 4.227MiB / 7.598GiB
PG Connections: 86
Redis Commands: 234557
---
[2026-05-03T12:16:32.413Z] 
baldia_mart_api: CPU 8.82%, Mem 172.9MiB / 7.598GiB
baldia_mart_admin: CPU 0.00%, Mem 50.09MiB / 7.598GiB
baldia_mart_cache: CPU 1.09%, Mem 4.473MiB / 7.598GiB
PG Connections: 86
Redis Commands: 236673
---
[2026-05-03T12:17:32.217Z] 
baldia_mart_api: CPU 3.80%, Mem 172.8MiB / 7.598GiB
baldia_mart_admin: CPU 0.00%, Mem 50.09MiB / 7.598GiB
baldia_mart_cache: CPU 1.00%, Mem 4.207MiB / 7.598GiB
PG Connections: 86
Redis Commands: 238689
---
[2026-05-03T12:18:32.823Z] 
baldia_mart_api: CPU 0.58%, Mem 172.8MiB / 7.598GiB
baldia_mart_admin: CPU 0.00%, Mem 50.09MiB / 7.598GiB
baldia_mart_cache: CPU 1.06%, Mem 4.215MiB / 7.598GiB
PG Connections: 86
Redis Commands: 240905
---
[2026-05-03T12:19:32.590Z] 
baldia_mart_api: CPU 14.12%, Mem 173.2MiB / 7.598GiB
baldia_mart_admin: CPU 0.00%, Mem 50.09MiB / 7.598GiB
baldia_mart_cache: CPU 1.10%, Mem 4.461MiB / 7.598GiB
PG Connections: 86
Redis Commands: 242921
---
[2026-05-03T12:20:32.283Z] 
baldia_mart_api: CPU 5.72%, Mem 175.1MiB / 7.598GiB
baldia_mart_admin: CPU 0.00%, Mem 50.09MiB / 7.598GiB
baldia_mart_cache: CPU 2.50%, Mem 4.465MiB / 7.598GiB
PG Connections: 86
Redis Commands: 245037
---
[2026-05-03T12:21:32.759Z] 
baldia_mart_api: CPU 8.53%, Mem 174MiB / 7.598GiB
baldia_mart_admin: CPU 0.00%, Mem 50.09MiB / 7.598GiB
baldia_mart_cache: CPU 3.96%, Mem 4.457MiB / 7.598GiB
PG Connections: 86
Redis Commands: 247146
---
[2026-05-03T12:22:32.312Z] 
baldia_mart_api: CPU 12.63%, Mem 172.8MiB / 7.598GiB
baldia_mart_admin: CPU 0.00%, Mem 50.09MiB / 7.598GiB
baldia_mart_cache: CPU 1.60%, Mem 4.211MiB / 7.598GiB
PG Connections: 86
Redis Commands: 249261
---
[2026-05-03T12:23:31.537Z] 
baldia_mart_api: CPU 37.25%, Mem 174.1MiB / 7.598GiB
baldia_mart_admin: CPU 0.00%, Mem 50.09MiB / 7.598GiB
baldia_mart_cache: CPU 3.47%, Mem 4.211MiB / 7.598GiB
PG Connections: 86
Redis Commands: 251377
---
[2026-05-03T12:24:32.378Z] 
baldia_mart_api: CPU 0.72%, Mem 174.1MiB / 7.598GiB
baldia_mart_admin: CPU 0.00%, Mem 50.09MiB / 7.598GiB
baldia_mart_cache: CPU 1.02%, Mem 4.461MiB / 7.598GiB
PG Connections: 86
Redis Commands: 253493
---
[2026-05-03T12:25:31.590Z] 
baldia_mart_api: CPU 26.40%, Mem 172.7MiB / 7.598GiB
baldia_mart_admin: CPU 0.00%, Mem 50.09MiB / 7.598GiB
baldia_mart_cache: CPU 2.52%, Mem 4.215MiB / 7.598GiB
PG Connections: 86
Redis Commands: 255604
---
[2026-05-03T12:26:32.329Z] 
baldia_mart_api: CPU 16.59%, Mem 172.8MiB / 7.598GiB
baldia_mart_admin: CPU 0.00%, Mem 50.09MiB / 7.598GiB
baldia_mart_cache: CPU 2.09%, Mem 4.465MiB / 7.598GiB
PG Connections: 86
Redis Commands: 257720
---
[2026-05-03T12:27:32.356Z] 
baldia_mart_api: CPU 23.58%, Mem 173.8MiB / 7.598GiB
baldia_mart_admin: CPU 0.00%, Mem 50.09MiB / 7.598GiB
baldia_mart_cache: CPU 2.28%, Mem 4.461MiB / 7.598GiB
PG Connections: 86
Redis Commands: 259828
---
[2026-05-03T12:28:32.058Z] 
baldia_mart_api: CPU 4.95%, Mem 173.4MiB / 7.598GiB
baldia_mart_admin: CPU 0.00%, Mem 50.09MiB / 7.598GiB
baldia_mart_cache: CPU 1.00%, Mem 4.457MiB / 7.598GiB
PG Connections: 86
Redis Commands: 261944
---
[2026-05-03T12:29:32.377Z] 
baldia_mart_api: CPU 6.94%, Mem 173.3MiB / 7.598GiB
baldia_mart_admin: CPU 0.00%, Mem 50.09MiB / 7.598GiB
baldia_mart_cache: CPU 2.50%, Mem 4.461MiB / 7.598GiB
PG Connections: 86
Redis Commands: 264060
---
[2026-05-03T12:30:31.782Z] 
baldia_mart_api: CPU 5.28%, Mem 175.4MiB / 7.598GiB
baldia_mart_admin: CPU 0.00%, Mem 50.09MiB / 7.598GiB
baldia_mart_cache: CPU 1.08%, Mem 4.215MiB / 7.598GiB
PG Connections: 86
Redis Commands: 266171
---
[2026-05-03T12:31:31.638Z] 
baldia_mart_api: CPU 4.46%, Mem 174.6MiB / 7.598GiB
baldia_mart_admin: CPU 0.00%, Mem 50.09MiB / 7.598GiB
baldia_mart_cache: CPU 0.94%, Mem 4.211MiB / 7.598GiB
PG Connections: 86
Redis Commands: 268287
---
[2026-05-03T12:32:31.803Z] 
baldia_mart_api: CPU 13.64%, Mem 173.5MiB / 7.598GiB
baldia_mart_admin: CPU 0.00%, Mem 50.1MiB / 7.598GiB
baldia_mart_cache: CPU 0.94%, Mem 4.461MiB / 7.598GiB
PG Connections: 86
Redis Commands: 270395
---
[2026-05-03T12:33:31.595Z] 
baldia_mart_api: CPU 4.74%, Mem 174.7MiB / 7.598GiB
baldia_mart_admin: CPU 0.00%, Mem 50.1MiB / 7.598GiB
baldia_mart_cache: CPU 0.97%, Mem 4.207MiB / 7.598GiB
PG Connections: 86
Redis Commands: 272437
---
[2026-05-03T12:34:31.610Z] 
baldia_mart_api: CPU 5.26%, Mem 174.6MiB / 7.598GiB
baldia_mart_admin: CPU 0.00%, Mem 50.1MiB / 7.598GiB
baldia_mart_cache: CPU 1.10%, Mem 4.457MiB / 7.598GiB
PG Connections: 86
Redis Commands: 274527
---
[2026-05-03T12:35:31.914Z] 
baldia_mart_api: CPU 6.23%, Mem 172.5MiB / 7.598GiB
baldia_mart_admin: CPU 0.00%, Mem 50.1MiB / 7.598GiB
baldia_mart_cache: CPU 1.43%, Mem 4.457MiB / 7.598GiB
PG Connections: 86
Redis Commands: 276713
---
[2026-05-03T12:36:31.727Z] 
baldia_mart_api: CPU 5.36%, Mem 173.1MiB / 7.598GiB
baldia_mart_admin: CPU 0.00%, Mem 50.1MiB / 7.598GiB
baldia_mart_cache: CPU 1.01%, Mem 4.219MiB / 7.598GiB
PG Connections: 86
Redis Commands: 278759
---
[2026-05-03T12:37:31.990Z] 
baldia_mart_api: CPU 9.85%, Mem 173.5MiB / 7.598GiB
baldia_mart_admin: CPU 0.00%, Mem 50.1MiB / 7.598GiB
baldia_mart_cache: CPU 1.07%, Mem 4.461MiB / 7.598GiB
PG Connections: 86
Redis Commands: 280875
---
[2026-05-03T12:38:31.915Z] 
baldia_mart_api: CPU 4.22%, Mem 174.1MiB / 7.598GiB
baldia_mart_admin: CPU 0.00%, Mem 50.1MiB / 7.598GiB
baldia_mart_cache: CPU 0.96%, Mem 4.461MiB / 7.598GiB
PG Connections: 86
Redis Commands: 282983
---
[2026-05-03T12:39:31.961Z] 
baldia_mart_api: CPU 8.77%, Mem 172.4MiB / 7.598GiB
baldia_mart_admin: CPU 0.00%, Mem 50.1MiB / 7.598GiB
baldia_mart_cache: CPU 1.00%, Mem 4.207MiB / 7.598GiB
PG Connections: 86
Redis Commands: 285094
---
[2026-05-03T12:40:32.086Z] 
baldia_mart_api: CPU 4.56%, Mem 174.1MiB / 7.598GiB
baldia_mart_admin: CPU 0.00%, Mem 50.1MiB / 7.598GiB
baldia_mart_cache: CPU 1.01%, Mem 4.207MiB / 7.598GiB
PG Connections: 86
Redis Commands: 287210
---
[2026-05-03T12:41:32.169Z] 
baldia_mart_api: CPU 5.12%, Mem 174.6MiB / 7.598GiB
baldia_mart_admin: CPU 0.00%, Mem 50.1MiB / 7.598GiB
baldia_mart_cache: CPU 1.04%, Mem 4.211MiB / 7.598GiB
PG Connections: 86
Redis Commands: 289321
---
[2026-05-03T12:42:31.980Z] 
baldia_mart_api: CPU 6.96%, Mem 173.6MiB / 7.598GiB
baldia_mart_admin: CPU 0.00%, Mem 50.1MiB / 7.598GiB
baldia_mart_cache: CPU 1.00%, Mem 4.219MiB / 7.598GiB
PG Connections: 86
Redis Commands: 291432
---
[2026-05-03T12:43:32.123Z] 
baldia_mart_api: CPU 7.29%, Mem 175MiB / 7.598GiB
baldia_mart_admin: CPU 0.00%, Mem 50.1MiB / 7.598GiB
baldia_mart_cache: CPU 1.18%, Mem 4.211MiB / 7.598GiB
PG Connections: 86
Redis Commands: 293535
---
[2026-05-03T12:44:32.595Z] 
baldia_mart_api: CPU 12.47%, Mem 174.4MiB / 7.598GiB
baldia_mart_admin: CPU 0.00%, Mem 50.1MiB / 7.598GiB
baldia_mart_cache: CPU 1.11%, Mem 4.457MiB / 7.598GiB
PG Connections: 86
Redis Commands: 295746
---
[2026-05-03T12:45:31.908Z] 
baldia_mart_api: CPU 4.64%, Mem 174.7MiB / 7.598GiB
baldia_mart_admin: CPU 0.00%, Mem 50.1MiB / 7.598GiB
baldia_mart_cache: CPU 0.97%, Mem 4.461MiB / 7.598GiB
PG Connections: 86
Redis Commands: 297757
---
[2026-05-03T12:46:31.987Z] 
baldia_mart_api: CPU 5.94%, Mem 173.3MiB / 7.598GiB
baldia_mart_admin: CPU 0.00%, Mem 50.11MiB / 7.598GiB
baldia_mart_cache: CPU 1.01%, Mem 4.211MiB / 7.598GiB
PG Connections: 86
Redis Commands: 299868
---
[2026-05-03T12:47:32.037Z] 
baldia_mart_api: CPU 5.91%, Mem 174.3MiB / 7.598GiB
baldia_mart_admin: CPU 0.00%, Mem 50.11MiB / 7.598GiB
baldia_mart_cache: CPU 1.04%, Mem 4.465MiB / 7.598GiB
PG Connections: 86
Redis Commands: 301979
---
[2026-05-03T12:48:32.151Z] 
baldia_mart_api: CPU 4.62%, Mem 174.8MiB / 7.598GiB
baldia_mart_admin: CPU 0.00%, Mem 50.11MiB / 7.598GiB
baldia_mart_cache: CPU 1.02%, Mem 4.211MiB / 7.598GiB
PG Connections: 86
Redis Commands: 304095
---
[2026-05-03T12:49:32.074Z] 
baldia_mart_api: CPU 8.39%, Mem 174MiB / 7.598GiB
baldia_mart_admin: CPU 0.00%, Mem 50.11MiB / 7.598GiB
baldia_mart_cache: CPU 0.99%, Mem 4.211MiB / 7.598GiB
PG Connections: 86
Redis Commands: 306198
---
[2026-05-03T12:50:32.184Z] 
baldia_mart_api: CPU 4.50%, Mem 173.5MiB / 7.598GiB
baldia_mart_admin: CPU 0.00%, Mem 50.11MiB / 7.598GiB
baldia_mart_cache: CPU 0.89%, Mem 4.457MiB / 7.598GiB
PG Connections: 86
Redis Commands: 308314
---
[2026-05-03T12:51:31.586Z] 
baldia_mart_api: CPU 22.95%, Mem 174MiB / 7.598GiB
baldia_mart_admin: CPU 0.00%, Mem 50.11MiB / 7.598GiB
baldia_mart_cache: CPU 2.28%, Mem 4.207MiB / 7.598GiB
PG Connections: 86
Redis Commands: 310430
---
[2026-05-03T12:52:32.397Z] 
baldia_mart_api: CPU 5.89%, Mem 173.4MiB / 7.598GiB
baldia_mart_admin: CPU 0.00%, Mem 50.11MiB / 7.598GiB
baldia_mart_cache: CPU 0.93%, Mem 4.457MiB / 7.598GiB
PG Connections: 86
Redis Commands: 312546
---
[2026-05-03T12:53:31.513Z] 
baldia_mart_api: CPU 29.16%, Mem 173.5MiB / 7.598GiB
baldia_mart_admin: CPU 0.00%, Mem 50.11MiB / 7.598GiB
baldia_mart_cache: CPU 2.82%, Mem 4.207MiB / 7.598GiB
PG Connections: 86
Redis Commands: 314662
---
[2026-05-03T12:54:31.661Z] 
baldia_mart_api: CPU 28.24%, Mem 173.9MiB / 7.598GiB
baldia_mart_admin: CPU 0.00%, Mem 50.11MiB / 7.598GiB
baldia_mart_cache: CPU 2.70%, Mem 4.211MiB / 7.598GiB
PG Connections: 86
Redis Commands: 316778
---
[2026-05-03T12:55:32.478Z] 
baldia_mart_api: CPU 0.39%, Mem 174.4MiB / 7.598GiB
baldia_mart_admin: CPU 0.00%, Mem 50.11MiB / 7.598GiB
baldia_mart_cache: CPU 2.28%, Mem 4.211MiB / 7.598GiB
PG Connections: 86
Redis Commands: 318894
---
[2026-05-03T12:56:31.714Z] 
baldia_mart_api: CPU 27.01%, Mem 173.9MiB / 7.598GiB
baldia_mart_admin: CPU 0.00%, Mem 50.11MiB / 7.598GiB
baldia_mart_cache: CPU 2.51%, Mem 4.211MiB / 7.598GiB
PG Connections: 86
Redis Commands: 321002
---
[2026-05-03T12:57:32.116Z] 
baldia_mart_api: CPU 27.61%, Mem 172.5MiB / 7.598GiB
baldia_mart_admin: CPU 0.00%, Mem 50.11MiB / 7.598GiB
baldia_mart_cache: CPU 2.45%, Mem 4.211MiB / 7.598GiB
PG Connections: 86
Redis Commands: 323118
---
[2026-05-03T12:58:31.690Z] 
baldia_mart_api: CPU 24.85%, Mem 174.8MiB / 7.598GiB
baldia_mart_admin: CPU 0.00%, Mem 50.11MiB / 7.598GiB
baldia_mart_cache: CPU 2.49%, Mem 4.461MiB / 7.598GiB
PG Connections: 86
Redis Commands: 325234
---
[2026-05-03T12:59:31.735Z] 
baldia_mart_api: CPU 8.68%, Mem 174.7MiB / 7.598GiB
baldia_mart_admin: CPU 0.00%, Mem 50.11MiB / 7.598GiB
baldia_mart_cache: CPU 1.42%, Mem 4.215MiB / 7.598GiB
PG Connections: 86
Redis Commands: 327350
---
[2026-05-03T13:00:31.677Z] 
baldia_mart_api: CPU 5.71%, Mem 173.7MiB / 7.598GiB
baldia_mart_admin: CPU 0.00%, Mem 50.11MiB / 7.598GiB
baldia_mart_cache: CPU 1.10%, Mem 4.461MiB / 7.598GiB
PG Connections: 86
Redis Commands: 329461
---
[2026-05-03T13:01:31.828Z] 
baldia_mart_api: CPU 4.43%, Mem 174.1MiB / 7.598GiB
baldia_mart_admin: CPU 0.00%, Mem 50.11MiB / 7.598GiB
baldia_mart_cache: CPU 0.87%, Mem 4.211MiB / 7.598GiB
PG Connections: 86
Redis Commands: 331569
---
[2026-05-03T13:02:32.174Z] 
baldia_mart_api: CPU 14.28%, Mem 175MiB / 7.598GiB
baldia_mart_admin: CPU 0.00%, Mem 50.11MiB / 7.598GiB
baldia_mart_cache: CPU 1.15%, Mem 4.215MiB / 7.598GiB
PG Connections: 86
Redis Commands: 333680
---
[2026-05-03T13:03:32.464Z] 
baldia_mart_api: CPU 4.21%, Mem 176.3MiB / 7.598GiB
baldia_mart_admin: CPU 0.00%, Mem 50.11MiB / 7.598GiB
baldia_mart_cache: CPU 1.00%, Mem 4.215MiB / 7.598GiB
PG Connections: 86
Redis Commands: 335796
---
[2026-05-03T13:04:32.472Z] 
baldia_mart_api: CPU 23.03%, Mem 175MiB / 7.598GiB
baldia_mart_admin: CPU 0.00%, Mem 50.11MiB / 7.598GiB
baldia_mart_cache: CPU 2.43%, Mem 4.215MiB / 7.598GiB
PG Connections: 86
Redis Commands: 337912
---
[2026-05-03T13:05:32.635Z] 
baldia_mart_api: CPU 10.58%, Mem 173.5MiB / 7.598GiB
baldia_mart_admin: CPU 0.00%, Mem 50.11MiB / 7.598GiB
baldia_mart_cache: CPU 1.04%, Mem 4.215MiB / 7.598GiB
PG Connections: 86
Redis Commands: 340028
---
[2026-05-03T13:06:32.590Z] 
baldia_mart_api: CPU 0.53%, Mem 173MiB / 7.598GiB
baldia_mart_admin: CPU 0.00%, Mem 50.12MiB / 7.598GiB
baldia_mart_cache: CPU 1.07%, Mem 4.465MiB / 7.598GiB
PG Connections: 86
Redis Commands: 342144
---
[2026-05-03T13:07:32.579Z] 
baldia_mart_api: CPU 0.43%, Mem 173.8MiB / 7.598GiB
baldia_mart_admin: CPU 0.00%, Mem 50.12MiB / 7.598GiB
baldia_mart_cache: CPU 1.02%, Mem 4.465MiB / 7.598GiB
PG Connections: 86
Redis Commands: 344252
---
[2026-05-03T13:08:32.689Z] 
baldia_mart_api: CPU 5.19%, Mem 172.9MiB / 7.598GiB
baldia_mart_admin: CPU 0.00%, Mem 50.12MiB / 7.598GiB
baldia_mart_cache: CPU 1.31%, Mem 4.215MiB / 7.598GiB
PG Connections: 86
Redis Commands: 346368
---
[2026-05-03T13:09:32.595Z] 
baldia_mart_api: CPU 2.66%, Mem 174.1MiB / 7.598GiB
baldia_mart_admin: CPU 0.00%, Mem 50.12MiB / 7.598GiB
baldia_mart_cache: CPU 0.91%, Mem 4.215MiB / 7.598GiB
PG Connections: 86
Redis Commands: 348484
---
[2026-05-03T13:10:32.648Z] 
baldia_mart_api: CPU 3.86%, Mem 173.1MiB / 7.598GiB
baldia_mart_admin: CPU 0.00%, Mem 50.12MiB / 7.598GiB
baldia_mart_cache: CPU 0.96%, Mem 4.219MiB / 7.598GiB
PG Connections: 86
Redis Commands: 350600
---
[2026-05-03T13:11:32.526Z] 
baldia_mart_api: CPU 0.42%, Mem 173.2MiB / 7.598GiB
baldia_mart_admin: CPU 0.00%, Mem 50.12MiB / 7.598GiB
baldia_mart_cache: CPU 0.98%, Mem 4.215MiB / 7.598GiB
PG Connections: 86
Redis Commands: 352616
---
[2026-05-03T13:12:32.642Z] 
baldia_mart_api: CPU 0.61%, Mem 174.7MiB / 7.598GiB
baldia_mart_admin: CPU 0.00%, Mem 50.12MiB / 7.598GiB
baldia_mart_cache: CPU 0.94%, Mem 4.465MiB / 7.598GiB
PG Connections: 86
Redis Commands: 354732
---
[2026-05-03T13:13:32.601Z] 
baldia_mart_api: CPU 19.16%, Mem 176.9MiB / 7.598GiB
baldia_mart_admin: CPU 0.00%, Mem 50.12MiB / 7.598GiB
baldia_mart_cache: CPU 1.04%, Mem 4.461MiB / 7.598GiB
PG Connections: 86
Redis Commands: 356840
---
[2026-05-03T13:14:32.589Z] 
baldia_mart_api: CPU 4.85%, Mem 173.7MiB / 7.598GiB
baldia_mart_admin: CPU 0.00%, Mem 50.12MiB / 7.598GiB
baldia_mart_cache: CPU 1.83%, Mem 4.461MiB / 7.598GiB
PG Connections: 86
Redis Commands: 358956
---
[2026-05-03T13:15:32.535Z] 
baldia_mart_api: CPU 4.50%, Mem 175.5MiB / 7.598GiB
baldia_mart_admin: CPU 0.00%, Mem 50.12MiB / 7.598GiB
baldia_mart_cache: CPU 0.95%, Mem 4.211MiB / 7.598GiB
PG Connections: 86
Redis Commands: 361072
---
[2026-05-03T13:16:32.614Z] 
baldia_mart_api: CPU 1.54%, Mem 175.6MiB / 7.598GiB
baldia_mart_admin: CPU 0.00%, Mem 50.12MiB / 7.598GiB
baldia_mart_cache: CPU 2.55%, Mem 4.211MiB / 7.598GiB
PG Connections: 86
Redis Commands: 363188
---
[2026-05-03T13:17:32.664Z] 
baldia_mart_api: CPU 0.85%, Mem 174.8MiB / 7.598GiB
baldia_mart_admin: CPU 0.00%, Mem 50.12MiB / 7.598GiB
baldia_mart_cache: CPU 2.29%, Mem 4.227MiB / 7.598GiB
PG Connections: 86
Redis Commands: 365299
---
[2026-05-03T13:18:33.170Z] 
baldia_mart_api: CPU 66.48%, Mem 175.7MiB / 7.598GiB
baldia_mart_admin: CPU 0.00%, Mem 50.12MiB / 7.598GiB
baldia_mart_cache: CPU 1.19%, Mem 4.223MiB / 7.598GiB
PG Connections: 86
Redis Commands: 367415
---
[2026-05-03T13:19:32.637Z] 
baldia_mart_api: CPU 1.03%, Mem 172.5MiB / 7.598GiB
baldia_mart_admin: CPU 0.00%, Mem 50.12MiB / 7.598GiB
baldia_mart_cache: CPU 2.40%, Mem 4.469MiB / 7.598GiB
PG Connections: 86
Redis Commands: 369531
---
[2026-05-03T13:20:32.732Z] 
baldia_mart_api: CPU 4.28%, Mem 174.4MiB / 7.598GiB
baldia_mart_admin: CPU 0.00%, Mem 50.12MiB / 7.598GiB
baldia_mart_cache: CPU 1.03%, Mem 4.215MiB / 7.598GiB
PG Connections: 86
Redis Commands: 371639
---
[2026-05-03T13:21:33.103Z] 
baldia_mart_api: CPU 0.93%, Mem 171.5MiB / 7.598GiB
baldia_mart_admin: CPU 0.00%, Mem 50.12MiB / 7.598GiB
baldia_mart_cache: CPU 4.15%, Mem 4.461MiB / 7.598GiB
PG Connections: 86
Redis Commands: 373755
---
[2026-05-03T13:22:32.626Z] 
baldia_mart_api: CPU 24.76%, Mem 173.9MiB / 7.598GiB
baldia_mart_admin: CPU 0.00%, Mem 50.12MiB / 7.598GiB
baldia_mart_cache: CPU 0.96%, Mem 4.211MiB / 7.598GiB
PG Connections: 86
Redis Commands: 375871
---
[2026-05-03T13:23:32.560Z] 
baldia_mart_api: CPU 23.60%, Mem 173.9MiB / 7.598GiB
baldia_mart_admin: CPU 0.00%, Mem 50.12MiB / 7.598GiB
baldia_mart_cache: CPU 0.99%, Mem 4.211MiB / 7.598GiB
PG Connections: 86
Redis Commands: 377987
---
[2026-05-03T13:24:32.596Z] 
baldia_mart_api: CPU 25.35%, Mem 172.3MiB / 7.598GiB
baldia_mart_admin: CPU 0.00%, Mem 50.12MiB / 7.598GiB
baldia_mart_cache: CPU 0.95%, Mem 4.219MiB / 7.598GiB
PG Connections: 86
Redis Commands: 380103
---
[2026-05-03T13:25:32.598Z] 
baldia_mart_api: CPU 5.06%, Mem 173.2MiB / 7.598GiB
baldia_mart_admin: CPU 0.00%, Mem 50.12MiB / 7.598GiB
baldia_mart_cache: CPU 2.30%, Mem 4.469MiB / 7.598GiB
PG Connections: 86
Redis Commands: 382219
---
[2026-05-03T13:26:32.655Z] 
baldia_mart_api: CPU 24.33%, Mem 173.7MiB / 7.598GiB
baldia_mart_admin: CPU 0.00%, Mem 50.13MiB / 7.598GiB
baldia_mart_cache: CPU 0.97%, Mem 4.465MiB / 7.598GiB
PG Connections: 86
Redis Commands: 384327
---
[2026-05-03T13:27:32.700Z] 
baldia_mart_api: CPU 20.33%, Mem 172.2MiB / 7.598GiB
baldia_mart_admin: CPU 0.00%, Mem 50.13MiB / 7.598GiB
baldia_mart_cache: CPU 1.01%, Mem 4.211MiB / 7.598GiB
PG Connections: 86
Redis Commands: 386443
---
[2026-05-03T13:28:32.745Z] 
baldia_mart_api: CPU 14.50%, Mem 173.7MiB / 7.598GiB
baldia_mart_admin: CPU 0.00%, Mem 50.13MiB / 7.598GiB
baldia_mart_cache: CPU 0.86%, Mem 4.211MiB / 7.598GiB
PG Connections: 86
Redis Commands: 388559
---
[2026-05-03T13:29:32.804Z] 
baldia_mart_api: CPU 1.19%, Mem 174.4MiB / 7.598GiB
baldia_mart_admin: CPU 0.00%, Mem 50.13MiB / 7.598GiB
baldia_mart_cache: CPU 1.06%, Mem 4.461MiB / 7.598GiB
PG Connections: 86
Redis Commands: 390675
---
[2026-05-03T13:30:32.777Z] 
baldia_mart_api: CPU 1.58%, Mem 174.2MiB / 7.598GiB
baldia_mart_admin: CPU 0.00%, Mem 50.13MiB / 7.598GiB
baldia_mart_cache: CPU 0.97%, Mem 4.465MiB / 7.598GiB
PG Connections: 86
Redis Commands: 392791
---
[2026-05-03T13:31:32.899Z] 
baldia_mart_api: CPU 4.69%, Mem 173.9MiB / 7.598GiB
baldia_mart_admin: CPU 0.00%, Mem 50.13MiB / 7.598GiB
baldia_mart_cache: CPU 0.88%, Mem 4.215MiB / 7.598GiB
PG Connections: 86
Redis Commands: 394907
---
[2026-05-03T13:32:32.833Z] 
baldia_mart_api: CPU 4.20%, Mem 175.6MiB / 7.598GiB
baldia_mart_admin: CPU 0.00%, Mem 50.13MiB / 7.598GiB
baldia_mart_cache: CPU 0.91%, Mem 4.215MiB / 7.598GiB
PG Connections: 86
Redis Commands: 397023
---
[2026-05-03T13:33:32.719Z] 
baldia_mart_api: CPU 4.11%, Mem 172.8MiB / 7.598GiB
baldia_mart_admin: CPU 0.00%, Mem 50.13MiB / 7.598GiB
baldia_mart_cache: CPU 0.93%, Mem 4.215MiB / 7.598GiB
PG Connections: 86
Redis Commands: 399031
---
[2026-05-03T13:34:32.892Z] 
baldia_mart_api: CPU 4.69%, Mem 173.1MiB / 7.598GiB
baldia_mart_admin: CPU 0.00%, Mem 50.13MiB / 7.598GiB
baldia_mart_cache: CPU 0.95%, Mem 4.211MiB / 7.598GiB
PG Connections: 86
Redis Commands: 401147
---
[2026-05-03T13:35:32.760Z] 
baldia_mart_api: CPU 4.41%, Mem 174.8MiB / 7.598GiB
baldia_mart_admin: CPU 0.00%, Mem 50.13MiB / 7.598GiB
baldia_mart_cache: CPU 1.10%, Mem 4.461MiB / 7.598GiB
PG Connections: 86
Redis Commands: 403263
---
[2026-05-03T13:36:32.824Z] 
baldia_mart_api: CPU 3.61%, Mem 174.6MiB / 7.598GiB
baldia_mart_admin: CPU 0.00%, Mem 50.13MiB / 7.598GiB
baldia_mart_cache: CPU 2.56%, Mem 4.211MiB / 7.598GiB
PG Connections: 86
Redis Commands: 405379
---
[2026-05-03T13:37:32.928Z] 
baldia_mart_api: CPU 24.63%, Mem 175.1MiB / 7.598GiB
baldia_mart_admin: CPU 0.00%, Mem 50.13MiB / 7.598GiB
baldia_mart_cache: CPU 0.86%, Mem 4.227MiB / 7.598GiB
PG Connections: 86
Redis Commands: 407495
---
[2026-05-03T13:38:32.876Z] 
baldia_mart_api: CPU 27.60%, Mem 175.6MiB / 7.598GiB
baldia_mart_admin: CPU 0.00%, Mem 50.13MiB / 7.598GiB
baldia_mart_cache: CPU 0.99%, Mem 4.715MiB / 7.598GiB
PG Connections: 86
Redis Commands: 409611
---
[2026-05-03T13:39:32.793Z] 
baldia_mart_api: CPU 36.51%, Mem 173.6MiB / 7.598GiB
baldia_mart_admin: CPU 0.00%, Mem 50.13MiB / 7.598GiB
baldia_mart_cache: CPU 2.28%, Mem 4.223MiB / 7.598GiB
PG Connections: 86
Redis Commands: 411719
---
[2026-05-03T13:40:32.745Z] 
baldia_mart_api: CPU 5.70%, Mem 175.3MiB / 7.598GiB
baldia_mart_admin: CPU 0.00%, Mem 50.14MiB / 7.598GiB
baldia_mart_cache: CPU 2.45%, Mem 4.469MiB / 7.598GiB
PG Connections: 86
Redis Commands: 413835
---
[2026-05-03T13:41:32.807Z] 
baldia_mart_api: CPU 4.25%, Mem 173.9MiB / 7.598GiB
baldia_mart_admin: CPU 0.00%, Mem 50.14MiB / 7.598GiB
baldia_mart_cache: CPU 2.27%, Mem 4.215MiB / 7.598GiB
PG Connections: 86
Redis Commands: 415951
---
[2026-05-03T13:42:32.943Z] 
baldia_mart_api: CPU 10.39%, Mem 174.4MiB / 7.598GiB
baldia_mart_admin: CPU 0.00%, Mem 50.14MiB / 7.598GiB
baldia_mart_cache: CPU 2.53%, Mem 4.219MiB / 7.598GiB
PG Connections: 86
Redis Commands: 418067
---
[2026-05-03T13:43:32.770Z] 
baldia_mart_api: CPU 25.60%, Mem 173.3MiB / 7.598GiB
baldia_mart_admin: CPU 0.00%, Mem 50.14MiB / 7.598GiB
baldia_mart_cache: CPU 1.00%, Mem 4.219MiB / 7.598GiB
PG Connections: 86
Redis Commands: 420183
---
[2026-05-03T13:44:32.782Z] 
baldia_mart_api: CPU 9.85%, Mem 175.2MiB / 7.598GiB
baldia_mart_admin: CPU 0.00%, Mem 50.14MiB / 7.598GiB
baldia_mart_cache: CPU 0.93%, Mem 4.469MiB / 7.598GiB
PG Connections: 86
Redis Commands: 422299
---
[2026-05-03T13:45:32.763Z] 
baldia_mart_api: CPU 29.07%, Mem 173.8MiB / 7.598GiB
baldia_mart_admin: CPU 0.00%, Mem 50.14MiB / 7.598GiB
baldia_mart_cache: CPU 0.93%, Mem 4.469MiB / 7.598GiB
PG Connections: 86
Redis Commands: 424407
---
[2026-05-03T13:46:32.851Z] 
baldia_mart_api: CPU 21.14%, Mem 172.6MiB / 7.598GiB
baldia_mart_admin: CPU 0.00%, Mem 50.14MiB / 7.598GiB
baldia_mart_cache: CPU 0.95%, Mem 4.215MiB / 7.598GiB
PG Connections: 86
Redis Commands: 426523
---
[2026-05-03T13:47:32.911Z] 
baldia_mart_api: CPU 5.71%, Mem 172.6MiB / 7.598GiB
baldia_mart_admin: CPU 0.00%, Mem 50.14MiB / 7.598GiB
baldia_mart_cache: CPU 3.01%, Mem 4.219MiB / 7.598GiB
PG Connections: 86
Redis Commands: 428639
---
[2026-05-03T13:48:32.805Z] 
baldia_mart_api: CPU 56.02%, Mem 173.9MiB / 7.598GiB
baldia_mart_admin: CPU 0.00%, Mem 50.14MiB / 7.598GiB
baldia_mart_cache: CPU 2.54%, Mem 4.219MiB / 7.598GiB
PG Connections: 86
Redis Commands: 430755
---
[2026-05-03T13:49:33.255Z] 
baldia_mart_api: CPU 37.14%, Mem 172.7MiB / 7.598GiB
baldia_mart_admin: CPU 0.00%, Mem 50.14MiB / 7.598GiB
baldia_mart_cache: CPU 1.36%, Mem 4.219MiB / 7.598GiB
PG Connections: 86
Redis Commands: 432871
---
[2026-05-03T13:50:32.977Z] 
baldia_mart_api: CPU 6.33%, Mem 173.5MiB / 7.598GiB
baldia_mart_admin: CPU 0.00%, Mem 50.14MiB / 7.598GiB
baldia_mart_cache: CPU 1.06%, Mem 4.219MiB / 7.598GiB
PG Connections: 86
Redis Commands: 434982
---
[2026-05-03T13:51:32.890Z] 
baldia_mart_api: CPU 4.78%, Mem 175.4MiB / 7.598GiB
baldia_mart_admin: CPU 0.00%, Mem 50.14MiB / 7.598GiB
baldia_mart_cache: CPU 0.94%, Mem 4.219MiB / 7.598GiB
PG Connections: 86
Redis Commands: 437091
---
[2026-05-03T13:52:32.951Z] 
baldia_mart_api: CPU 2.19%, Mem 173.5MiB / 7.598GiB
baldia_mart_admin: CPU 0.00%, Mem 50.14MiB / 7.598GiB
baldia_mart_cache: CPU 0.91%, Mem 4.473MiB / 7.598GiB
PG Connections: 86
Redis Commands: 439206
---
[2026-05-03T13:53:32.929Z] 
baldia_mart_api: CPU 5.93%, Mem 174.6MiB / 7.598GiB
baldia_mart_admin: CPU 0.00%, Mem 50.14MiB / 7.598GiB
baldia_mart_cache: CPU 1.07%, Mem 4.453MiB / 7.598GiB
PG Connections: 86
Redis Commands: 441322
---
[2026-05-03T13:54:32.895Z] 
baldia_mart_api: CPU 6.64%, Mem 174.6MiB / 7.598GiB
baldia_mart_admin: CPU 0.00%, Mem 50.14MiB / 7.598GiB
baldia_mart_cache: CPU 0.96%, Mem 4.199MiB / 7.598GiB
PG Connections: 86
Redis Commands: 443333
---
[2026-05-03T13:55:32.926Z] 
baldia_mart_api: CPU 10.54%, Mem 175.2MiB / 7.598GiB
baldia_mart_admin: CPU 0.00%, Mem 50.14MiB / 7.598GiB
baldia_mart_cache: CPU 1.07%, Mem 4.199MiB / 7.598GiB
PG Connections: 86
Redis Commands: 445449
---
[2026-05-03T13:56:33.377Z] 
baldia_mart_api: CPU 2.15%, Mem 173.7MiB / 7.598GiB
baldia_mart_admin: CPU 0.00%, Mem 50.14MiB / 7.598GiB
baldia_mart_cache: CPU 0.97%, Mem 4.453MiB / 7.598GiB
PG Connections: 86
Redis Commands: 447664
---
[2026-05-03T13:57:33.041Z] 
baldia_mart_api: CPU 1.52%, Mem 172.8MiB / 7.598GiB
baldia_mart_admin: CPU 0.00%, Mem 50.14MiB / 7.598GiB
baldia_mart_cache: CPU 1.39%, Mem 4.453MiB / 7.598GiB
PG Connections: 86
Redis Commands: 449681
---
[2026-05-03T13:58:33.003Z] 
baldia_mart_api: CPU 0.55%, Mem 173.3MiB / 7.598GiB
baldia_mart_admin: CPU 0.00%, Mem 50.14MiB / 7.598GiB
baldia_mart_cache: CPU 2.68%, Mem 4.203MiB / 7.598GiB
PG Connections: 86
Redis Commands: 451789
---
[2026-05-03T13:59:33.250Z] 
baldia_mart_api: CPU 48.07%, Mem 173.6MiB / 7.598GiB
baldia_mart_admin: CPU 0.00%, Mem 50.14MiB / 7.598GiB
baldia_mart_cache: CPU 3.49%, Mem 4.199MiB / 7.598GiB
PG Connections: 86
Redis Commands: 453905
---
[2026-05-03T14:00:33.229Z] 
baldia_mart_api: CPU 34.37%, Mem 176MiB / 7.598GiB
baldia_mart_admin: CPU 0.00%, Mem 50.15MiB / 7.598GiB
baldia_mart_cache: CPU 2.43%, Mem 4.199MiB / 7.598GiB
PG Connections: 86
Redis Commands: 456021
---
[2026-05-03T14:01:33.146Z] 
baldia_mart_api: CPU 30.19%, Mem 174.3MiB / 7.598GiB
baldia_mart_admin: CPU 0.00%, Mem 50.15MiB / 7.598GiB
baldia_mart_cache: CPU 1.06%, Mem 4.199MiB / 7.598GiB
PG Connections: 86
Redis Commands: 458137
---
[2026-05-03T14:02:33.059Z] 
baldia_mart_api: CPU 6.67%, Mem 175MiB / 7.598GiB
baldia_mart_admin: CPU 0.00%, Mem 50.15MiB / 7.598GiB
baldia_mart_cache: CPU 2.51%, Mem 4.207MiB / 7.598GiB
PG Connections: 86
Redis Commands: 460253
---
[2026-05-03T14:03:32.992Z] 
baldia_mart_api: CPU 6.98%, Mem 176.4MiB / 7.598GiB
baldia_mart_admin: CPU 0.00%, Mem 50.15MiB / 7.598GiB
baldia_mart_cache: CPU 2.63%, Mem 4.203MiB / 7.598GiB
PG Connections: 86
Redis Commands: 462361
---
[2026-05-03T14:04:33.101Z] 
baldia_mart_api: CPU 24.48%, Mem 174.2MiB / 7.598GiB
baldia_mart_admin: CPU 0.00%, Mem 50.15MiB / 7.598GiB
baldia_mart_cache: CPU 2.65%, Mem 4.453MiB / 7.598GiB
PG Connections: 86
Redis Commands: 464477
---
[2026-05-03T14:05:33.169Z] 
baldia_mart_api: CPU 18.35%, Mem 173.9MiB / 7.598GiB
baldia_mart_admin: CPU 0.00%, Mem 50.15MiB / 7.598GiB
baldia_mart_cache: CPU 2.64%, Mem 4.207MiB / 7.598GiB
PG Connections: 86
Redis Commands: 466593
---
[2026-05-03T14:06:33.119Z] 
baldia_mart_api: CPU 35.82%, Mem 176MiB / 7.598GiB
baldia_mart_admin: CPU 0.00%, Mem 50.15MiB / 7.598GiB
baldia_mart_cache: CPU 1.47%, Mem 4.203MiB / 7.598GiB
PG Connections: 86
Redis Commands: 468709
---
[2026-05-03T14:07:33.353Z] 
baldia_mart_api: CPU 32.62%, Mem 174.1MiB / 7.598GiB
baldia_mart_admin: CPU 0.00%, Mem 50.15MiB / 7.598GiB
baldia_mart_cache: CPU 1.51%, Mem 4.203MiB / 7.598GiB
PG Connections: 86
Redis Commands: 470825
---
[2026-05-03T14:08:33.308Z] 
baldia_mart_api: CPU 50.36%, Mem 173.8MiB / 7.598GiB
baldia_mart_admin: CPU 0.00%, Mem 50.15MiB / 7.598GiB
baldia_mart_cache: CPU 1.23%, Mem 4.453MiB / 7.598GiB
PG Connections: 86
Redis Commands: 472936
---
[2026-05-03T14:09:33.148Z] 
baldia_mart_api: CPU 43.00%, Mem 173.4MiB / 7.598GiB
baldia_mart_admin: CPU 0.00%, Mem 50.15MiB / 7.598GiB
baldia_mart_cache: CPU 1.21%, Mem 4.453MiB / 7.598GiB
PG Connections: 86
Redis Commands: 475044
---
[2026-05-03T14:10:33.583Z] 
baldia_mart_api: CPU 125.01%, Mem 171.9MiB / 7.598GiB
baldia_mart_admin: CPU 0.00%, Mem 50.15MiB / 7.598GiB
baldia_mart_cache: CPU 1.30%, Mem 4.449MiB / 7.598GiB
PG Connections: 86
Redis Commands: 477160
---
[2026-05-03T14:11:33.209Z] 
baldia_mart_api: CPU 33.28%, Mem 173.3MiB / 7.598GiB
baldia_mart_admin: CPU 0.00%, Mem 50.15MiB / 7.598GiB
baldia_mart_cache: CPU 1.11%, Mem 4.449MiB / 7.598GiB
PG Connections: 86
Redis Commands: 479276
---
[2026-05-03T14:12:33.003Z] 
baldia_mart_api: CPU 22.65%, Mem 173.3MiB / 7.598GiB
baldia_mart_admin: CPU 0.00%, Mem 50.15MiB / 7.598GiB
baldia_mart_cache: CPU 1.10%, Mem 4.449MiB / 7.598GiB
PG Connections: 86
Redis Commands: 481392
---
[2026-05-03T14:13:33.044Z] 
baldia_mart_api: CPU 0.46%, Mem 174.8MiB / 7.598GiB
baldia_mart_admin: CPU 0.00%, Mem 50.16MiB / 7.598GiB
baldia_mart_cache: CPU 2.36%, Mem 4.203MiB / 7.598GiB
PG Connections: 86
Redis Commands: 483503
---
[2026-05-03T14:14:33.105Z] 
baldia_mart_api: CPU 22.44%, Mem 175.6MiB / 7.598GiB
baldia_mart_admin: CPU 0.00%, Mem 50.16MiB / 7.598GiB
baldia_mart_cache: CPU 0.94%, Mem 4.453MiB / 7.598GiB
PG Connections: 86
Redis Commands: 485619
---
[2026-05-03T14:15:33.524Z] 
baldia_mart_api: CPU 20.00%, Mem 175MiB / 7.598GiB
baldia_mart_admin: CPU 0.00%, Mem 50.16MiB / 7.598GiB
baldia_mart_cache: CPU 1.01%, Mem 4.453MiB / 7.598GiB
PG Connections: 86
Redis Commands: 487728
---
[2026-05-03T14:16:33.057Z] 
baldia_mart_api: CPU 4.07%, Mem 173.6MiB / 7.598GiB
baldia_mart_admin: CPU 0.00%, Mem 50.16MiB / 7.598GiB
baldia_mart_cache: CPU 0.98%, Mem 4.203MiB / 7.598GiB
PG Connections: 86
Redis Commands: 489843
---
[2026-05-03T14:17:32.433Z] 
baldia_mart_api: CPU 0.48%, Mem 173.3MiB / 7.598GiB
baldia_mart_admin: CPU 0.00%, Mem 50.16MiB / 7.598GiB
baldia_mart_cache: CPU 1.27%, Mem 4.449MiB / 7.598GiB
PG Connections: 86
Redis Commands: 491859
---
[2026-05-03T14:18:33.205Z] 
baldia_mart_api: CPU 4.29%, Mem 176.9MiB / 7.598GiB
baldia_mart_admin: CPU 0.00%, Mem 50.16MiB / 7.598GiB
baldia_mart_cache: CPU 1.04%, Mem 4.199MiB / 7.598GiB
PG Connections: 86
Redis Commands: 494070
---
[2026-05-03T14:19:33.217Z] 
baldia_mart_api: CPU 4.17%, Mem 174.6MiB / 7.598GiB
baldia_mart_admin: CPU 0.00%, Mem 50.16MiB / 7.598GiB
baldia_mart_cache: CPU 1.00%, Mem 4.207MiB / 7.598GiB
PG Connections: 86
Redis Commands: 496181
---
[2026-05-03T14:20:33.217Z] 
baldia_mart_api: CPU 3.72%, Mem 173.2MiB / 7.598GiB
baldia_mart_admin: CPU 0.00%, Mem 50.16MiB / 7.598GiB
baldia_mart_cache: CPU 0.97%, Mem 4.453MiB / 7.598GiB
PG Connections: 86
Redis Commands: 498292
---
[2026-05-03T14:21:33.115Z] 
baldia_mart_api: CPU 5.27%, Mem 174.2MiB / 7.598GiB
baldia_mart_admin: CPU 0.00%, Mem 50.16MiB / 7.598GiB
baldia_mart_cache: CPU 1.01%, Mem 4.453MiB / 7.598GiB
PG Connections: 86
Redis Commands: 500395
---
[2026-05-03T14:22:33.214Z] 
baldia_mart_api: CPU 4.87%, Mem 174MiB / 7.598GiB
baldia_mart_admin: CPU 0.00%, Mem 50.16MiB / 7.598GiB
baldia_mart_cache: CPU 0.95%, Mem 4.453MiB / 7.598GiB
PG Connections: 86
Redis Commands: 502506
---
[2026-05-03T14:23:33.169Z] 
baldia_mart_api: CPU 4.73%, Mem 173.3MiB / 7.598GiB
baldia_mart_admin: CPU 0.00%, Mem 50.16MiB / 7.598GiB
baldia_mart_cache: CPU 0.94%, Mem 4.199MiB / 7.598GiB
PG Connections: 86
Redis Commands: 504622
---
[2026-05-03T14:24:33.257Z] 
baldia_mart_api: CPU 10.31%, Mem 173.8MiB / 7.598GiB
baldia_mart_admin: CPU 0.00%, Mem 50.16MiB / 7.598GiB
baldia_mart_cache: CPU 1.19%, Mem 4.199MiB / 7.598GiB
PG Connections: 86
Redis Commands: 506733
---
[2026-05-03T14:25:32.289Z] 
baldia_mart_api: CPU 14.67%, Mem 155.7MiB / 7.598GiB
baldia_mart_admin: CPU 0.00%, Mem 50.16MiB / 7.598GiB
baldia_mart_cache: CPU 1.10%, Mem 4.453MiB / 7.598GiB
PG Connections: 86
Redis Commands: 508749
---
[2026-05-03T14:26:33.338Z] 
baldia_mart_api: CPU 0.00%, Mem 172.4MiB / 7.598GiB
baldia_mart_admin: CPU 0.00%, Mem 50.16MiB / 7.598GiB
baldia_mart_cache: CPU 1.05%, Mem 4.203MiB / 7.598GiB
PG Connections: 86
Redis Commands: 510857
---
[2026-05-03T14:27:32.129Z] 
baldia_mart_api: CPU 6.42%, Mem 175.7MiB / 7.598GiB
baldia_mart_admin: CPU 0.00%, Mem 50.16MiB / 7.598GiB
baldia_mart_cache: CPU 1.10%, Mem 4.199MiB / 7.598GiB
PG Connections: 86
Redis Commands: 512968
---
[2026-05-03T14:28:32.115Z] 
baldia_mart_api: CPU 4.52%, Mem 174.1MiB / 7.598GiB
baldia_mart_admin: CPU 0.00%, Mem 50.16MiB / 7.598GiB
baldia_mart_cache: CPU 0.96%, Mem 4.199MiB / 7.598GiB
PG Connections: 86
Redis Commands: 515079
---
[2026-05-03T14:29:32.072Z] 
baldia_mart_api: CPU 6.40%, Mem 173.6MiB / 7.598GiB
baldia_mart_admin: CPU 0.00%, Mem 50.16MiB / 7.598GiB
baldia_mart_cache: CPU 1.22%, Mem 4.199MiB / 7.598GiB
PG Connections: 86
Redis Commands: 517195
---
[2026-05-03T14:30:32.300Z] 
baldia_mart_api: CPU 10.31%, Mem 173.1MiB / 7.598GiB
baldia_mart_admin: CPU 0.00%, Mem 50.16MiB / 7.598GiB
baldia_mart_cache: CPU 1.05%, Mem 4.211MiB / 7.598GiB
PG Connections: 86
Redis Commands: 519306
---
[2026-05-03T14:31:32.056Z] 
baldia_mart_api: CPU 3.90%, Mem 174.7MiB / 7.598GiB
baldia_mart_admin: CPU 0.00%, Mem 50.16MiB / 7.598GiB
baldia_mart_cache: CPU 0.93%, Mem 4.453MiB / 7.598GiB
PG Connections: 86
Redis Commands: 521417
---
[2026-05-03T14:32:32.339Z] 
baldia_mart_api: CPU 4.28%, Mem 174.3MiB / 7.598GiB
baldia_mart_admin: CPU 0.00%, Mem 50.16MiB / 7.598GiB
baldia_mart_cache: CPU 0.89%, Mem 4.203MiB / 7.598GiB
PG Connections: 86
Redis Commands: 523525
---
[2026-05-03T14:33:32.153Z] 
baldia_mart_api: CPU 4.00%, Mem 172.7MiB / 7.598GiB
baldia_mart_admin: CPU 0.00%, Mem 50.16MiB / 7.598GiB
baldia_mart_cache: CPU 0.95%, Mem 4.453MiB / 7.598GiB
PG Connections: 86
Redis Commands: 525641
---
[2026-05-03T14:34:32.390Z] 
baldia_mart_api: CPU 5.50%, Mem 174.3MiB / 7.598GiB
baldia_mart_admin: CPU 0.00%, Mem 50.17MiB / 7.598GiB
baldia_mart_cache: CPU 1.00%, Mem 4.199MiB / 7.598GiB
PG Connections: 86
Redis Commands: 527757
---
[2026-05-03T14:35:32.342Z] 
baldia_mart_api: CPU 28.05%, Mem 172.8MiB / 7.598GiB
baldia_mart_admin: CPU 0.00%, Mem 50.17MiB / 7.598GiB
baldia_mart_cache: CPU 2.45%, Mem 4.199MiB / 7.598GiB
PG Connections: 86
Redis Commands: 529873
---
[2026-05-03T14:36:32.466Z] 
baldia_mart_api: CPU 80.73%, Mem 172.8MiB / 7.598GiB
baldia_mart_admin: CPU 0.00%, Mem 50.17MiB / 7.598GiB
baldia_mart_cache: CPU 2.59%, Mem 4.453MiB / 7.598GiB
PG Connections: 86
Redis Commands: 531989
---
[2026-05-03T14:37:32.412Z] 
baldia_mart_api: CPU 27.67%, Mem 171.9MiB / 7.598GiB
baldia_mart_admin: CPU 0.00%, Mem 50.17MiB / 7.598GiB
baldia_mart_cache: CPU 2.48%, Mem 4.207MiB / 7.598GiB
PG Connections: 86
Redis Commands: 534105
---
[2026-05-03T14:38:32.512Z] 
baldia_mart_api: CPU 24.27%, Mem 172.2MiB / 7.598GiB
baldia_mart_admin: CPU 0.00%, Mem 50.17MiB / 7.598GiB
baldia_mart_cache: CPU 2.51%, Mem 4.203MiB / 7.598GiB
PG Connections: 86
Redis Commands: 536213
---
[2026-05-03T14:39:32.796Z] 
baldia_mart_api: CPU 41.28%, Mem 172.7MiB / 7.598GiB
baldia_mart_admin: CPU 0.00%, Mem 50.17MiB / 7.598GiB
baldia_mart_cache: CPU 2.55%, Mem 4.453MiB / 7.598GiB
PG Connections: 86
Redis Commands: 538329
---
[2026-05-03T14:40:33.140Z] 
baldia_mart_api: CPU 51.72%, Mem 174.5MiB / 7.598GiB
baldia_mart_admin: CPU 0.00%, Mem 50.17MiB / 7.598GiB
baldia_mart_cache: CPU 5.06%, Mem 4.203MiB / 7.598GiB
PG Connections: 86
Redis Commands: 540445
---
[2026-05-03T14:41:32.819Z] 
baldia_mart_api: CPU 31.01%, Mem 174.2MiB / 7.598GiB
baldia_mart_admin: CPU 0.00%, Mem 50.17MiB / 7.598GiB
baldia_mart_cache: CPU 2.43%, Mem 4.199MiB / 7.598GiB
PG Connections: 86
Redis Commands: 542561
---
[2026-05-03T14:42:32.755Z] 
baldia_mart_api: CPU 29.40%, Mem 172.5MiB / 7.598GiB
baldia_mart_admin: CPU 0.00%, Mem 50.17MiB / 7.598GiB
baldia_mart_cache: CPU 2.92%, Mem 4.207MiB / 7.598GiB
PG Connections: 86
Redis Commands: 544677
---
[2026-05-03T14:43:32.765Z] 
baldia_mart_api: CPU 29.48%, Mem 173MiB / 7.598GiB
baldia_mart_admin: CPU 0.00%, Mem 50.17MiB / 7.598GiB
baldia_mart_cache: CPU 2.61%, Mem 4.207MiB / 7.598GiB
PG Connections: 86
Redis Commands: 546793
---
[2026-05-03T14:44:33.146Z] 
baldia_mart_api: CPU 27.26%, Mem 173.2MiB / 7.598GiB
baldia_mart_admin: CPU 0.00%, Mem 50.17MiB / 7.598GiB
baldia_mart_cache: CPU 2.84%, Mem 4.207MiB / 7.598GiB
PG Connections: 86
Redis Commands: 548909
---
[2026-05-03T14:45:33.011Z] 
baldia_mart_api: CPU 16.21%, Mem 174.8MiB / 7.598GiB
baldia_mart_admin: CPU 0.00%, Mem 50.17MiB / 7.598GiB
baldia_mart_cache: CPU 2.30%, Mem 4.211MiB / 7.598GiB
PG Connections: 86
Redis Commands: 551017
---
[2026-05-03T14:46:33.288Z] 
baldia_mart_api: CPU 9.39%, Mem 174.6MiB / 7.598GiB
baldia_mart_admin: CPU 0.00%, Mem 50.17MiB / 7.598GiB
baldia_mart_cache: CPU 1.30%, Mem 4.449MiB / 7.598GiB
PG Connections: 86
Redis Commands: 553133
---
[2026-05-03T14:47:33.867Z] 
baldia_mart_api: CPU 34.24%, Mem 175.7MiB / 7.598GiB
baldia_mart_admin: CPU 0.00%, Mem 50.18MiB / 7.598GiB
baldia_mart_cache: CPU 3.03%, Mem 4.203MiB / 7.598GiB
PG Connections: 86
Redis Commands: 555249
---
[2026-05-03T14:48:33.317Z] 
baldia_mart_api: CPU 18.16%, Mem 174.1MiB / 7.598GiB
baldia_mart_admin: CPU 0.00%, Mem 50.18MiB / 7.598GiB
baldia_mart_cache: CPU 1.16%, Mem 4.199MiB / 7.598GiB
PG Connections: 86
Redis Commands: 557365
---
[2026-05-03T14:49:32.364Z] 
baldia_mart_api: CPU 0.59%, Mem 173MiB / 7.598GiB
baldia_mart_admin: CPU 0.00%, Mem 50.18MiB / 7.598GiB
baldia_mart_cache: CPU 1.01%, Mem 4.203MiB / 7.598GiB
PG Connections: 86
Redis Commands: 559366
---
[2026-05-03T14:50:32.612Z] 
baldia_mart_api: CPU 2.01%, Mem 173.7MiB / 7.598GiB
baldia_mart_admin: CPU 0.00%, Mem 50.18MiB / 7.598GiB
baldia_mart_cache: CPU 1.04%, Mem 4.199MiB / 7.598GiB
PG Connections: 86
Redis Commands: 561482
---
[2026-05-03T14:51:32.475Z] 
baldia_mart_api: CPU 0.02%, Mem 172.8MiB / 7.598GiB
baldia_mart_admin: CPU 0.00%, Mem 50.18MiB / 7.598GiB
baldia_mart_cache: CPU 1.00%, Mem 4.449MiB / 7.598GiB
PG Connections: 86
Redis Commands: 563598
---
[2026-05-03T14:52:32.375Z] 
baldia_mart_api: CPU 6.64%, Mem 174.8MiB / 7.598GiB
baldia_mart_admin: CPU 0.00%, Mem 50.18MiB / 7.598GiB
baldia_mart_cache: CPU 1.17%, Mem 4.199MiB / 7.598GiB
PG Connections: 86
Redis Commands: 565714
---
[2026-05-03T14:53:33.461Z] 
baldia_mart_api: CPU 6.22%, Mem 172.8MiB / 7.598GiB
baldia_mart_admin: CPU 0.00%, Mem 50.18MiB / 7.598GiB
baldia_mart_cache: CPU 1.06%, Mem 4.453MiB / 7.598GiB
PG Connections: 86
Redis Commands: 567858
---
[2026-05-03T14:54:32.340Z] 
baldia_mart_api: CPU 21.11%, Mem 172.8MiB / 7.598GiB
baldia_mart_admin: CPU 0.00%, Mem 50.18MiB / 7.598GiB
baldia_mart_cache: CPU 1.06%, Mem 4.203MiB / 7.598GiB
PG Connections: 86
Redis Commands: 569946
---
[2026-05-03T14:55:32.404Z] 
baldia_mart_api: CPU 9.14%, Mem 176.3MiB / 7.598GiB
baldia_mart_admin: CPU 0.00%, Mem 50.18MiB / 7.598GiB
baldia_mart_cache: CPU 0.94%, Mem 4.453MiB / 7.598GiB
PG Connections: 86
Redis Commands: 572054
---
[2026-05-03T14:56:32.441Z] 
baldia_mart_api: CPU 20.62%, Mem 174.8MiB / 7.598GiB
baldia_mart_admin: CPU 0.00%, Mem 50.18MiB / 7.598GiB
baldia_mart_cache: CPU 1.09%, Mem 4.199MiB / 7.598GiB
PG Connections: 86
Redis Commands: 574170
---
[2026-05-03T14:57:32.565Z] 
baldia_mart_api: CPU 32.54%, Mem 173.8MiB / 7.598GiB
baldia_mart_admin: CPU 0.00%, Mem 50.18MiB / 7.598GiB
baldia_mart_cache: CPU 2.71%, Mem 4.199MiB / 7.598GiB
PG Connections: 86
Redis Commands: 576286
---
[2026-05-03T14:58:32.599Z] 
baldia_mart_api: CPU 30.73%, Mem 175.4MiB / 7.598GiB
baldia_mart_admin: CPU 0.00%, Mem 50.18MiB / 7.598GiB
baldia_mart_cache: CPU 2.44%, Mem 4.199MiB / 7.598GiB
PG Connections: 86
Redis Commands: 578402
---
[2026-05-03T14:59:32.764Z] 
baldia_mart_api: CPU 43.47%, Mem 173.5MiB / 7.598GiB
baldia_mart_admin: CPU 0.00%, Mem 50.18MiB / 7.598GiB
baldia_mart_cache: CPU 3.47%, Mem 4.453MiB / 7.598GiB
PG Connections: 86
Redis Commands: 580518
---
[2026-05-03T15:00:33.737Z] 
baldia_mart_api: CPU 10.95%, Mem 174.2MiB / 7.598GiB
baldia_mart_admin: CPU 0.00%, Mem 50.18MiB / 7.598GiB
baldia_mart_cache: CPU 1.29%, Mem 4.203MiB / 7.598GiB
PG Connections: 86
Redis Commands: 582634
---
[2026-05-03T15:01:32.792Z] 
baldia_mart_api: CPU 42.52%, Mem 173.1MiB / 7.598GiB
baldia_mart_admin: CPU 0.00%, Mem 50.18MiB / 7.598GiB
baldia_mart_cache: CPU 4.13%, Mem 4.203MiB / 7.598GiB
PG Connections: 86
Redis Commands: 584750
---
[2026-05-03T15:02:32.942Z] 
baldia_mart_api: CPU 41.41%, Mem 174.4MiB / 7.598GiB
baldia_mart_admin: CPU 0.00%, Mem 50.18MiB / 7.598GiB
baldia_mart_cache: CPU 2.47%, Mem 4.457MiB / 7.598GiB
PG Connections: 86
Redis Commands: 586858
---
[2026-05-03T15:03:33.411Z] 
baldia_mart_api: CPU 128.59%, Mem 173.6MiB / 7.598GiB
baldia_mart_admin: CPU 0.00%, Mem 50.18MiB / 7.598GiB
baldia_mart_cache: CPU 3.79%, Mem 4.199MiB / 7.598GiB
PG Connections: 86
Redis Commands: 588969
---
[2026-05-03T15:04:32.817Z] 
baldia_mart_api: CPU 79.70%, Mem 173.2MiB / 7.598GiB
baldia_mart_admin: CPU 0.00%, Mem 50.18MiB / 7.598GiB
baldia_mart_cache: CPU 2.48%, Mem 4.449MiB / 7.598GiB
PG Connections: 86
Redis Commands: 591085
---
[2026-05-03T15:05:33.399Z] 
baldia_mart_api: CPU 102.95%, Mem 173.8MiB / 7.598GiB
baldia_mart_admin: CPU 0.00%, Mem 50.18MiB / 7.598GiB
baldia_mart_cache: CPU 3.04%, Mem 4.203MiB / 7.598GiB
PG Connections: 86
Redis Commands: 593196
---
[2026-05-03T15:06:32.720Z] 
baldia_mart_api: CPU 16.33%, Mem 176.8MiB / 7.598GiB
baldia_mart_admin: CPU 0.00%, Mem 50.18MiB / 7.598GiB
baldia_mart_cache: CPU 2.19%, Mem 4.207MiB / 7.598GiB
PG Connections: 86
Redis Commands: 595312
---
[2026-05-03T15:07:32.857Z] 
baldia_mart_api: CPU 27.54%, Mem 177.2MiB / 7.598GiB
baldia_mart_admin: CPU 0.00%, Mem 50.19MiB / 7.598GiB
baldia_mart_cache: CPU 2.57%, Mem 4.203MiB / 7.598GiB
PG Connections: 86
Redis Commands: 597415
---
[2026-05-03T15:08:32.885Z] 
baldia_mart_api: CPU 24.16%, Mem 175.1MiB / 7.598GiB
baldia_mart_admin: CPU 0.00%, Mem 50.19MiB / 7.598GiB
baldia_mart_cache: CPU 2.45%, Mem 4.199MiB / 7.598GiB
PG Connections: 86
Redis Commands: 599526
---
[2026-05-03T15:09:32.971Z] 
baldia_mart_api: CPU 32.75%, Mem 173.2MiB / 7.598GiB
baldia_mart_admin: CPU 0.00%, Mem 50.19MiB / 7.598GiB
baldia_mart_cache: CPU 2.84%, Mem 4.453MiB / 7.598GiB
PG Connections: 86
Redis Commands: 601637
---
[2026-05-03T15:10:32.921Z] 
baldia_mart_api: CPU 31.64%, Mem 172.8MiB / 7.598GiB
baldia_mart_admin: CPU 0.00%, Mem 50.19MiB / 7.598GiB
baldia_mart_cache: CPU 2.61%, Mem 4.199MiB / 7.598GiB
PG Connections: 86
Redis Commands: 603753
---
[2026-05-03T15:11:33.024Z] 
baldia_mart_api: CPU 89.55%, Mem 173.2MiB / 7.598GiB
baldia_mart_admin: CPU 0.00%, Mem 50.19MiB / 7.598GiB
baldia_mart_cache: CPU 2.43%, Mem 4.453MiB / 7.598GiB
PG Connections: 86
Redis Commands: 605864
---
[2026-05-03T15:12:32.902Z] 
baldia_mart_api: CPU 26.56%, Mem 175.2MiB / 7.598GiB
baldia_mart_admin: CPU 0.00%, Mem 50.19MiB / 7.598GiB
baldia_mart_cache: CPU 2.83%, Mem 4.203MiB / 7.598GiB
PG Connections: 86
Redis Commands: 607975
---
[2026-05-03T15:13:33.444Z] 
baldia_mart_api: CPU 22.25%, Mem 174.3MiB / 7.598GiB
baldia_mart_admin: CPU 0.00%, Mem 50.19MiB / 7.598GiB
baldia_mart_cache: CPU 2.52%, Mem 4.203MiB / 7.598GiB
PG Connections: 86
Redis Commands: 610086
---
[2026-05-03T15:14:33.242Z] 
baldia_mart_api: CPU 35.97%, Mem 173.8MiB / 7.598GiB
baldia_mart_admin: CPU 0.00%, Mem 50.19MiB / 7.598GiB
baldia_mart_cache: CPU 4.34%, Mem 4.453MiB / 7.598GiB
PG Connections: 86
Redis Commands: 612189
---
[2026-05-03T15:15:32.653Z] 
baldia_mart_api: CPU 14.22%, Mem 174.9MiB / 7.598GiB
baldia_mart_admin: CPU 0.00%, Mem 50.19MiB / 7.598GiB
baldia_mart_cache: CPU 1.97%, Mem 4.203MiB / 7.598GiB
PG Connections: 86
Redis Commands: 614305
---
[2026-05-03T15:16:33.305Z] 
baldia_mart_api: CPU 29.32%, Mem 174.8MiB / 7.598GiB
baldia_mart_admin: CPU 0.00%, Mem 50.19MiB / 7.598GiB
baldia_mart_cache: CPU 2.56%, Mem 4.453MiB / 7.598GiB
PG Connections: 86
Redis Commands: 616416
---
[2026-05-03T15:17:34.197Z] 
baldia_mart_api: CPU 69.83%, Mem 173.6MiB / 7.598GiB
baldia_mart_admin: CPU 0.00%, Mem 50.19MiB / 7.598GiB
baldia_mart_cache: CPU 7.15%, Mem 4.199MiB / 7.598GiB
PG Connections: 86
Redis Commands: 618532
---
[2026-05-03T15:18:33.716Z] 
baldia_mart_api: CPU 36.97%, Mem 175.4MiB / 7.598GiB
baldia_mart_admin: CPU 0.00%, Mem 50.19MiB / 7.598GiB
baldia_mart_cache: CPU 3.88%, Mem 4.203MiB / 7.598GiB
PG Connections: 86
Redis Commands: 620648
---
[2026-05-03T15:19:33.197Z] 
baldia_mart_api: CPU 11.16%, Mem 176.3MiB / 7.598GiB
baldia_mart_admin: CPU 0.00%, Mem 50.19MiB / 7.598GiB
baldia_mart_cache: CPU 1.83%, Mem 4.211MiB / 7.598GiB
PG Connections: 86
Redis Commands: 622756
---
[2026-05-03T15:20:33.176Z] 
baldia_mart_api: CPU 9.72%, Mem 175.6MiB / 7.598GiB
baldia_mart_admin: CPU 0.00%, Mem 50.19MiB / 7.598GiB
baldia_mart_cache: CPU 1.14%, Mem 4.453MiB / 7.598GiB
PG Connections: 86
Redis Commands: 624867
---
[2026-05-03T15:21:33.383Z] 
baldia_mart_api: CPU 7.14%, Mem 182.6MiB / 7.598GiB
baldia_mart_admin: CPU 0.00%, Mem 50.2MiB / 7.598GiB
baldia_mart_cache: CPU 2.59%, Mem 4.355MiB / 7.598GiB
PG Connections: 86
Redis Commands: 626978
---
[2026-05-03T15:22:33.221Z] 
baldia_mart_api: CPU 13.36%, Mem 177.1MiB / 7.598GiB
baldia_mart_admin: CPU 0.00%, Mem 50.2MiB / 7.598GiB
baldia_mart_cache: CPU 1.52%, Mem 6.625MiB / 7.598GiB
PG Connections: 86
Redis Commands: 629089
---
[2026-05-03T15:23:33.448Z] 
baldia_mart_api: CPU 27.16%, Mem 179.2MiB / 7.598GiB
baldia_mart_admin: CPU 0.00%, Mem 50.2MiB / 7.598GiB
baldia_mart_cache: CPU 0.96%, Mem 9.289MiB / 7.598GiB
PG Connections: 86
Redis Commands: 631192
---
[2026-05-03T15:24:33.435Z] 
baldia_mart_api: CPU 22.12%, Mem 184.7MiB / 7.598GiB
baldia_mart_admin: CPU 0.00%, Mem 50.2MiB / 7.598GiB
baldia_mart_cache: CPU 1.04%, Mem 9.645MiB / 7.598GiB
PG Connections: 86
Redis Commands: 633303
---
[2026-05-03T15:25:33.419Z] 
baldia_mart_api: CPU 21.89%, Mem 186.4MiB / 7.598GiB
baldia_mart_admin: CPU 0.00%, Mem 50.2MiB / 7.598GiB
baldia_mart_cache: CPU 2.31%, Mem 9.402MiB / 7.598GiB
PG Connections: 86
Redis Commands: 635414
---
[2026-05-03T15:26:33.353Z] 
baldia_mart_api: CPU 57.91%, Mem 177.8MiB / 7.598GiB
baldia_mart_admin: CPU 0.00%, Mem 50.2MiB / 7.598GiB
baldia_mart_cache: CPU 1.02%, Mem 9.422MiB / 7.598GiB
PG Connections: 86
Redis Commands: 637525
---
[2026-05-03T15:27:33.460Z] 
baldia_mart_api: CPU 58.49%, Mem 177.3MiB / 7.598GiB
baldia_mart_admin: CPU 0.00%, Mem 50.2MiB / 7.598GiB
baldia_mart_cache: CPU 1.00%, Mem 9.426MiB / 7.598GiB
PG Connections: 86
Redis Commands: 639636
---
[2026-05-03T15:28:34.463Z] 
baldia_mart_api: CPU 108.54%, Mem 50.48MiB / 7.598GiB
baldia_mart_admin: CPU 103.33%, Mem 29.47MiB / 7.598GiB
baldia_mart_cache: CPU 1.39%, Mem 7.598MiB / 7.598GiB
PG Connections: 6
Redis Commands: 0
---
[2026-05-03T15:29:32.665Z] 
baldia_mart_api: CPU 4.64%, Mem 239.3MiB / 7.598GiB
baldia_mart_admin: CPU 0.00%, Mem 26.08MiB / 7.598GiB
baldia_mart_cache: CPU 1.09%, Mem 8.438MiB / 7.598GiB
PG Connections: 86
Redis Commands: 3007
---
[2026-05-03T15:30:33.540Z] 
baldia_mart_api: CPU 65.60%, Mem 162.8MiB / 7.598GiB
baldia_mart_admin: CPU 0.00%, Mem 26.08MiB / 7.598GiB
baldia_mart_cache: CPU 1.25%, Mem 8.215MiB / 7.598GiB
PG Connections: 86
Redis Commands: 5203
---
[2026-05-03T15:31:33.458Z] 
baldia_mart_api: CPU 0.00%, Mem 198.8MiB / 7.598GiB
baldia_mart_admin: CPU 0.03%, Mem 26.1MiB / 7.598GiB
baldia_mart_cache: CPU 1.55%, Mem 7.988MiB / 7.598GiB
PG Connections: 86
Redis Commands: 7314
---
[2026-05-03T15:32:34.976Z] 
baldia_mart_api: CPU 58.99%, Mem 198.8MiB / 7.598GiB
baldia_mart_admin: CPU 0.00%, Mem 26.11MiB / 7.598GiB
baldia_mart_cache: CPU 2.01%, Mem 8.008MiB / 7.598GiB
PG Connections: 86
Redis Commands: 9425
---
[2026-05-03T15:33:33.502Z] 
baldia_mart_api: CPU 5.85%, Mem 199.7MiB / 7.598GiB
baldia_mart_admin: CPU 0.03%, Mem 26.11MiB / 7.598GiB
baldia_mart_cache: CPU 1.11%, Mem 8.25MiB / 7.598GiB
PG Connections: 86
Redis Commands: 11536
---
[2026-05-03T15:34:33.924Z] 
baldia_mart_api: CPU 5.98%, Mem 197.1MiB / 7.598GiB
baldia_mart_admin: CPU 0.00%, Mem 26.03MiB / 7.598GiB
baldia_mart_cache: CPU 1.17%, Mem 7.852MiB / 7.598GiB
PG Connections: 86
Redis Commands: 13652
---
[2026-05-03T15:35:34.333Z] 
baldia_mart_api: CPU 9.77%, Mem 196.9MiB / 7.598GiB
baldia_mart_admin: CPU 0.00%, Mem 25.99MiB / 7.598GiB
baldia_mart_cache: CPU 1.56%, Mem 9.02MiB / 7.598GiB
PG Connections: 86
Redis Commands: 15763
---
[2026-05-03T15:36:36.410Z] 
baldia_mart_admin: CPU 0.00%, Mem 23.61MiB / 7.598GiB
baldia_mart_api: CPU 172.77%, Mem 211MiB / 7.598GiB
baldia_mart_cache: CPU 7.07%, Mem 10.1MiB / 7.598GiB
PG Connections: 58
Redis Commands: 17907
---
[2026-05-03T15:37:33.780Z] 
baldia_mart_admin: CPU 0.00%, Mem 23.61MiB / 7.598GiB
baldia_mart_api: CPU 6.75%, Mem 241.4MiB / 7.598GiB
baldia_mart_cache: CPU 1.31%, Mem 10.36MiB / 7.598GiB
PG Connections: 86
Redis Commands: 20011
---
[2026-05-03T15:38:33.565Z] 
baldia_mart_admin: CPU 0.00%, Mem 23.62MiB / 7.598GiB
baldia_mart_api: CPU 7.64%, Mem 183.6MiB / 7.598GiB
baldia_mart_cache: CPU 1.34%, Mem 10.46MiB / 7.598GiB
PG Connections: 86
Redis Commands: 22122
---
[2026-05-03T15:39:34.227Z] 
baldia_mart_admin: CPU 0.00%, Mem 23.62MiB / 7.598GiB
baldia_mart_api: CPU 9.33%, Mem 195.9MiB / 7.598GiB
baldia_mart_cache: CPU 1.54%, Mem 10.21MiB / 7.598GiB
PG Connections: 86
Redis Commands: 24233
---
[2026-05-03T15:40:33.516Z] 
baldia_mart_admin: CPU 0.00%, Mem 23.62MiB / 7.598GiB
baldia_mart_api: CPU 14.14%, Mem 194.8MiB / 7.598GiB
baldia_mart_cache: CPU 1.28%, Mem 10.18MiB / 7.598GiB
PG Connections: 86
Redis Commands: 26349
---
[2026-05-03T15:41:33.542Z] 
baldia_mart_admin: CPU 0.00%, Mem 23.62MiB / 7.598GiB
baldia_mart_api: CPU 8.80%, Mem 141.7MiB / 7.598GiB
baldia_mart_cache: CPU 1.19%, Mem 10.19MiB / 7.598GiB
PG Connections: 86
Redis Commands: 28460
---
[2026-05-03T15:42:33.663Z] 
baldia_mart_admin: CPU 0.07%, Mem 69MiB / 7.598GiB
baldia_mart_api: CPU 10.67%, Mem 180MiB / 7.598GiB
baldia_mart_cache: CPU 1.18%, Mem 10.44MiB / 7.598GiB
PG Connections: 86
Redis Commands: 30578
---
[2026-05-03T15:43:33.892Z] 
baldia_mart_admin: CPU 0.00%, Mem 49.81MiB / 7.598GiB
baldia_mart_api: CPU 5.69%, Mem 187.4MiB / 7.598GiB
baldia_mart_cache: CPU 1.33%, Mem 10.19MiB / 7.598GiB
PG Connections: 86
Redis Commands: 32690
---
[2026-05-03T15:44:34.576Z] 
baldia_mart_admin: CPU 0.00%, Mem 49.81MiB / 7.598GiB
baldia_mart_api: CPU 6.36%, Mem 185.8MiB / 7.598GiB
baldia_mart_cache: CPU 1.19%, Mem 10.19MiB / 7.598GiB
PG Connections: 86
Redis Commands: 34801
---
[2026-05-03T15:45:33.644Z] 
baldia_mart_admin: CPU 0.00%, Mem 49.81MiB / 7.598GiB
baldia_mart_api: CPU 14.00%, Mem 186.4MiB / 7.598GiB
baldia_mart_cache: CPU 1.21%, Mem 10.19MiB / 7.598GiB
PG Connections: 86
Redis Commands: 36917
---
[2026-05-03T15:46:33.462Z] 
baldia_mart_admin: CPU 0.00%, Mem 49.82MiB / 7.598GiB
baldia_mart_api: CPU 5.06%, Mem 142.2MiB / 7.598GiB
baldia_mart_cache: CPU 1.62%, Mem 10.19MiB / 7.598GiB
PG Connections: 86
Redis Commands: 39001
---
[2026-05-03T15:47:33.834Z] 
baldia_mart_admin: CPU 0.00%, Mem 49.82MiB / 7.598GiB
baldia_mart_api: CPU 8.74%, Mem 182MiB / 7.598GiB
baldia_mart_cache: CPU 1.01%, Mem 10.44MiB / 7.598GiB
PG Connections: 86
Redis Commands: 41131
---
[2026-05-03T15:48:33.022Z] 
baldia_mart_admin: CPU 0.00%, Mem 49.82MiB / 7.598GiB
baldia_mart_api: CPU 2.23%, Mem 180.8MiB / 7.598GiB
baldia_mart_cache: CPU 0.45%, Mem 10.44MiB / 7.598GiB
PG Connections: 86
Redis Commands: 43142
---
[2026-05-03T15:49:33.108Z] 
baldia_mart_admin: CPU 0.00%, Mem 49.82MiB / 7.598GiB
baldia_mart_api: CPU 9.79%, Mem 178.8MiB / 7.598GiB
baldia_mart_cache: CPU 0.43%, Mem 10.44MiB / 7.598GiB
PG Connections: 86
Redis Commands: 45253
---
[2026-05-03T15:50:32.967Z] 
baldia_mart_admin: CPU 0.00%, Mem 49.82MiB / 7.598GiB
baldia_mart_api: CPU 15.06%, Mem 179.1MiB / 7.598GiB
baldia_mart_cache: CPU 0.45%, Mem 10.19MiB / 7.598GiB
PG Connections: 86
Redis Commands: 47369
---
[2026-05-03T15:51:32.914Z] 
baldia_mart_admin: CPU 0.00%, Mem 49.82MiB / 7.598GiB
baldia_mart_api: CPU 1.50%, Mem 179.5MiB / 7.598GiB
baldia_mart_cache: CPU 0.94%, Mem 10.2MiB / 7.598GiB
PG Connections: 86
Redis Commands: 49485
---
[2026-05-03T15:52:33.032Z] 
baldia_mart_admin: CPU 0.00%, Mem 49.82MiB / 7.598GiB
baldia_mart_api: CPU 9.66%, Mem 181.2MiB / 7.598GiB
baldia_mart_cache: CPU 1.01%, Mem 10.45MiB / 7.598GiB
PG Connections: 86
Redis Commands: 51596
---
[2026-05-03T15:53:32.933Z] 
baldia_mart_admin: CPU 0.00%, Mem 49.82MiB / 7.598GiB
baldia_mart_api: CPU 12.96%, Mem 181.5MiB / 7.598GiB
baldia_mart_cache: CPU 1.14%, Mem 10.45MiB / 7.598GiB
PG Connections: 86
Redis Commands: 53707
---
[2026-05-03T15:54:33.014Z] 
baldia_mart_admin: CPU 0.00%, Mem 49.82MiB / 7.598GiB
baldia_mart_api: CPU 1.86%, Mem 181.2MiB / 7.598GiB
baldia_mart_cache: CPU 1.01%, Mem 10.45MiB / 7.598GiB
PG Connections: 86
Redis Commands: 55818
---
[2026-05-03T15:55:33.014Z] 
baldia_mart_admin: CPU 0.00%, Mem 49.82MiB / 7.598GiB
baldia_mart_api: CPU 1.70%, Mem 182.2MiB / 7.598GiB
baldia_mart_cache: CPU 0.48%, Mem 10.2MiB / 7.598GiB
PG Connections: 86
Redis Commands: 57921
---
[2026-05-03T15:56:33.241Z] 
baldia_mart_admin: CPU 0.00%, Mem 49.82MiB / 7.598GiB
baldia_mart_api: CPU 2.05%, Mem 176.8MiB / 7.598GiB
baldia_mart_cache: CPU 0.45%, Mem 10.2MiB / 7.598GiB
PG Connections: 86
Redis Commands: 60032
---
[2026-05-03T15:57:32.998Z] 
baldia_mart_admin: CPU 0.00%, Mem 49.82MiB / 7.598GiB
baldia_mart_api: CPU 1.38%, Mem 178.7MiB / 7.598GiB
baldia_mart_cache: CPU 1.14%, Mem 10.19MiB / 7.598GiB
PG Connections: 86
Redis Commands: 62143
---
[2026-05-03T15:58:33.123Z] 
baldia_mart_admin: CPU 0.00%, Mem 49.82MiB / 7.598GiB
baldia_mart_api: CPU 16.40%, Mem 180.2MiB / 7.598GiB
baldia_mart_cache: CPU 0.46%, Mem 10.45MiB / 7.598GiB
PG Connections: 86
Redis Commands: 64254
---
[2026-05-03T15:59:33.148Z] 
baldia_mart_admin: CPU 0.00%, Mem 49.82MiB / 7.598GiB
baldia_mart_api: CPU 1.97%, Mem 181.6MiB / 7.598GiB
baldia_mart_cache: CPU 1.06%, Mem 10.45MiB / 7.598GiB
PG Connections: 86
Redis Commands: 66365
---
[2026-05-03T16:00:33.078Z] 
baldia_mart_admin: CPU 0.00%, Mem 49.82MiB / 7.598GiB
baldia_mart_api: CPU 1.43%, Mem 182MiB / 7.598GiB
baldia_mart_cache: CPU 1.15%, Mem 10.2MiB / 7.598GiB
PG Connections: 86
Redis Commands: 68476
---
[2026-05-03T16:01:33.041Z] 
baldia_mart_admin: CPU 0.00%, Mem 49.82MiB / 7.598GiB
baldia_mart_api: CPU 22.57%, Mem 179.7MiB / 7.598GiB
baldia_mart_cache: CPU 0.55%, Mem 10.2MiB / 7.598GiB
PG Connections: 86
Redis Commands: 70587
---
[2026-05-03T16:02:33.118Z] 
baldia_mart_admin: CPU 0.00%, Mem 49.82MiB / 7.598GiB
baldia_mart_api: CPU 9.96%, Mem 182.5MiB / 7.598GiB
baldia_mart_cache: CPU 0.54%, Mem 10.2MiB / 7.598GiB
PG Connections: 86
Redis Commands: 72703
---
[2026-05-03T16:03:33.056Z] 
baldia_mart_admin: CPU 0.00%, Mem 49.82MiB / 7.598GiB
baldia_mart_api: CPU 1.64%, Mem 180.8MiB / 7.598GiB
baldia_mart_cache: CPU 0.45%, Mem 10.2MiB / 7.598GiB
PG Connections: 86
Redis Commands: 74814
---
[2026-05-03T16:04:33.065Z] 
baldia_mart_admin: CPU 0.00%, Mem 49.82MiB / 7.598GiB
baldia_mart_api: CPU 1.49%, Mem 180.5MiB / 7.598GiB
baldia_mart_cache: CPU 0.46%, Mem 10.45MiB / 7.598GiB
PG Connections: 86
Redis Commands: 76825
---
[2026-05-03T16:05:33.201Z] 
baldia_mart_admin: CPU 0.00%, Mem 49.82MiB / 7.598GiB
baldia_mart_api: CPU 2.59%, Mem 177.5MiB / 7.598GiB
baldia_mart_cache: CPU 0.45%, Mem 10.45MiB / 7.598GiB
PG Connections: 86
Redis Commands: 78936
---
[2026-05-03T16:06:33.080Z] 
baldia_mart_admin: CPU 0.00%, Mem 49.83MiB / 7.598GiB
baldia_mart_api: CPU 1.37%, Mem 179.8MiB / 7.598GiB
baldia_mart_cache: CPU 0.47%, Mem 10.45MiB / 7.598GiB
PG Connections: 86
Redis Commands: 81039
---
[2026-05-03T16:07:33.135Z] 
baldia_mart_admin: CPU 0.00%, Mem 49.83MiB / 7.598GiB
baldia_mart_api: CPU 3.28%, Mem 180.2MiB / 7.598GiB
baldia_mart_cache: CPU 0.42%, Mem 10.45MiB / 7.598GiB
PG Connections: 86
Redis Commands: 83150
---
[2026-05-03T16:08:33.170Z] 
baldia_mart_admin: CPU 0.00%, Mem 49.83MiB / 7.598GiB
baldia_mart_api: CPU 10.50%, Mem 181.6MiB / 7.598GiB
baldia_mart_cache: CPU 0.50%, Mem 10.2MiB / 7.598GiB
PG Connections: 86
Redis Commands: 85266
---
[2026-05-03T16:09:33.235Z] 
baldia_mart_admin: CPU 0.00%, Mem 49.83MiB / 7.598GiB
baldia_mart_api: CPU 34.12%, Mem 181.4MiB / 7.598GiB
baldia_mart_cache: CPU 1.09%, Mem 10.45MiB / 7.598GiB
PG Connections: 86
Redis Commands: 87377
---
[2026-05-03T16:10:33.166Z] 
baldia_mart_admin: CPU 0.00%, Mem 49.83MiB / 7.598GiB
baldia_mart_api: CPU 9.96%, Mem 181.5MiB / 7.598GiB
baldia_mart_cache: CPU 1.11%, Mem 10.45MiB / 7.598GiB
PG Connections: 86
Redis Commands: 89488
---
[2026-05-03T16:11:33.240Z] 
baldia_mart_admin: CPU 0.00%, Mem 49.83MiB / 7.598GiB
baldia_mart_api: CPU 11.58%, Mem 181.8MiB / 7.598GiB
baldia_mart_cache: CPU 0.49%, Mem 10.2MiB / 7.598GiB
PG Connections: 86
Redis Commands: 91599
---
[2026-05-03T16:12:33.054Z] 
baldia_mart_admin: CPU 0.00%, Mem 49.83MiB / 7.598GiB
baldia_mart_api: CPU 2.13%, Mem 180.3MiB / 7.598GiB
baldia_mart_cache: CPU 1.55%, Mem 10.2MiB / 7.598GiB
PG Connections: 86
Redis Commands: 93710
---
[2026-05-03T16:13:33.118Z] 
baldia_mart_admin: CPU 0.00%, Mem 49.83MiB / 7.598GiB
baldia_mart_api: CPU 1.86%, Mem 180.9MiB / 7.598GiB
baldia_mart_cache: CPU 1.08%, Mem 10.2MiB / 7.598GiB
PG Connections: 86
Redis Commands: 95821
---
[2026-05-03T16:14:33.125Z] 
baldia_mart_admin: CPU 0.00%, Mem 49.83MiB / 7.598GiB
baldia_mart_api: CPU 0.25%, Mem 180.8MiB / 7.598GiB
baldia_mart_cache: CPU 1.18%, Mem 10.2MiB / 7.598GiB
PG Connections: 86
Redis Commands: 97932
---
[2026-05-03T16:15:33.341Z] 
baldia_mart_admin: CPU 0.00%, Mem 49.83MiB / 7.598GiB
baldia_mart_api: CPU 12.00%, Mem 179.9MiB / 7.598GiB
baldia_mart_cache: CPU 0.52%, Mem 10.21MiB / 7.598GiB
PG Connections: 86
Redis Commands: 100048
---
[2026-05-03T16:16:33.115Z] 
baldia_mart_admin: CPU 0.00%, Mem 49.83MiB / 7.598GiB
baldia_mart_api: CPU 10.45%, Mem 180.9MiB / 7.598GiB
baldia_mart_cache: CPU 0.42%, Mem 10.2MiB / 7.598GiB
PG Connections: 86
Redis Commands: 102151
---
[2026-05-03T16:17:33.186Z] 
baldia_mart_admin: CPU 0.00%, Mem 49.83MiB / 7.598GiB
baldia_mart_api: CPU 20.65%, Mem 145.6MiB / 7.598GiB
baldia_mart_cache: CPU 0.48%, Mem 10.45MiB / 7.598GiB
PG Connections: 86
Redis Commands: 104262
---
[2026-05-03T16:18:33.218Z] 
baldia_mart_admin: CPU 0.00%, Mem 49.83MiB / 7.598GiB
baldia_mart_api: CPU 3.08%, Mem 179.7MiB / 7.598GiB
baldia_mart_cache: CPU 1.15%, Mem 10.45MiB / 7.598GiB
PG Connections: 86
Redis Commands: 106373
---
[2026-05-03T16:19:33.228Z] 
baldia_mart_admin: CPU 0.00%, Mem 49.83MiB / 7.598GiB
baldia_mart_api: CPU 1.41%, Mem 181.6MiB / 7.598GiB
baldia_mart_cache: CPU 1.22%, Mem 10.2MiB / 7.598GiB
PG Connections: 86
Redis Commands: 108484
---
[2026-05-03T16:20:33.245Z] 
baldia_mart_admin: CPU 0.00%, Mem 49.84MiB / 7.598GiB
baldia_mart_api: CPU 19.65%, Mem 181.9MiB / 7.598GiB
baldia_mart_cache: CPU 0.45%, Mem 10.45MiB / 7.598GiB
PG Connections: 86
Redis Commands: 110595
---
[2026-05-03T16:21:33.299Z] 
baldia_mart_admin: CPU 0.00%, Mem 49.84MiB / 7.598GiB
baldia_mart_api: CPU 1.88%, Mem 182.5MiB / 7.598GiB
baldia_mart_cache: CPU 0.45%, Mem 10.2MiB / 7.598GiB
PG Connections: 86
Redis Commands: 112706
---
[2026-05-03T16:22:33.222Z] 
baldia_mart_admin: CPU 0.00%, Mem 49.84MiB / 7.598GiB
baldia_mart_api: CPU 1.55%, Mem 180.8MiB / 7.598GiB
baldia_mart_cache: CPU 0.46%, Mem 10.2MiB / 7.598GiB
PG Connections: 86
Redis Commands: 114817
---
[2026-05-03T16:23:33.184Z] 
baldia_mart_admin: CPU 0.00%, Mem 49.84MiB / 7.598GiB
baldia_mart_api: CPU 4.26%, Mem 181.4MiB / 7.598GiB
baldia_mart_cache: CPU 0.47%, Mem 10.2MiB / 7.598GiB
PG Connections: 86
Redis Commands: 116828
---
[2026-05-03T16:24:33.258Z] 
baldia_mart_admin: CPU 0.00%, Mem 49.84MiB / 7.598GiB
baldia_mart_api: CPU 1.70%, Mem 179.5MiB / 7.598GiB
baldia_mart_cache: CPU 0.47%, Mem 10.2MiB / 7.598GiB
PG Connections: 86
Redis Commands: 118939
---
[2026-05-03T16:25:33.373Z] 
baldia_mart_admin: CPU 0.00%, Mem 49.84MiB / 7.598GiB
baldia_mart_api: CPU 2.69%, Mem 180.9MiB / 7.598GiB
baldia_mart_cache: CPU 0.43%, Mem 10.2MiB / 7.598GiB
PG Connections: 86
Redis Commands: 121050
---
[2026-05-03T16:26:33.253Z] 
baldia_mart_admin: CPU 0.00%, Mem 49.84MiB / 7.598GiB
baldia_mart_api: CPU 2.16%, Mem 181.2MiB / 7.598GiB
baldia_mart_cache: CPU 0.46%, Mem 10.45MiB / 7.598GiB
PG Connections: 86
Redis Commands: 123153
---
[2026-05-03T16:27:33.512Z] 
baldia_mart_admin: CPU 0.00%, Mem 49.84MiB / 7.598GiB
baldia_mart_api: CPU 3.12%, Mem 181.1MiB / 7.598GiB
baldia_mart_cache: CPU 0.76%, Mem 10.45MiB / 7.598GiB
PG Connections: 86
Redis Commands: 125269
---
[2026-05-03T16:28:33.324Z] 
baldia_mart_admin: CPU 0.00%, Mem 49.84MiB / 7.598GiB
baldia_mart_api: CPU 2.19%, Mem 180.4MiB / 7.598GiB
baldia_mart_cache: CPU 0.53%, Mem 10.21MiB / 7.598GiB
PG Connections: 86
Redis Commands: 127385
---
[2026-05-03T16:29:34.033Z] 
baldia_mart_admin: CPU 0.00%, Mem 49.84MiB / 7.598GiB
baldia_mart_api: CPU 13.10%, Mem 181.8MiB / 7.598GiB
baldia_mart_cache: CPU 0.68%, Mem 10.46MiB / 7.598GiB
PG Connections: 86
Redis Commands: 129501
---
[2026-05-03T16:30:33.420Z] 
baldia_mart_admin: CPU 0.00%, Mem 49.84MiB / 7.598GiB
baldia_mart_api: CPU 3.03%, Mem 181MiB / 7.598GiB
baldia_mart_cache: CPU 1.05%, Mem 10.21MiB / 7.598GiB
PG Connections: 86
Redis Commands: 131617
---
[2026-05-03T16:31:33.296Z] 
baldia_mart_admin: CPU 0.00%, Mem 49.84MiB / 7.598GiB
baldia_mart_api: CPU 19.37%, Mem 178.8MiB / 7.598GiB
baldia_mart_cache: CPU 1.56%, Mem 10.21MiB / 7.598GiB
PG Connections: 86
Redis Commands: 133728
---
[2026-05-03T16:32:33.487Z] 
baldia_mart_admin: CPU 0.00%, Mem 49.84MiB / 7.598GiB
baldia_mart_api: CPU 3.43%, Mem 179.6MiB / 7.598GiB
baldia_mart_cache: CPU 1.61%, Mem 10.46MiB / 7.598GiB
PG Connections: 86
Redis Commands: 135844
---
[2026-05-03T16:33:33.287Z] 
baldia_mart_admin: CPU 0.00%, Mem 49.84MiB / 7.598GiB
baldia_mart_api: CPU 14.32%, Mem 180.9MiB / 7.598GiB
baldia_mart_cache: CPU 0.53%, Mem 10.21MiB / 7.598GiB
PG Connections: 86
Redis Commands: 137955
---
[2026-05-03T16:34:33.268Z] 
baldia_mart_admin: CPU 0.00%, Mem 49.84MiB / 7.598GiB
baldia_mart_api: CPU 13.83%, Mem 180MiB / 7.598GiB
baldia_mart_cache: CPU 0.59%, Mem 10.21MiB / 7.598GiB
PG Connections: 86
Redis Commands: 140066
---
[2026-05-03T16:35:33.559Z] 
baldia_mart_admin: CPU 0.00%, Mem 49.84MiB / 7.598GiB
baldia_mart_api: CPU 17.46%, Mem 181.8MiB / 7.598GiB
baldia_mart_cache: CPU 0.61%, Mem 10.46MiB / 7.598GiB
PG Connections: 86
Redis Commands: 142182
---
[2026-05-03T16:36:33.305Z] 
baldia_mart_admin: CPU 0.00%, Mem 49.84MiB / 7.598GiB
baldia_mart_api: CPU 12.95%, Mem 179.8MiB / 7.598GiB
baldia_mart_cache: CPU 1.37%, Mem 10.46MiB / 7.598GiB
PG Connections: 86
Redis Commands: 144290
---
[2026-05-03T16:37:33.266Z] 
baldia_mart_admin: CPU 0.00%, Mem 49.84MiB / 7.598GiB
baldia_mart_api: CPU 41.47%, Mem 179.7MiB / 7.598GiB
baldia_mart_cache: CPU 0.47%, Mem 10.46MiB / 7.598GiB
PG Connections: 86
Redis Commands: 146406
---
[2026-05-03T16:38:33.273Z] 
baldia_mart_admin: CPU 0.00%, Mem 49.84MiB / 7.598GiB
baldia_mart_api: CPU 1.38%, Mem 179.4MiB / 7.598GiB
baldia_mart_cache: CPU 1.23%, Mem 10.21MiB / 7.598GiB
PG Connections: 86
Redis Commands: 148522
---
[2026-05-03T16:39:33.362Z] 
baldia_mart_admin: CPU 0.00%, Mem 49.84MiB / 7.598GiB
baldia_mart_api: CPU 3.68%, Mem 176.4MiB / 7.598GiB
baldia_mart_cache: CPU 1.27%, Mem 10.21MiB / 7.598GiB
PG Connections: 86
Redis Commands: 150633
---
[2026-05-03T16:40:33.431Z] 
baldia_mart_admin: CPU 0.00%, Mem 49.85MiB / 7.598GiB
baldia_mart_api: CPU 3.62%, Mem 180MiB / 7.598GiB
baldia_mart_cache: CPU 0.61%, Mem 10.46MiB / 7.598GiB
PG Connections: 86
Redis Commands: 152744
---
[2026-05-03T16:41:33.288Z] 
baldia_mart_admin: CPU 0.00%, Mem 49.85MiB / 7.598GiB
baldia_mart_api: CPU 12.43%, Mem 182.1MiB / 7.598GiB
baldia_mart_cache: CPU 0.52%, Mem 10.46MiB / 7.598GiB
PG Connections: 86
Redis Commands: 154860
---
[2026-05-03T16:42:33.271Z] 
baldia_mart_admin: CPU 0.00%, Mem 49.85MiB / 7.598GiB
baldia_mart_api: CPU 1.82%, Mem 181.3MiB / 7.598GiB
baldia_mart_cache: CPU 0.50%, Mem 10.21MiB / 7.598GiB
PG Connections: 86
Redis Commands: 156971
---
[2026-05-03T16:43:33.295Z] 
baldia_mart_admin: CPU 0.00%, Mem 49.85MiB / 7.598GiB
baldia_mart_api: CPU 16.13%, Mem 181.6MiB / 7.598GiB
baldia_mart_cache: CPU 0.54%, Mem 10.46MiB / 7.598GiB
PG Connections: 86
Redis Commands: 159082
---
[2026-05-03T16:44:33.386Z] 
baldia_mart_admin: CPU 0.00%, Mem 49.85MiB / 7.598GiB
baldia_mart_api: CPU 12.47%, Mem 181.3MiB / 7.598GiB
baldia_mart_cache: CPU 0.50%, Mem 10.46MiB / 7.598GiB
PG Connections: 86
Redis Commands: 161193
---
[2026-05-03T16:45:33.449Z] 
baldia_mart_admin: CPU 0.00%, Mem 49.85MiB / 7.598GiB
baldia_mart_api: CPU 2.42%, Mem 181.9MiB / 7.598GiB
baldia_mart_cache: CPU 1.43%, Mem 10.21MiB / 7.598GiB
PG Connections: 86
Redis Commands: 163304
---
[2026-05-03T16:46:33.266Z] 
baldia_mart_admin: CPU 0.00%, Mem 49.85MiB / 7.598GiB
baldia_mart_api: CPU 1.93%, Mem 180.9MiB / 7.598GiB
baldia_mart_cache: CPU 1.25%, Mem 10.21MiB / 7.598GiB
PG Connections: 86
Redis Commands: 165407
---
[2026-05-03T16:47:33.377Z] 
baldia_mart_admin: CPU 0.00%, Mem 49.85MiB / 7.598GiB
baldia_mart_api: CPU 2.65%, Mem 181.3MiB / 7.598GiB
baldia_mart_cache: CPU 1.06%, Mem 10.46MiB / 7.598GiB
PG Connections: 86
Redis Commands: 167518
---
[2026-05-03T16:48:33.289Z] 
baldia_mart_admin: CPU 0.00%, Mem 49.85MiB / 7.598GiB
baldia_mart_api: CPU 13.88%, Mem 181.5MiB / 7.598GiB
baldia_mart_cache: CPU 1.13%, Mem 10.21MiB / 7.598GiB
PG Connections: 86
Redis Commands: 169634
---
[2026-05-03T16:49:33.296Z] 
baldia_mart_admin: CPU 0.00%, Mem 49.85MiB / 7.598GiB
baldia_mart_api: CPU 41.93%, Mem 182.3MiB / 7.598GiB
baldia_mart_cache: CPU 0.47%, Mem 10.46MiB / 7.598GiB
PG Connections: 86
Redis Commands: 171745
---
[2026-05-03T16:50:33.545Z] 
baldia_mart_admin: CPU 0.00%, Mem 49.85MiB / 7.598GiB
baldia_mart_api: CPU 11.38%, Mem 181.2MiB / 7.598GiB
baldia_mart_cache: CPU 0.49%, Mem 10.21MiB / 7.598GiB
PG Connections: 86
Redis Commands: 173861
---
[2026-05-03T16:51:33.365Z] 
baldia_mart_admin: CPU 0.00%, Mem 49.85MiB / 7.598GiB
baldia_mart_api: CPU 5.11%, Mem 180.5MiB / 7.598GiB
baldia_mart_cache: CPU 1.27%, Mem 10.46MiB / 7.598GiB
PG Connections: 86
Redis Commands: 175972
---
[2026-05-03T16:52:33.603Z] 
baldia_mart_admin: CPU 0.00%, Mem 49.85MiB / 7.598GiB
baldia_mart_api: CPU 4.09%, Mem 181.3MiB / 7.598GiB
baldia_mart_cache: CPU 1.45%, Mem 10.21MiB / 7.598GiB
PG Connections: 86
Redis Commands: 178088
---
[2026-05-03T16:53:33.438Z] 
baldia_mart_admin: CPU 0.00%, Mem 49.86MiB / 7.598GiB
baldia_mart_api: CPU 3.66%, Mem 179.9MiB / 7.598GiB
baldia_mart_cache: CPU 1.06%, Mem 10.21MiB / 7.598GiB
PG Connections: 86
Redis Commands: 180199
---
[2026-05-03T16:54:33.550Z] 
baldia_mart_admin: CPU 0.00%, Mem 49.86MiB / 7.598GiB
baldia_mart_api: CPU 4.33%, Mem 181.9MiB / 7.598GiB
baldia_mart_cache: CPU 1.16%, Mem 10.21MiB / 7.598GiB
PG Connections: 86
Redis Commands: 182315
---
[2026-05-03T16:55:33.415Z] 
baldia_mart_admin: CPU 0.00%, Mem 49.86MiB / 7.598GiB
baldia_mart_api: CPU 14.81%, Mem 180.4MiB / 7.598GiB
baldia_mart_cache: CPU 0.62%, Mem 10.21MiB / 7.598GiB
PG Connections: 86
Redis Commands: 184431
---
[2026-05-03T16:56:33.596Z] 
baldia_mart_admin: CPU 0.00%, Mem 49.86MiB / 7.598GiB
baldia_mart_api: CPU 0.16%, Mem 179.8MiB / 7.598GiB
baldia_mart_cache: CPU 1.32%, Mem 10.46MiB / 7.598GiB
PG Connections: 86
Redis Commands: 186547
---
[2026-05-03T16:57:33.249Z] 
baldia_mart_admin: CPU 0.00%, Mem 49.86MiB / 7.598GiB
baldia_mart_api: CPU 10.68%, Mem 180.6MiB / 7.598GiB
baldia_mart_cache: CPU 1.02%, Mem 10.46MiB / 7.598GiB
PG Connections: 86
Redis Commands: 188655
---
[2026-05-03T16:58:33.352Z] 
baldia_mart_admin: CPU 0.00%, Mem 49.86MiB / 7.598GiB
baldia_mart_api: CPU 8.55%, Mem 180.1MiB / 7.598GiB
baldia_mart_cache: CPU 0.46%, Mem 10.21MiB / 7.598GiB
PG Connections: 86
Redis Commands: 190766
---
[2026-05-03T16:59:33.301Z] 
baldia_mart_admin: CPU 0.00%, Mem 49.86MiB / 7.598GiB
baldia_mart_api: CPU 7.66%, Mem 178.7MiB / 7.598GiB
baldia_mart_cache: CPU 1.09%, Mem 10.21MiB / 7.598GiB
PG Connections: 86
Redis Commands: 192877
---
[2026-05-03T17:00:33.455Z] 
baldia_mart_admin: CPU 0.00%, Mem 49.86MiB / 7.598GiB
baldia_mart_api: CPU 4.69%, Mem 181.6MiB / 7.598GiB
baldia_mart_cache: CPU 1.39%, Mem 10.21MiB / 7.598GiB
PG Connections: 86
Redis Commands: 194988
---
[2026-05-03T17:01:33.327Z] 
baldia_mart_admin: CPU 0.00%, Mem 49.86MiB / 7.598GiB
baldia_mart_api: CPU 2.08%, Mem 181.9MiB / 7.598GiB
baldia_mart_cache: CPU 1.21%, Mem 10.46MiB / 7.598GiB
PG Connections: 86
Redis Commands: 197099
---
[2026-05-03T17:02:33.635Z] 
baldia_mart_admin: CPU 0.00%, Mem 49.86MiB / 7.598GiB
baldia_mart_api: CPU 82.35%, Mem 177.2MiB / 7.598GiB
baldia_mart_cache: CPU 0.56%, Mem 10.46MiB / 7.598GiB
PG Connections: 86
Redis Commands: 199210
---
[2026-05-03T17:03:33.534Z] 
baldia_mart_admin: CPU 0.00%, Mem 49.86MiB / 7.598GiB
baldia_mart_api: CPU 32.01%, Mem 180.5MiB / 7.598GiB
baldia_mart_cache: CPU 0.64%, Mem 10.46MiB / 7.598GiB
PG Connections: 86
Redis Commands: 201321
---
[2026-05-03T17:04:33.535Z] 
baldia_mart_admin: CPU 0.00%, Mem 49.86MiB / 7.598GiB
baldia_mart_api: CPU 14.65%, Mem 154.5MiB / 7.598GiB
baldia_mart_cache: CPU 2.05%, Mem 10.21MiB / 7.598GiB
PG Connections: 86
Redis Commands: 203432
---
[2026-05-03T17:05:33.464Z] 
baldia_mart_admin: CPU 0.00%, Mem 49.86MiB / 7.598GiB
baldia_mart_api: CPU 1.69%, Mem 181.1MiB / 7.598GiB
baldia_mart_cache: CPU 0.49%, Mem 10.21MiB / 7.598GiB
PG Connections: 86
Redis Commands: 205535
---
[2026-05-03T17:06:33.570Z] 
baldia_mart_admin: CPU 0.00%, Mem 49.86MiB / 7.598GiB
baldia_mart_api: CPU 1.44%, Mem 181.6MiB / 7.598GiB
baldia_mart_cache: CPU 0.50%, Mem 10.21MiB / 7.598GiB
PG Connections: 86
Redis Commands: 207646
---
[2026-05-03T17:07:33.482Z] 
baldia_mart_admin: CPU 0.00%, Mem 49.86MiB / 7.598GiB
baldia_mart_api: CPU 1.64%, Mem 182MiB / 7.598GiB
baldia_mart_cache: CPU 0.67%, Mem 10.21MiB / 7.598GiB
PG Connections: 86
Redis Commands: 209757
---
[2026-05-03T17:08:33.531Z] 
baldia_mart_admin: CPU 0.00%, Mem 49.86MiB / 7.598GiB
baldia_mart_api: CPU 3.81%, Mem 180.6MiB / 7.598GiB
baldia_mart_cache: CPU 0.63%, Mem 10.46MiB / 7.598GiB
PG Connections: 86
Redis Commands: 211873
---
[2026-05-03T17:09:33.730Z] 
baldia_mart_admin: CPU 0.00%, Mem 49.86MiB / 7.598GiB
baldia_mart_api: CPU 3.31%, Mem 181.7MiB / 7.598GiB
baldia_mart_cache: CPU 0.42%, Mem 10.46MiB / 7.598GiB
PG Connections: 86
Redis Commands: 213952
---
[2026-05-03T17:10:33.483Z] 
baldia_mart_admin: CPU 0.00%, Mem 49.86MiB / 7.598GiB
baldia_mart_api: CPU 1.92%, Mem 180.9MiB / 7.598GiB
baldia_mart_cache: CPU 0.53%, Mem 10.21MiB / 7.598GiB
PG Connections: 86
Redis Commands: 215995
---
[2026-05-03T17:11:33.461Z] 
baldia_mart_admin: CPU 0.00%, Mem 49.86MiB / 7.598GiB
baldia_mart_api: CPU 0.53%, Mem 181.3MiB / 7.598GiB
baldia_mart_cache: CPU 0.49%, Mem 10.21MiB / 7.598GiB
PG Connections: 86
Redis Commands: 218106
---
[2026-05-03T17:12:33.519Z] 
baldia_mart_admin: CPU 0.00%, Mem 49.86MiB / 7.598GiB
baldia_mart_api: CPU 2.99%, Mem 181.4MiB / 7.598GiB
baldia_mart_cache: CPU 1.41%, Mem 10.21MiB / 7.598GiB
PG Connections: 86
Redis Commands: 220217
---
[2026-05-03T17:13:33.531Z] 
baldia_mart_admin: CPU 0.00%, Mem 49.86MiB / 7.598GiB
baldia_mart_api: CPU 23.75%, Mem 182.7MiB / 7.598GiB
baldia_mart_cache: CPU 0.54%, Mem 10.21MiB / 7.598GiB
PG Connections: 86
Redis Commands: 222328
---
[2026-05-03T17:14:33.437Z] 
baldia_mart_admin: CPU 0.00%, Mem 49.87MiB / 7.598GiB
baldia_mart_api: CPU 38.03%, Mem 182.7MiB / 7.598GiB
baldia_mart_cache: CPU 0.48%, Mem 10.21MiB / 7.598GiB
PG Connections: 86
Redis Commands: 224431
---
[2026-05-03T17:15:33.595Z] 
baldia_mart_admin: CPU 0.00%, Mem 49.87MiB / 7.598GiB
baldia_mart_api: CPU 17.40%, Mem 182.6MiB / 7.598GiB
baldia_mart_cache: CPU 1.65%, Mem 10.21MiB / 7.598GiB
PG Connections: 86
Redis Commands: 226542
---
[2026-05-03T17:16:33.599Z] 
baldia_mart_admin: CPU 0.00%, Mem 49.87MiB / 7.598GiB
baldia_mart_api: CPU 17.41%, Mem 182.2MiB / 7.598GiB
baldia_mart_cache: CPU 0.59%, Mem 10.21MiB / 7.598GiB
PG Connections: 86
Redis Commands: 228653
---
[2026-05-03T17:17:33.513Z] 
baldia_mart_admin: CPU 0.00%, Mem 49.87MiB / 7.598GiB
baldia_mart_api: CPU 14.97%, Mem 181.1MiB / 7.598GiB
baldia_mart_cache: CPU 0.53%, Mem 10.21MiB / 7.598GiB
PG Connections: 86
Redis Commands: 230769
---
[2026-05-03T17:18:33.427Z] 
baldia_mart_admin: CPU 0.00%, Mem 49.87MiB / 7.598GiB
baldia_mart_api: CPU 1.43%, Mem 181.9MiB / 7.598GiB
baldia_mart_cache: CPU 1.44%, Mem 10.21MiB / 7.598GiB
PG Connections: 86
Redis Commands: 232880
---
[2026-05-03T17:19:33.477Z] 
baldia_mart_admin: CPU 0.00%, Mem 49.87MiB / 7.598GiB
baldia_mart_api: CPU 0.44%, Mem 181.4MiB / 7.598GiB
baldia_mart_cache: CPU 1.35%, Mem 10.21MiB / 7.598GiB
PG Connections: 86
Redis Commands: 234996
---
[2026-05-03T17:20:33.604Z] 
baldia_mart_admin: CPU 0.00%, Mem 49.87MiB / 7.598GiB
baldia_mart_api: CPU 17.70%, Mem 181.5MiB / 7.598GiB
baldia_mart_cache: CPU 0.50%, Mem 10.21MiB / 7.598GiB
PG Connections: 86
Redis Commands: 237112
---
[2026-05-03T17:21:33.537Z] 
baldia_mart_admin: CPU 0.00%, Mem 49.87MiB / 7.598GiB
baldia_mart_api: CPU 3.64%, Mem 181.2MiB / 7.598GiB
baldia_mart_cache: CPU 1.15%, Mem 10.21MiB / 7.598GiB
PG Connections: 86
Redis Commands: 239228
---
[2026-05-03T17:22:33.492Z] 
baldia_mart_admin: CPU 0.00%, Mem 49.87MiB / 7.598GiB
baldia_mart_api: CPU 3.05%, Mem 181.7MiB / 7.598GiB
baldia_mart_cache: CPU 1.07%, Mem 10.21MiB / 7.598GiB
PG Connections: 86
Redis Commands: 241339
---
[2026-05-03T17:23:33.445Z] 
baldia_mart_admin: CPU 0.00%, Mem 49.87MiB / 7.598GiB
baldia_mart_api: CPU 53.41%, Mem 182.3MiB / 7.598GiB
baldia_mart_cache: CPU 0.96%, Mem 10.22MiB / 7.598GiB
PG Connections: 86
Redis Commands: 243450
---
[2026-05-03T17:24:33.544Z] 
baldia_mart_admin: CPU 0.00%, Mem 49.87MiB / 7.598GiB
baldia_mart_api: CPU 11.29%, Mem 178.9MiB / 7.598GiB
baldia_mart_cache: CPU 0.59%, Mem 10.21MiB / 7.598GiB
PG Connections: 86
Redis Commands: 245553
---
[2026-05-03T17:25:33.431Z] 
baldia_mart_admin: CPU 0.00%, Mem 49.87MiB / 7.598GiB
baldia_mart_api: CPU 38.17%, Mem 179.3MiB / 7.598GiB
baldia_mart_cache: CPU 1.24%, Mem 10.21MiB / 7.598GiB
PG Connections: 86
Redis Commands: 247669
---
[2026-05-03T17:26:33.559Z] 
baldia_mart_admin: CPU 0.00%, Mem 49.87MiB / 7.598GiB
baldia_mart_api: CPU 11.66%, Mem 180MiB / 7.598GiB
baldia_mart_cache: CPU 0.56%, Mem 10.46MiB / 7.598GiB
PG Connections: 86
Redis Commands: 249780
---
[2026-05-03T17:27:33.591Z] 
baldia_mart_admin: CPU 0.00%, Mem 49.88MiB / 7.598GiB
baldia_mart_api: CPU 1.54%, Mem 180.9MiB / 7.598GiB
baldia_mart_cache: CPU 1.22%, Mem 10.21MiB / 7.598GiB
PG Connections: 86
Redis Commands: 251896
---
[2026-05-03T17:28:33.560Z] 
baldia_mart_admin: CPU 0.00%, Mem 49.88MiB / 7.598GiB
baldia_mart_api: CPU 13.40%, Mem 180.2MiB / 7.598GiB
baldia_mart_cache: CPU 1.29%, Mem 10.21MiB / 7.598GiB
PG Connections: 86
Redis Commands: 254012
---
[2026-05-03T17:29:33.725Z] 
baldia_mart_admin: CPU 0.00%, Mem 49.88MiB / 7.598GiB
baldia_mart_api: CPU 62.53%, Mem 180.6MiB / 7.598GiB
baldia_mart_cache: CPU 0.70%, Mem 10.21MiB / 7.598GiB
PG Connections: 86
Redis Commands: 256128
---
[2026-05-03T17:30:33.678Z] 
baldia_mart_admin: CPU 0.00%, Mem 49.88MiB / 7.598GiB
baldia_mart_api: CPU 18.67%, Mem 181.4MiB / 7.598GiB
baldia_mart_cache: CPU 1.03%, Mem 10.46MiB / 7.598GiB
PG Connections: 86
Redis Commands: 258244
---
[2026-05-03T17:31:35.487Z] 
baldia_mart_admin: CPU 0.00%, Mem 49.88MiB / 7.598GiB
baldia_mart_api: CPU 8.90%, Mem 181.5MiB / 7.598GiB
baldia_mart_cache: CPU 3.26%, Mem 10.21MiB / 7.598GiB
PG Connections: 86
Redis Commands: 260355
---
[2026-05-03T17:32:33.761Z] 
baldia_mart_admin: CPU 0.00%, Mem 49.88MiB / 7.598GiB
baldia_mart_api: CPU 38.63%, Mem 183.8MiB / 7.598GiB
baldia_mart_cache: CPU 3.54%, Mem 10.23MiB / 7.598GiB
PG Connections: 86
Redis Commands: 262471
---
[2026-05-03T17:33:34.090Z] 
baldia_mart_admin: CPU 0.00%, Mem 49.88MiB / 7.598GiB
baldia_mart_api: CPU 23.01%, Mem 185MiB / 7.598GiB
baldia_mart_cache: CPU 2.35%, Mem 9.996MiB / 7.598GiB
PG Connections: 86
Redis Commands: 264582
---
[2026-05-03T17:34:33.935Z] 
baldia_mart_admin: CPU 0.00%, Mem 49.88MiB / 7.598GiB
baldia_mart_api: CPU 27.41%, Mem 180.5MiB / 7.598GiB
baldia_mart_cache: CPU 1.18%, Mem 10.09MiB / 7.598GiB
PG Connections: 86
Redis Commands: 266685
---
[2026-05-03T17:35:35.416Z] 
baldia_mart_api: CPU 128.13%, Mem 12.66MiB / 7.598GiB
baldia_mart_cache: CPU 1.17%, Mem 11.19MiB / 7.598GiB
baldia_mart_admin: CPU 95.04%, Mem 26.94MiB / 7.598GiB
PG Connections: 6
Redis Commands: 268062
---
[2026-05-03T17:36:33.361Z] 
baldia_mart_admin: CPU 0.00%, Mem 26.8MiB / 7.598GiB
baldia_mart_api: CPU 16.45%, Mem 217.2MiB / 7.598GiB
baldia_mart_cache: CPU 1.04%, Mem 11.79MiB / 7.598GiB
PG Connections: 86
Redis Commands: 270962
---
[2026-05-03T17:37:33.262Z] 
baldia_mart_admin: CPU 0.00%, Mem 26.8MiB / 7.598GiB
baldia_mart_api: CPU 17.12%, Mem 221.6MiB / 7.598GiB
baldia_mart_cache: CPU 1.43%, Mem 11.79MiB / 7.598GiB
PG Connections: 86
Redis Commands: 273073
---
[2026-05-03T17:38:33.371Z] 
baldia_mart_admin: CPU 0.00%, Mem 26.81MiB / 7.598GiB
baldia_mart_api: CPU 38.28%, Mem 167.2MiB / 7.598GiB
baldia_mart_cache: CPU 2.08%, Mem 11.51MiB / 7.598GiB
PG Connections: 86
Redis Commands: 275184
---
[2026-05-03T17:39:33.279Z] 
baldia_mart_admin: CPU 0.00%, Mem 26.81MiB / 7.598GiB
baldia_mart_api: CPU 13.01%, Mem 174.5MiB / 7.598GiB
baldia_mart_cache: CPU 1.28%, Mem 11.76MiB / 7.598GiB
PG Connections: 86
Redis Commands: 277295
---
[2026-05-03T17:40:33.254Z] 
baldia_mart_admin: CPU 0.00%, Mem 26.81MiB / 7.598GiB
baldia_mart_api: CPU 11.12%, Mem 174.8MiB / 7.598GiB
baldia_mart_cache: CPU 1.07%, Mem 11.51MiB / 7.598GiB
PG Connections: 86
Redis Commands: 279406
---
[2026-05-03T17:41:33.382Z] 
baldia_mart_admin: CPU 0.00%, Mem 26.81MiB / 7.598GiB
baldia_mart_api: CPU 11.64%, Mem 175.3MiB / 7.598GiB
baldia_mart_cache: CPU 1.19%, Mem 11.51MiB / 7.598GiB
PG Connections: 86
Redis Commands: 281509
---
[2026-05-03T17:42:33.247Z] 
baldia_mart_admin: CPU 0.00%, Mem 26.82MiB / 7.598GiB
baldia_mart_api: CPU 16.01%, Mem 175.8MiB / 7.598GiB
baldia_mart_cache: CPU 1.51%, Mem 11.51MiB / 7.598GiB
PG Connections: 86
Redis Commands: 283620
---
[2026-05-03T17:43:32.684Z] 
baldia_mart_admin: CPU 0.00%, Mem 26.82MiB / 7.598GiB
baldia_mart_api: CPU 3.37%, Mem 176.7MiB / 7.598GiB
baldia_mart_cache: CPU 0.71%, Mem 11.76MiB / 7.598GiB
PG Connections: 86
Redis Commands: 285631
---
[2026-05-03T17:44:33.341Z] 
baldia_mart_admin: CPU 0.00%, Mem 26.82MiB / 7.598GiB
baldia_mart_api: CPU 9.63%, Mem 176.7MiB / 7.598GiB
baldia_mart_cache: CPU 1.08%, Mem 11.77MiB / 7.598GiB
PG Connections: 86
Redis Commands: 287842
---
[2026-05-03T17:45:33.457Z] 
baldia_mart_admin: CPU 0.00%, Mem 26.82MiB / 7.598GiB
baldia_mart_api: CPU 1.87%, Mem 175.8MiB / 7.598GiB
baldia_mart_cache: CPU 1.05%, Mem 11.51MiB / 7.598GiB
PG Connections: 86
Redis Commands: 289953
---
[2026-05-03T17:46:33.439Z] 
baldia_mart_admin: CPU 0.00%, Mem 26.82MiB / 7.598GiB
baldia_mart_api: CPU 8.98%, Mem 176.7MiB / 7.598GiB
baldia_mart_cache: CPU 1.06%, Mem 11.76MiB / 7.598GiB
PG Connections: 86
Redis Commands: 292064
---
[2026-05-03T17:47:33.389Z] 
baldia_mart_admin: CPU 0.00%, Mem 26.82MiB / 7.598GiB
baldia_mart_api: CPU 11.51%, Mem 176.9MiB / 7.598GiB
baldia_mart_cache: CPU 1.60%, Mem 11.52MiB / 7.598GiB
PG Connections: 86
Redis Commands: 294175
---
[2026-05-03T17:48:32.525Z] 
baldia_mart_admin: CPU 0.00%, Mem 26.82MiB / 7.598GiB
baldia_mart_api: CPU 1.79%, Mem 177.7MiB / 7.598GiB
baldia_mart_cache: CPU 0.65%, Mem 11.52MiB / 7.598GiB
PG Connections: 86
Redis Commands: 296186
---
[2026-05-03T17:49:33.423Z] 
baldia_mart_admin: CPU 0.00%, Mem 26.82MiB / 7.598GiB
baldia_mart_api: CPU 9.57%, Mem 179MiB / 7.598GiB
baldia_mart_cache: CPU 1.06%, Mem 11.62MiB / 7.598GiB
PG Connections: 86
Redis Commands: 298397
---
[2026-05-03T17:50:33.475Z] 
baldia_mart_admin: CPU 0.00%, Mem 26.83MiB / 7.598GiB
baldia_mart_api: CPU 13.55%, Mem 181.6MiB / 7.598GiB
baldia_mart_cache: CPU 0.61%, Mem 11.62MiB / 7.598GiB
PG Connections: 86
Redis Commands: 300508
---
[2026-05-03T17:51:33.674Z] 
baldia_mart_admin: CPU 0.00%, Mem 26.83MiB / 7.598GiB
baldia_mart_api: CPU 15.27%, Mem 179.9MiB / 7.598GiB
baldia_mart_cache: CPU 1.61%, Mem 11.87MiB / 7.598GiB
PG Connections: 86
Redis Commands: 302611
---
[2026-05-03T17:52:33.940Z] 
baldia_mart_admin: CPU 0.00%, Mem 26.83MiB / 7.598GiB
baldia_mart_api: CPU 32.10%, Mem 180.4MiB / 7.598GiB
baldia_mart_cache: CPU 4.57%, Mem 11.62MiB / 7.598GiB
PG Connections: 86
Redis Commands: 304722
---
[2026-05-03T17:53:32.700Z] 
baldia_mart_admin: CPU 0.00%, Mem 26.83MiB / 7.598GiB
baldia_mart_api: CPU 3.34%, Mem 177.1MiB / 7.598GiB
baldia_mart_cache: CPU 0.76%, Mem 11.61MiB / 7.598GiB
PG Connections: 86
Redis Commands: 306733
---
[2026-05-03T17:54:34.372Z] 
baldia_mart_admin: CPU 0.00%, Mem 26.83MiB / 7.598GiB
baldia_mart_api: CPU 6.72%, Mem 178.5MiB / 7.598GiB
baldia_mart_cache: CPU 1.19%, Mem 11.62MiB / 7.598GiB
PG Connections: 86
Redis Commands: 308944
---
[2026-05-03T17:55:32.708Z] 
baldia_mart_admin: CPU 0.00%, Mem 26.83MiB / 7.598GiB
baldia_mart_api: CPU 3.10%, Mem 177.8MiB / 7.598GiB
baldia_mart_cache: CPU 0.55%, Mem 11.62MiB / 7.598GiB
PG Connections: 86
Redis Commands: 310960
---
[2026-05-03T17:56:32.666Z] 
baldia_mart_admin: CPU 0.00%, Mem 26.83MiB / 7.598GiB
baldia_mart_api: CPU 2.27%, Mem 179MiB / 7.598GiB
baldia_mart_cache: CPU 0.58%, Mem 11.62MiB / 7.598GiB
PG Connections: 86
Redis Commands: 313071
---
[2026-05-03T17:57:32.869Z] 
baldia_mart_admin: CPU 0.00%, Mem 26.83MiB / 7.598GiB
baldia_mart_api: CPU 5.04%, Mem 177.5MiB / 7.598GiB
baldia_mart_cache: CPU 0.63%, Mem 11.62MiB / 7.598GiB
PG Connections: 86
Redis Commands: 315182
---
[2026-05-03T17:58:32.756Z] 
baldia_mart_admin: CPU 0.00%, Mem 26.83MiB / 7.598GiB
baldia_mart_api: CPU 2.96%, Mem 176.6MiB / 7.598GiB
baldia_mart_cache: CPU 0.57%, Mem 11.62MiB / 7.598GiB
PG Connections: 86
Redis Commands: 317285
---
[2026-05-03T17:59:38.588Z] 
baldia_mart_admin: CPU 0.00%, Mem 26.83MiB / 7.598GiB
baldia_mart_api: CPU 38.62%, Mem 176.6MiB / 7.598GiB
baldia_mart_cache: CPU 4.21%, Mem 11.62MiB / 7.598GiB
PG Connections: 86
Redis Commands: 319604
---
[2026-05-03T18:00:32.779Z] 
baldia_mart_admin: CPU 0.00%, Mem 26.83MiB / 7.598GiB
baldia_mart_api: CPU 1.60%, Mem 175.8MiB / 7.598GiB
baldia_mart_cache: CPU 0.52%, Mem 11.62MiB / 7.598GiB
PG Connections: 86
Redis Commands: 321507
---
[2026-05-03T18:01:32.814Z] 
baldia_mart_admin: CPU 0.00%, Mem 26.84MiB / 7.598GiB
baldia_mart_api: CPU 0.14%, Mem 175.5MiB / 7.598GiB
baldia_mart_cache: CPU 0.58%, Mem 11.62MiB / 7.598GiB
PG Connections: 86
Redis Commands: 323618
---
[2026-05-03T18:02:33.062Z] 
baldia_mart_admin: CPU 0.00%, Mem 26.84MiB / 7.598GiB
baldia_mart_api: CPU 2.00%, Mem 175.6MiB / 7.598GiB
baldia_mart_cache: CPU 0.87%, Mem 11.87MiB / 7.598GiB
PG Connections: 86
Redis Commands: 325729
---
[2026-05-03T18:03:32.985Z] 
baldia_mart_admin: CPU 0.00%, Mem 26.84MiB / 7.598GiB
baldia_mart_api: CPU 0.27%, Mem 175.7MiB / 7.598GiB
baldia_mart_cache: CPU 0.70%, Mem 11.62MiB / 7.598GiB
PG Connections: 86
Redis Commands: 327840
---
[2026-05-03T18:04:33.020Z] 
baldia_mart_admin: CPU 0.00%, Mem 26.84MiB / 7.598GiB
baldia_mart_api: CPU 0.31%, Mem 175.7MiB / 7.598GiB
baldia_mart_cache: CPU 0.64%, Mem 11.62MiB / 7.598GiB
PG Connections: 86
Redis Commands: 329951
---
[2026-05-03T18:05:33.092Z] 
baldia_mart_admin: CPU 0.00%, Mem 26.84MiB / 7.598GiB
baldia_mart_api: CPU 2.45%, Mem 175.9MiB / 7.598GiB
baldia_mart_cache: CPU 0.62%, Mem 11.62MiB / 7.598GiB
PG Connections: 86
Redis Commands: 332062
---
[2026-05-03T18:06:32.988Z] 
baldia_mart_admin: CPU 0.00%, Mem 26.84MiB / 7.598GiB
baldia_mart_api: CPU 0.19%, Mem 176.2MiB / 7.598GiB
baldia_mart_cache: CPU 0.57%, Mem 11.62MiB / 7.598GiB
PG Connections: 86
Redis Commands: 334173
---
[2026-05-03T18:07:33.502Z] 
baldia_mart_admin: CPU 0.00%, Mem 26.84MiB / 7.598GiB
baldia_mart_api: CPU 2.68%, Mem 176.3MiB / 7.598GiB
baldia_mart_cache: CPU 1.16%, Mem 11.62MiB / 7.598GiB
PG Connections: 86
Redis Commands: 336281
---
[2026-05-03T18:08:33.715Z] 
baldia_mart_admin: CPU 0.00%, Mem 26.84MiB / 7.598GiB
baldia_mart_api: CPU 0.65%, Mem 176.7MiB / 7.598GiB
baldia_mart_cache: CPU 1.29%, Mem 11.87MiB / 7.598GiB
PG Connections: 86
Redis Commands: 338397
---
[2026-05-03T18:09:33.830Z] 
baldia_mart_admin: CPU 0.00%, Mem 26.84MiB / 7.598GiB
baldia_mart_api: CPU 0.45%, Mem 176.5MiB / 7.598GiB
baldia_mart_cache: CPU 1.13%, Mem 11.61MiB / 7.598GiB
PG Connections: 86
Redis Commands: 340513
---
[2026-05-03T18:10:33.754Z] 
baldia_mart_admin: CPU 0.00%, Mem 26.84MiB / 7.598GiB
baldia_mart_api: CPU 77.97%, Mem 176.2MiB / 7.598GiB
baldia_mart_cache: CPU 1.64%, Mem 11.86MiB / 7.598GiB
PG Connections: 86
Redis Commands: 342629
---
[2026-05-03T18:11:34.280Z] 
baldia_mart_admin: CPU 0.00%, Mem 26.84MiB / 7.598GiB
baldia_mart_api: CPU 0.52%, Mem 176.8MiB / 7.598GiB
baldia_mart_cache: CPU 1.29%, Mem 11.87MiB / 7.598GiB
PG Connections: 86
Redis Commands: 344745
---
[2026-05-03T18:12:34.253Z] 
baldia_mart_admin: CPU 0.00%, Mem 26.84MiB / 7.598GiB
baldia_mart_api: CPU 1.54%, Mem 177MiB / 7.598GiB
baldia_mart_cache: CPU 1.42%, Mem 11.62MiB / 7.598GiB
PG Connections: 86
Redis Commands: 346861
---
[2026-05-03T18:13:34.155Z] 
baldia_mart_admin: CPU 0.00%, Mem 26.84MiB / 7.598GiB
baldia_mart_api: CPU 33.89%, Mem 177.4MiB / 7.598GiB
baldia_mart_cache: CPU 1.35%, Mem 11.62MiB / 7.598GiB
PG Connections: 86
Redis Commands: 348964
---
[2026-05-03T18:14:34.031Z] 
baldia_mart_admin: CPU 0.00%, Mem 26.75MiB / 7.598GiB
baldia_mart_api: CPU 28.23%, Mem 179.2MiB / 7.598GiB
baldia_mart_cache: CPU 1.29%, Mem 13.08MiB / 7.598GiB
PG Connections: 86
Redis Commands: 351075
---
[2026-05-03T18:15:34.485Z] 
baldia_mart_admin: CPU 0.02%, Mem 32.44MiB / 7.598GiB
baldia_mart_api: CPU 131.32%, Mem 120.4MiB / 7.598GiB
baldia_mart_cache: CPU 1.19%, Mem 12.83MiB / 7.598GiB
PG Connections: 6
Redis Commands: 352023
---
[2026-05-03T18:16:34.042Z] 
baldia_mart_admin: CPU 0.00%, Mem 23.07MiB / 7.598GiB
baldia_mart_api: CPU 30.71%, Mem 227.4MiB / 7.598GiB
baldia_mart_cache: CPU 1.24%, Mem 12.88MiB / 7.598GiB
PG Connections: 86
Redis Commands: 355331
---
[2026-05-03T18:17:34.324Z] 
baldia_mart_admin: CPU 0.00%, Mem 45.86MiB / 7.598GiB
baldia_mart_api: CPU 0.76%, Mem 175.5MiB / 7.598GiB
baldia_mart_cache: CPU 1.31%, Mem 12.93MiB / 7.598GiB
PG Connections: 86
Redis Commands: 357450
---
[2026-05-03T18:18:33.906Z] 
baldia_mart_admin: CPU 0.00%, Mem 45.86MiB / 7.598GiB
baldia_mart_api: CPU 0.01%, Mem 193.9MiB / 7.598GiB
baldia_mart_cache: CPU 1.07%, Mem 13.18MiB / 7.598GiB
PG Connections: 86
Redis Commands: 359561
---
[2026-05-03T18:19:33.858Z] 
baldia_mart_admin: CPU 0.00%, Mem 45.86MiB / 7.598GiB
baldia_mart_api: CPU 0.19%, Mem 194.1MiB / 7.598GiB
baldia_mart_cache: CPU 2.44%, Mem 12.91MiB / 7.598GiB
PG Connections: 86
Redis Commands: 361672
---
[2026-05-03T18:20:34.352Z] 
baldia_mart_admin: CPU 0.00%, Mem 45.86MiB / 7.598GiB
baldia_mart_api: CPU 0.50%, Mem 191.1MiB / 7.598GiB
baldia_mart_cache: CPU 3.15%, Mem 12.91MiB / 7.598GiB
PG Connections: 86
Redis Commands: 363783
---
[2026-05-03T18:21:33.944Z] 
baldia_mart_admin: CPU 0.00%, Mem 45.86MiB / 7.598GiB
baldia_mart_api: CPU 0.21%, Mem 191.9MiB / 7.598GiB
baldia_mart_cache: CPU 2.44%, Mem 12.91MiB / 7.598GiB
PG Connections: 86
Redis Commands: 365886
---
[2026-05-03T18:22:33.970Z] 
baldia_mart_admin: CPU 0.00%, Mem 45.86MiB / 7.598GiB
baldia_mart_api: CPU 37.91%, Mem 192.5MiB / 7.598GiB
baldia_mart_cache: CPU 1.28%, Mem 13.16MiB / 7.598GiB
PG Connections: 86
Redis Commands: 367997
---
[2026-05-03T18:23:33.938Z] 
baldia_mart_admin: CPU 0.00%, Mem 45.86MiB / 7.598GiB
baldia_mart_api: CPU 45.43%, Mem 192.4MiB / 7.598GiB
baldia_mart_cache: CPU 1.05%, Mem 12.91MiB / 7.598GiB
PG Connections: 86
Redis Commands: 370108
---
[2026-05-03T18:24:34.067Z] 
baldia_mart_admin: CPU 0.00%, Mem 45.86MiB / 7.598GiB
baldia_mart_api: CPU 21.66%, Mem 193.4MiB / 7.598GiB
baldia_mart_cache: CPU 3.17%, Mem 12.9MiB / 7.598GiB
PG Connections: 86
Redis Commands: 372219
---
[2026-05-03T18:25:34.046Z] 
baldia_mart_admin: CPU 0.00%, Mem 45.86MiB / 7.598GiB
baldia_mart_api: CPU 27.33%, Mem 192.7MiB / 7.598GiB
baldia_mart_cache: CPU 2.94%, Mem 13.12MiB / 7.598GiB
PG Connections: 86
Redis Commands: 374330
---
[2026-05-03T18:26:38.636Z] 
baldia_mart_admin: CPU 0.00%, Mem 45.86MiB / 7.598GiB
baldia_mart_api: CPU 14.71%, Mem 179.2MiB / 7.598GiB
baldia_mart_cache: CPU 1.45%, Mem 12.87MiB / 7.598GiB
PG Connections: 86
Redis Commands: 376541
---
[2026-05-03T18:27:33.181Z] 
baldia_mart_admin: CPU 0.00%, Mem 45.86MiB / 7.598GiB
baldia_mart_api: CPU 6.80%, Mem 183.1MiB / 7.598GiB
baldia_mart_cache: CPU 1.17%, Mem 13.11MiB / 7.598GiB
PG Connections: 86
Redis Commands: 378544
---
[2026-05-03T18:28:33.154Z] 
baldia_mart_admin: CPU 0.00%, Mem 45.87MiB / 7.598GiB
baldia_mart_api: CPU 3.91%, Mem 184.4MiB / 7.598GiB
baldia_mart_cache: CPU 1.10%, Mem 12.87MiB / 7.598GiB
PG Connections: 86
Redis Commands: 380660
---
[2026-05-03T18:29:33.215Z] 
baldia_mart_admin: CPU 0.00%, Mem 45.87MiB / 7.598GiB
baldia_mart_api: CPU 10.62%, Mem 184.3MiB / 7.598GiB
baldia_mart_cache: CPU 1.04%, Mem 12.86MiB / 7.598GiB
PG Connections: 86
Redis Commands: 382771
---
[2026-05-03T18:30:34.018Z] 
baldia_mart_admin: CPU 0.00%, Mem 45.87MiB / 7.598GiB
baldia_mart_api: CPU 19.69%, Mem 179.7MiB / 7.598GiB
baldia_mart_cache: CPU 2.60%, Mem 12.86MiB / 7.598GiB
PG Connections: 86
Redis Commands: 384882
---
[2026-05-03T18:31:34.063Z] 
baldia_mart_admin: CPU 0.00%, Mem 45.87MiB / 7.598GiB
baldia_mart_api: CPU 21.91%, Mem 183.3MiB / 7.598GiB
baldia_mart_cache: CPU 3.98%, Mem 12.87MiB / 7.598GiB
PG Connections: 86
Redis Commands: 386985
---
[2026-05-03T18:32:34.698Z] 
baldia_mart_admin: CPU 0.00%, Mem 23.08MiB / 7.598GiB
baldia_mart_api: CPU 167.79%, Mem 226.3MiB / 7.598GiB
baldia_mart_cache: CPU 6.86%, Mem 12.9MiB / 7.598GiB
PG Connections: 86
Redis Commands: 389056
---
[2026-05-03T18:33:34.394Z] 
baldia_mart_admin: CPU 0.00%, Mem 23.08MiB / 7.598GiB
baldia_mart_api: CPU 20.99%, Mem 240.1MiB / 7.598GiB
baldia_mart_cache: CPU 1.75%, Mem 13.15MiB / 7.598GiB
PG Connections: 86
Redis Commands: 391168
---
[2026-05-03T18:34:38.178Z] 
baldia_mart_admin: CPU 0.00%, Mem 23.11MiB / 7.598GiB
baldia_mart_api: CPU 27.21%, Mem 182.9MiB / 7.598GiB
baldia_mart_cache: CPU 10.90%, Mem 12.9MiB / 7.598GiB
PG Connections: 86
Redis Commands: 393384
---
[2026-05-03T18:35:34.057Z] 
baldia_mart_admin: CPU 0.00%, Mem 43.4MiB / 7.598GiB
baldia_mart_api: CPU 48.17%, Mem 189.7MiB / 7.598GiB
baldia_mart_cache: CPU 1.18%, Mem 12.86MiB / 7.598GiB
PG Connections: 86
Redis Commands: 395394
---
[2026-05-03T18:36:34.085Z] 
baldia_mart_admin: CPU 0.00%, Mem 43.4MiB / 7.598GiB
baldia_mart_api: CPU 33.80%, Mem 192.7MiB / 7.598GiB
baldia_mart_cache: CPU 1.15%, Mem 12.86MiB / 7.598GiB
PG Connections: 86
Redis Commands: 397506
---
[2026-05-03T18:37:34.047Z] 
baldia_mart_admin: CPU 0.00%, Mem 43.4MiB / 7.598GiB
baldia_mart_api: CPU 0.64%, Mem 185MiB / 7.598GiB
baldia_mart_cache: CPU 1.16%, Mem 12.86MiB / 7.598GiB
PG Connections: 86
Redis Commands: 399618
---
[2026-05-03T18:38:34.016Z] 
baldia_mart_admin: CPU 0.00%, Mem 43.4MiB / 7.598GiB
baldia_mart_api: CPU 47.46%, Mem 185.5MiB / 7.598GiB
baldia_mart_cache: CPU 1.12%, Mem 13.12MiB / 7.598GiB
PG Connections: 86
Redis Commands: 401730
---
[2026-05-03T18:39:34.114Z] 
baldia_mart_admin: CPU 0.00%, Mem 43.4MiB / 7.598GiB
baldia_mart_api: CPU 5.48%, Mem 161.4MiB / 7.598GiB
baldia_mart_cache: CPU 2.54%, Mem 12.87MiB / 7.598GiB
PG Connections: 86
Redis Commands: 403842
---
[2026-05-03T18:40:34.060Z] 
baldia_mart_admin: CPU 0.00%, Mem 43.4MiB / 7.598GiB
baldia_mart_api: CPU 29.72%, Mem 183.1MiB / 7.598GiB
baldia_mart_cache: CPU 1.07%, Mem 13.12MiB / 7.598GiB
PG Connections: 86
Redis Commands: 405946
---
[2026-05-03T18:41:34.046Z] 
baldia_mart_admin: CPU 0.00%, Mem 43.4MiB / 7.598GiB
baldia_mart_api: CPU 24.61%, Mem 168.7MiB / 7.598GiB
baldia_mart_cache: CPU 1.17%, Mem 13.12MiB / 7.598GiB
PG Connections: 86
Redis Commands: 408058
---
[2026-05-03T18:42:34.076Z] 
baldia_mart_admin: CPU 0.00%, Mem 43.4MiB / 7.598GiB
baldia_mart_api: CPU 37.49%, Mem 157.9MiB / 7.598GiB
baldia_mart_cache: CPU 0.97%, Mem 12.86MiB / 7.598GiB
PG Connections: 86
Redis Commands: 410169
---
[2026-05-03T18:43:34.099Z] 
baldia_mart_admin: CPU 0.00%, Mem 43.4MiB / 7.598GiB
baldia_mart_api: CPU 27.83%, Mem 180.8MiB / 7.598GiB
baldia_mart_cache: CPU 2.44%, Mem 12.87MiB / 7.598GiB
PG Connections: 86
Redis Commands: 412286
---
[2026-05-03T18:44:34.147Z] 
baldia_mart_admin: CPU 0.00%, Mem 43.4MiB / 7.598GiB
baldia_mart_api: CPU 25.27%, Mem 180.1MiB / 7.598GiB
baldia_mart_cache: CPU 1.24%, Mem 12.86MiB / 7.598GiB
PG Connections: 86
Redis Commands: 414398
---
[2026-05-03T18:45:34.113Z] 
baldia_mart_admin: CPU 0.00%, Mem 43.4MiB / 7.598GiB
baldia_mart_api: CPU 16.82%, Mem 180.3MiB / 7.598GiB
baldia_mart_cache: CPU 1.47%, Mem 12.87MiB / 7.598GiB
PG Connections: 86
Redis Commands: 416510
---
[2026-05-03T18:46:34.080Z] 
baldia_mart_admin: CPU 0.00%, Mem 43.41MiB / 7.598GiB
baldia_mart_api: CPU 8.01%, Mem 177.9MiB / 7.598GiB
baldia_mart_cache: CPU 1.06%, Mem 12.87MiB / 7.598GiB
PG Connections: 86
Redis Commands: 418614
---
[2026-05-03T18:47:33.650Z] 
baldia_mart_admin: CPU 0.00%, Mem 43.41MiB / 7.598GiB
baldia_mart_api: CPU 4.05%, Mem 180.8MiB / 7.598GiB
baldia_mart_cache: CPU 0.46%, Mem 12.87MiB / 7.598GiB
PG Connections: 86
Redis Commands: 420731
---
[2026-05-03T18:48:33.662Z] 
baldia_mart_admin: CPU 0.00%, Mem 44.55MiB / 7.598GiB
baldia_mart_api: CPU 1.65%, Mem 179.9MiB / 7.598GiB
baldia_mart_cache: CPU 0.43%, Mem 12.86MiB / 7.598GiB
PG Connections: 86
Redis Commands: 422845
---
[2026-05-03T18:49:34.092Z] 
baldia_mart_admin: CPU 0.00%, Mem 44.55MiB / 7.598GiB
baldia_mart_api: CPU 2.50%, Mem 182.3MiB / 7.598GiB
baldia_mart_cache: CPU 0.69%, Mem 13.12MiB / 7.598GiB
PG Connections: 86
Redis Commands: 424956
---
[2026-05-03T18:50:34.311Z] 
baldia_mart_admin: CPU 0.00%, Mem 44.55MiB / 7.598GiB
baldia_mart_api: CPU 7.31%, Mem 181.5MiB / 7.598GiB
baldia_mart_cache: CPU 1.20%, Mem 13.12MiB / 7.598GiB
PG Connections: 86
Redis Commands: 427072
---
[2026-05-03T18:51:35.107Z] 
baldia_mart_admin: CPU 0.00%, Mem 44.55MiB / 7.598GiB
baldia_mart_api: CPU 10.30%, Mem 186.3MiB / 7.598GiB
baldia_mart_cache: CPU 1.28%, Mem 13.12MiB / 7.598GiB
PG Connections: 86
Redis Commands: 429188
---
[2026-05-03T18:52:33.935Z] 
baldia_mart_admin: CPU 0.00%, Mem 44.55MiB / 7.598GiB
baldia_mart_api: CPU 0.90%, Mem 188.8MiB / 7.598GiB
baldia_mart_cache: CPU 0.84%, Mem 12.87MiB / 7.598GiB
PG Connections: 86
Redis Commands: 431191
---
[2026-05-03T18:53:33.904Z] 
baldia_mart_admin: CPU 0.00%, Mem 44.55MiB / 7.598GiB
baldia_mart_api: CPU 5.24%, Mem 185.2MiB / 7.598GiB
baldia_mart_cache: CPU 0.44%, Mem 13.12MiB / 7.598GiB
PG Connections: 86
Redis Commands: 433302
---
[2026-05-03T18:54:33.849Z] 
baldia_mart_admin: CPU 0.00%, Mem 44.55MiB / 7.598GiB
baldia_mart_api: CPU 0.30%, Mem 179MiB / 7.598GiB
baldia_mart_cache: CPU 0.66%, Mem 12.86MiB / 7.598GiB
PG Connections: 86
Redis Commands: 435413
---
[2026-05-03T18:55:33.980Z] 
baldia_mart_admin: CPU 0.00%, Mem 44.55MiB / 7.598GiB
baldia_mart_api: CPU 0.16%, Mem 180.6MiB / 7.598GiB
baldia_mart_cache: CPU 0.43%, Mem 12.87MiB / 7.598GiB
PG Connections: 86
Redis Commands: 437524
---
[2026-05-03T18:56:34.074Z] 
baldia_mart_admin: CPU 0.00%, Mem 44.55MiB / 7.598GiB
baldia_mart_api: CPU 0.54%, Mem 179.5MiB / 7.598GiB
baldia_mart_cache: CPU 1.23%, Mem 12.87MiB / 7.598GiB
PG Connections: 86
Redis Commands: 439640
---
[2026-05-03T18:57:35.333Z] 
baldia_mart_admin: CPU 0.00%, Mem 44.55MiB / 7.598GiB
baldia_mart_api: CPU 3.07%, Mem 180.3MiB / 7.598GiB
baldia_mart_cache: CPU 1.06%, Mem 12.87MiB / 7.598GiB
PG Connections: 86
Redis Commands: 441851
---
[2026-05-03T18:58:34.399Z] 
baldia_mart_admin: CPU 0.00%, Mem 44.55MiB / 7.598GiB
baldia_mart_api: CPU 4.22%, Mem 179.8MiB / 7.598GiB
baldia_mart_cache: CPU 0.83%, Mem 12.53MiB / 7.598GiB
PG Connections: 86
Redis Commands: 443967
---
[2026-05-03T18:59:34.268Z] 
baldia_mart_api: CPU 1.32%, Mem 214.7MiB / 7.598GiB
baldia_mart_admin: CPU 0.00%, Mem 44.55MiB / 7.598GiB
baldia_mart_cache: CPU 0.52%, Mem 12.58MiB / 7.598GiB
PG Connections: 86
Redis Commands: 446031
---
[2026-05-03T19:00:33.915Z] 
baldia_mart_api: CPU 0.15%, Mem 214.1MiB / 7.598GiB
baldia_mart_admin: CPU 0.00%, Mem 44.55MiB / 7.598GiB
baldia_mart_cache: CPU 0.73%, Mem 12.58MiB / 7.598GiB
PG Connections: 86
Redis Commands: 448142
---
[2026-05-03T19:01:33.824Z] 
baldia_mart_api: CPU 5.79%, Mem 182.6MiB / 7.598GiB
baldia_mart_admin: CPU 0.00%, Mem 44.55MiB / 7.598GiB
baldia_mart_cache: CPU 0.76%, Mem 12.78MiB / 7.598GiB
PG Connections: 86
Redis Commands: 450253
---
[2026-05-03T19:02:33.812Z] 
baldia_mart_api: CPU 10.66%, Mem 183.6MiB / 7.598GiB
baldia_mart_admin: CPU 0.00%, Mem 44.55MiB / 7.598GiB
baldia_mart_cache: CPU 0.52%, Mem 12.53MiB / 7.598GiB
PG Connections: 86
Redis Commands: 452364
---
[2026-05-03T19:03:33.822Z] 
baldia_mart_api: CPU 13.99%, Mem 183.6MiB / 7.598GiB
baldia_mart_admin: CPU 0.00%, Mem 44.55MiB / 7.598GiB
baldia_mart_cache: CPU 0.53%, Mem 12.79MiB / 7.598GiB
PG Connections: 86
Redis Commands: 454475
---
[2026-05-03T19:04:33.781Z] 
baldia_mart_api: CPU 1.31%, Mem 182.6MiB / 7.598GiB
baldia_mart_admin: CPU 0.00%, Mem 44.55MiB / 7.598GiB
baldia_mart_cache: CPU 1.81%, Mem 12.54MiB / 7.598GiB
PG Connections: 86
Redis Commands: 456586
---
[2026-05-03T19:05:34.533Z] 
baldia_mart_api: CPU 0.70%, Mem 183.6MiB / 7.598GiB
baldia_mart_admin: CPU 0.00%, Mem 44.55MiB / 7.598GiB
baldia_mart_cache: CPU 1.20%, Mem 12.54MiB / 7.598GiB
PG Connections: 86
Redis Commands: 458762
---
[2026-05-03T19:06:38.327Z] 
baldia_mart_api: CPU 28.78%, Mem 183.1MiB / 7.598GiB
baldia_mart_admin: CPU 0.00%, Mem 44.55MiB / 7.598GiB
baldia_mart_cache: CPU 3.02%, Mem 12.54MiB / 7.598GiB
PG Connections: 86
Redis Commands: 461015
---
[2026-05-03T19:07:33.703Z] 
baldia_mart_api: CPU 2.91%, Mem 183.5MiB / 7.598GiB
baldia_mart_admin: CPU 0.00%, Mem 44.55MiB / 7.598GiB
baldia_mart_cache: CPU 1.15%, Mem 12.78MiB / 7.598GiB
PG Connections: 86
Redis Commands: 462911
---
[2026-05-03T19:08:34.411Z] 
baldia_mart_api: CPU 9.76%, Mem 183MiB / 7.598GiB
baldia_mart_admin: CPU 0.00%, Mem 44.56MiB / 7.598GiB
baldia_mart_cache: CPU 1.34%, Mem 12.53MiB / 7.598GiB
PG Connections: 86
Redis Commands: 465022
---
[2026-05-03T19:09:33.946Z] 
baldia_mart_api: CPU 3.61%, Mem 183.4MiB / 7.598GiB
baldia_mart_admin: CPU 0.00%, Mem 44.56MiB / 7.598GiB
baldia_mart_cache: CPU 2.16%, Mem 12.02MiB / 7.598GiB
PG Connections: 86
Redis Commands: 467138
---
[2026-05-03T19:10:35.128Z] 
baldia_mart_api: CPU 5.08%, Mem 183.3MiB / 7.598GiB
baldia_mart_admin: CPU 0.00%, Mem 44.56MiB / 7.598GiB
baldia_mart_cache: CPU 0.95%, Mem 11.59MiB / 7.598GiB
PG Connections: 86
Redis Commands: 469272
---
[2026-05-03T19:11:34.651Z] 
baldia_mart_api: CPU 22.09%, Mem 184.6MiB / 7.598GiB
baldia_mart_admin: CPU 0.00%, Mem 44.56MiB / 7.598GiB
baldia_mart_cache: CPU 2.37%, Mem 11.49MiB / 7.598GiB
PG Connections: 86
Redis Commands: 471365
---
[2026-05-03T19:12:34.457Z] 
baldia_mart_api: CPU 6.90%, Mem 183.8MiB / 7.598GiB
baldia_mart_admin: CPU 0.00%, Mem 44.56MiB / 7.598GiB
baldia_mart_cache: CPU 0.82%, Mem 10.62MiB / 7.598GiB
PG Connections: 86
Redis Commands: 473476
---
[2026-05-03T19:13:34.171Z] 
baldia_mart_api: CPU 3.76%, Mem 182.3MiB / 7.598GiB
baldia_mart_admin: CPU 0.00%, Mem 44.56MiB / 7.598GiB
baldia_mart_cache: CPU 2.24%, Mem 9.305MiB / 7.598GiB
PG Connections: 86
Redis Commands: 475579
---
[2026-05-03T19:14:34.796Z] 
baldia_mart_api: CPU 3.41%, Mem 182.8MiB / 7.598GiB
baldia_mart_admin: CPU 0.00%, Mem 44.56MiB / 7.598GiB
baldia_mart_cache: CPU 0.65%, Mem 8.887MiB / 7.598GiB
PG Connections: 86
Redis Commands: 477695
---
[2026-05-03T19:15:34.436Z] 
baldia_mart_api: CPU 33.56%, Mem 183.4MiB / 7.598GiB
baldia_mart_admin: CPU 0.00%, Mem 44.56MiB / 7.598GiB
baldia_mart_cache: CPU 3.79%, Mem 8.926MiB / 7.598GiB
PG Connections: 86
Redis Commands: 479806
---
[2026-05-03T19:16:33.034Z] 
baldia_mart_api: CPU 27.74%, Mem 183.1MiB / 7.598GiB
baldia_mart_admin: CPU 0.00%, Mem 44.56MiB / 7.598GiB
baldia_mart_cache: CPU 2.55%, Mem 9.309MiB / 7.598GiB
PG Connections: 86
Redis Commands: 481917
---
[2026-05-03T19:17:33.965Z] 
baldia_mart_api: CPU 17.85%, Mem 183.8MiB / 7.598GiB
baldia_mart_admin: CPU 0.00%, Mem 44.56MiB / 7.598GiB
baldia_mart_cache: CPU 0.51%, Mem 9.598MiB / 7.598GiB
PG Connections: 86
Redis Commands: 484028
---
[2026-05-03T19:18:32.964Z] 
baldia_mart_api: CPU 25.87%, Mem 185.7MiB / 7.598GiB
baldia_mart_admin: CPU 0.00%, Mem 44.63MiB / 7.598GiB
baldia_mart_cache: CPU 1.31%, Mem 9.348MiB / 7.598GiB
PG Connections: 86
Redis Commands: 486143
---
[2026-05-03T19:19:36.794Z] 
baldia_mart_api: CPU 21.77%, Mem 186.2MiB / 7.598GiB
baldia_mart_admin: CPU 0.00%, Mem 44.63MiB / 7.598GiB
baldia_mart_cache: CPU 1.15%, Mem 9.359MiB / 7.598GiB
PG Connections: 86
Redis Commands: 488362
---
[2026-05-03T19:20:34.035Z] 
baldia_mart_api: CPU 2.96%, Mem 188.3MiB / 7.598GiB
baldia_mart_admin: CPU 0.00%, Mem 44.63MiB / 7.598GiB
baldia_mart_cache: CPU 1.55%, Mem 9.605MiB / 7.598GiB
PG Connections: 86
Redis Commands: 490372
---
[2026-05-03T19:21:33.813Z] 
baldia_mart_api: CPU 12.54%, Mem 187.6MiB / 7.598GiB
baldia_mart_admin: CPU 0.02%, Mem 44.63MiB / 7.598GiB
baldia_mart_cache: CPU 1.31%, Mem 9.359MiB / 7.598GiB
PG Connections: 86
Redis Commands: 492476
---
[2026-05-03T19:22:34.109Z] 
baldia_mart_api: CPU 24.05%, Mem 157.2MiB / 7.598GiB
baldia_mart_admin: CPU 0.00%, Mem 44.63MiB / 7.598GiB
baldia_mart_cache: CPU 0.46%, Mem 9.359MiB / 7.598GiB
PG Connections: 86
Redis Commands: 494588
---
[2026-05-03T19:23:33.054Z] 
baldia_mart_api: CPU 2.40%, Mem 179MiB / 7.598GiB
baldia_mart_admin: CPU 0.01%, Mem 44.64MiB / 7.598GiB
baldia_mart_cache: CPU 0.71%, Mem 9.605MiB / 7.598GiB
PG Connections: 86
Redis Commands: 496700
---
[2026-05-03T19:24:33.905Z] 
baldia_mart_api: CPU 0.01%, Mem 181.6MiB / 7.598GiB
baldia_mart_admin: CPU 0.00%, Mem 44.64MiB / 7.598GiB
baldia_mart_cache: CPU 1.04%, Mem 9.609MiB / 7.598GiB
PG Connections: 86
Redis Commands: 498812
---
[2026-05-03T19:25:33.682Z] 
baldia_mart_api: CPU 0.10%, Mem 175.2MiB / 7.598GiB
baldia_mart_admin: CPU 0.00%, Mem 44.64MiB / 7.598GiB
baldia_mart_cache: CPU 1.55%, Mem 9.359MiB / 7.598GiB
PG Connections: 86
Redis Commands: 500923
---
[2026-05-03T19:26:33.692Z] 
baldia_mart_api: CPU 0.00%, Mem 176.3MiB / 7.598GiB
baldia_mart_admin: CPU 0.02%, Mem 44.64MiB / 7.598GiB
baldia_mart_cache: CPU 0.93%, Mem 9.609MiB / 7.598GiB
PG Connections: 86
Redis Commands: 503040
---
[2026-05-03T19:27:34.119Z] 
baldia_mart_api: CPU 4.83%, Mem 179.5MiB / 7.598GiB
baldia_mart_admin: CPU 0.00%, Mem 44.64MiB / 7.598GiB
baldia_mart_cache: CPU 0.72%, Mem 9.359MiB / 7.598GiB
PG Connections: 86
Redis Commands: 505152
---
[2026-05-03T19:28:32.906Z] 
baldia_mart_api: CPU 3.90%, Mem 148.5MiB / 7.598GiB
baldia_mart_admin: CPU 0.02%, Mem 44.64MiB / 7.598GiB
baldia_mart_cache: CPU 0.59%, Mem 9.367MiB / 7.598GiB
PG Connections: 86
Redis Commands: 507161
---
[2026-05-03T19:29:33.141Z] 
baldia_mart_api: CPU 4.36%, Mem 177.8MiB / 7.598GiB
baldia_mart_admin: CPU 0.02%, Mem 44.64MiB / 7.598GiB
baldia_mart_cache: CPU 0.69%, Mem 9.363MiB / 7.598GiB
PG Connections: 86
Redis Commands: 509273
---
[2026-05-03T19:30:34.065Z] 
baldia_mart_api: CPU 3.13%, Mem 178.5MiB / 7.598GiB
baldia_mart_admin: CPU 0.00%, Mem 44.64MiB / 7.598GiB
baldia_mart_cache: CPU 0.85%, Mem 9.609MiB / 7.598GiB
PG Connections: 86
Redis Commands: 511490
---
[2026-05-03T19:31:33.377Z] 
baldia_mart_api: CPU 2.47%, Mem 179.7MiB / 7.598GiB
baldia_mart_admin: CPU 0.00%, Mem 44.64MiB / 7.598GiB
baldia_mart_cache: CPU 0.43%, Mem 9.609MiB / 7.598GiB
PG Connections: 86
Redis Commands: 513507
---
[2026-05-03T19:32:33.257Z] 
baldia_mart_api: CPU 7.78%, Mem 180.4MiB / 7.598GiB
baldia_mart_admin: CPU 0.00%, Mem 44.64MiB / 7.598GiB
baldia_mart_cache: CPU 0.61%, Mem 9.613MiB / 7.598GiB
PG Connections: 86
Redis Commands: 515624
---
[2026-05-03T19:33:33.383Z] 
baldia_mart_api: CPU 1.73%, Mem 179.2MiB / 7.598GiB
baldia_mart_admin: CPU 0.02%, Mem 44.64MiB / 7.598GiB
baldia_mart_cache: CPU 0.55%, Mem 9.363MiB / 7.598GiB
PG Connections: 86
Redis Commands: 517741
---
[2026-05-03T19:34:33.298Z] 
baldia_mart_api: CPU 2.56%, Mem 156.9MiB / 7.598GiB
baldia_mart_admin: CPU 0.01%, Mem 44.64MiB / 7.598GiB
baldia_mart_cache: CPU 0.40%, Mem 9.363MiB / 7.598GiB
PG Connections: 86
Redis Commands: 519858
---
[2026-05-03T19:35:34.129Z] 
baldia_mart_api: CPU 3.45%, Mem 178.9MiB / 7.598GiB
baldia_mart_admin: CPU 0.00%, Mem 44.64MiB / 7.598GiB
baldia_mart_cache: CPU 0.91%, Mem 9.613MiB / 7.598GiB
PG Connections: 86
Redis Commands: 521975
---
[2026-05-03T19:36:33.606Z] 
baldia_mart_api: CPU 1.45%, Mem 178.7MiB / 7.598GiB
baldia_mart_admin: CPU 0.01%, Mem 44.64MiB / 7.598GiB
baldia_mart_cache: CPU 0.44%, Mem 9.613MiB / 7.598GiB
PG Connections: 86
Redis Commands: 524084
---
[2026-05-03T19:37:33.580Z] 
baldia_mart_api: CPU 2.55%, Mem 178.6MiB / 7.598GiB
baldia_mart_admin: CPU 0.00%, Mem 44.64MiB / 7.598GiB
baldia_mart_cache: CPU 0.49%, Mem 9.359MiB / 7.598GiB
PG Connections: 86
Redis Commands: 526196
---
[2026-05-03T19:38:33.655Z] 
baldia_mart_api: CPU 64.75%, Mem 178.1MiB / 7.598GiB
baldia_mart_admin: CPU 0.00%, Mem 44.64MiB / 7.598GiB
baldia_mart_cache: CPU 0.55%, Mem 9.359MiB / 7.598GiB
PG Connections: 86
Redis Commands: 528313
---
[2026-05-03T19:39:33.841Z] 
baldia_mart_api: CPU 0.28%, Mem 178.2MiB / 7.598GiB
baldia_mart_admin: CPU 0.00%, Mem 44.64MiB / 7.598GiB
baldia_mart_cache: CPU 0.58%, Mem 9.359MiB / 7.598GiB
PG Connections: 86
Redis Commands: 530430
---
[2026-05-03T19:40:33.619Z] 
baldia_mart_api: CPU 7.73%, Mem 171.3MiB / 7.598GiB
baldia_mart_admin: CPU 0.00%, Mem 44.64MiB / 7.598GiB
baldia_mart_cache: CPU 0.50%, Mem 9.363MiB / 7.598GiB
PG Connections: 86
Redis Commands: 532547
---
[2026-05-03T19:41:33.867Z] 
baldia_mart_api: CPU 7.26%, Mem 177MiB / 7.598GiB
baldia_mart_admin: CPU 0.00%, Mem 44.64MiB / 7.598GiB
baldia_mart_cache: CPU 0.48%, Mem 9.613MiB / 7.598GiB
PG Connections: 86
Redis Commands: 534664
---
[2026-05-03T19:42:33.128Z] 
baldia_mart_api: CPU 13.15%, Mem 178.2MiB / 7.598GiB
baldia_mart_admin: CPU 0.01%, Mem 44.64MiB / 7.598GiB
baldia_mart_cache: CPU 1.05%, Mem 9.371MiB / 7.598GiB
PG Connections: 86
Redis Commands: 536781
---
[2026-05-03T19:43:33.875Z] 
baldia_mart_api: CPU 46.79%, Mem 155.6MiB / 7.598GiB
baldia_mart_admin: CPU 0.00%, Mem 44.64MiB / 7.598GiB
baldia_mart_cache: CPU 3.70%, Mem 9.613MiB / 7.598GiB
PG Connections: 86
Redis Commands: 538898
---
[2026-05-03T19:44:33.492Z] 
baldia_mart_api: CPU 28.75%, Mem 180.3MiB / 7.598GiB
baldia_mart_admin: CPU 0.01%, Mem 44.65MiB / 7.598GiB
baldia_mart_cache: CPU 1.84%, Mem 9.367MiB / 7.598GiB
PG Connections: 86
Redis Commands: 541007
---
[2026-05-03T19:45:32.944Z] 
baldia_mart_api: CPU 2.41%, Mem 179.2MiB / 7.598GiB
baldia_mart_admin: CPU 0.01%, Mem 44.65MiB / 7.598GiB
baldia_mart_cache: CPU 0.61%, Mem 9.363MiB / 7.598GiB
PG Connections: 86
Redis Commands: 543072
---
[2026-05-03T19:46:33.319Z] 
baldia_mart_api: CPU 0.94%, Mem 159.4MiB / 7.598GiB
baldia_mart_admin: CPU 0.01%, Mem 44.65MiB / 7.598GiB
baldia_mart_cache: CPU 0.47%, Mem 9.363MiB / 7.598GiB
PG Connections: 86
Redis Commands: 545241
---
[2026-05-03T19:47:32.947Z] 
baldia_mart_api: CPU 3.32%, Mem 178.6MiB / 7.598GiB
baldia_mart_admin: CPU 0.00%, Mem 44.65MiB / 7.598GiB
baldia_mart_cache: CPU 0.46%, Mem 9.363MiB / 7.598GiB
PG Connections: 86
Redis Commands: 547258
---
[2026-05-03T19:48:32.930Z] 
baldia_mart_api: CPU 1.73%, Mem 177.6MiB / 7.598GiB
baldia_mart_admin: CPU 0.00%, Mem 44.65MiB / 7.598GiB
baldia_mart_cache: CPU 0.44%, Mem 9.367MiB / 7.598GiB
PG Connections: 86
Redis Commands: 549375
---
[2026-05-03T19:49:32.979Z] 
baldia_mart_api: CPU 3.19%, Mem 178.7MiB / 7.598GiB
baldia_mart_admin: CPU 0.00%, Mem 44.65MiB / 7.598GiB
baldia_mart_cache: CPU 0.49%, Mem 9.367MiB / 7.598GiB
PG Connections: 86
Redis Commands: 551492
---
[2026-05-03T19:50:33.026Z] 
baldia_mart_api: CPU 2.56%, Mem 177.6MiB / 7.598GiB
baldia_mart_admin: CPU 0.02%, Mem 44.65MiB / 7.598GiB
baldia_mart_cache: CPU 0.52%, Mem 9.367MiB / 7.598GiB
PG Connections: 86
Redis Commands: 553604
---
[2026-05-03T19:51:33.103Z] 
baldia_mart_api: CPU 1.79%, Mem 178.5MiB / 7.598GiB
baldia_mart_admin: CPU 0.01%, Mem 44.65MiB / 7.598GiB
baldia_mart_cache: CPU 0.51%, Mem 9.367MiB / 7.598GiB
PG Connections: 86
Redis Commands: 555716
---
[2026-05-03T19:52:33.134Z] 
baldia_mart_api: CPU 3.49%, Mem 177.8MiB / 7.598GiB
baldia_mart_admin: CPU 0.00%, Mem 44.65MiB / 7.598GiB
baldia_mart_cache: CPU 0.53%, Mem 9.367MiB / 7.598GiB
PG Connections: 86
Redis Commands: 557828
---
[2026-05-03T19:53:33.117Z] 
baldia_mart_api: CPU 2.73%, Mem 178.1MiB / 7.598GiB
baldia_mart_admin: CPU 0.00%, Mem 44.65MiB / 7.598GiB
baldia_mart_cache: CPU 0.44%, Mem 9.367MiB / 7.598GiB
PG Connections: 86
Redis Commands: 559932
---
[2026-05-03T19:54:33.498Z] 
baldia_mart_api: CPU 2.23%, Mem 177.5MiB / 7.598GiB
baldia_mart_admin: CPU 0.01%, Mem 44.65MiB / 7.598GiB
baldia_mart_cache: CPU 0.48%, Mem 9.363MiB / 7.598GiB
PG Connections: 86
Redis Commands: 562044
---
[2026-05-03T19:55:33.519Z] 
baldia_mart_api: CPU 2.38%, Mem 179.1MiB / 7.598GiB
baldia_mart_admin: CPU 0.02%, Mem 44.65MiB / 7.598GiB
baldia_mart_cache: CPU 0.62%, Mem 9.613MiB / 7.598GiB
PG Connections: 86
Redis Commands: 564156
---
[2026-05-03T19:56:33.631Z] 
baldia_mart_api: CPU 1.43%, Mem 178.9MiB / 7.598GiB
baldia_mart_admin: CPU 0.01%, Mem 44.65MiB / 7.598GiB
baldia_mart_cache: CPU 0.43%, Mem 9.363MiB / 7.598GiB
PG Connections: 86
Redis Commands: 566269
---
[2026-05-03T19:57:33.659Z] 
baldia_mart_api: CPU 2.79%, Mem 178.7MiB / 7.598GiB
baldia_mart_admin: CPU 0.02%, Mem 44.66MiB / 7.598GiB
baldia_mart_cache: CPU 0.65%, Mem 9.363MiB / 7.598GiB
PG Connections: 86
Redis Commands: 568380
---
[2026-05-03T19:58:33.742Z] 
baldia_mart_api: CPU 1.49%, Mem 180.1MiB / 7.598GiB
baldia_mart_admin: CPU 0.00%, Mem 44.66MiB / 7.598GiB
baldia_mart_cache: CPU 0.50%, Mem 9.641MiB / 7.598GiB
PG Connections: 86
Redis Commands: 570490
---
[2026-05-03T19:59:33.754Z] 
baldia_mart_api: CPU 3.11%, Mem 180.8MiB / 7.598GiB
baldia_mart_admin: CPU 0.00%, Mem 44.66MiB / 7.598GiB
baldia_mart_cache: CPU 0.61%, Mem 9.395MiB / 7.598GiB
PG Connections: 86
Redis Commands: 572602
---
[2026-05-03T20:00:33.592Z] 
baldia_mart_api: CPU 3.65%, Mem 179.3MiB / 7.598GiB
baldia_mart_admin: CPU 0.00%, Mem 44.66MiB / 7.598GiB
baldia_mart_cache: CPU 0.46%, Mem 9.641MiB / 7.598GiB
PG Connections: 86
Redis Commands: 574706
---
[2026-05-03T20:01:33.647Z] 
baldia_mart_api: CPU 2.52%, Mem 180.3MiB / 7.598GiB
baldia_mart_admin: CPU 0.00%, Mem 44.66MiB / 7.598GiB
baldia_mart_cache: CPU 0.47%, Mem 9.367MiB / 7.598GiB
PG Connections: 86
Redis Commands: 576767
---
[2026-05-03T20:02:34.101Z] 
baldia_mart_api: CPU 4.74%, Mem 180.5MiB / 7.598GiB
baldia_mart_admin: CPU 0.00%, Mem 44.66MiB / 7.598GiB
baldia_mart_cache: CPU 0.67%, Mem 9.617MiB / 7.598GiB
PG Connections: 86
Redis Commands: 578930
---
[2026-05-03T20:03:34.427Z] 
baldia_mart_api: CPU 4.45%, Mem 179.9MiB / 7.598GiB
baldia_mart_admin: CPU 0.00%, Mem 44.66MiB / 7.598GiB
baldia_mart_cache: CPU 0.93%, Mem 9.617MiB / 7.598GiB
PG Connections: 86
Redis Commands: 581042
---
[2026-05-03T20:04:36.007Z] 
baldia_mart_api: CPU 44.83%, Mem 180.1MiB / 7.598GiB
baldia_mart_admin: CPU 0.00%, Mem 44.66MiB / 7.598GiB
baldia_mart_cache: CPU 1.61%, Mem 9.367MiB / 7.598GiB
PG Connections: 86
Redis Commands: 583159
---
[2026-05-03T20:05:34.756Z] 
agitated_gould: CPU 0.66%, Mem 15.84MiB / 7.598GiB
baldia_mart_api: CPU 4.06%, Mem 180.1MiB / 7.598GiB
baldia_mart_admin: CPU 0.00%, Mem 44.66MiB / 7.598GiB
baldia_mart_cache: CPU 0.92%, Mem 9.367MiB / 7.598GiB
PG Connections: 86
Redis Commands: 585271
---
[2026-05-03T20:06:34.578Z] 
agitated_gould: CPU 0.79%, Mem 16.03MiB / 7.598GiB
baldia_mart_api: CPU 1.62%, Mem 181.5MiB / 7.598GiB
baldia_mart_admin: CPU 0.00%, Mem 44.66MiB / 7.598GiB
baldia_mart_cache: CPU 1.09%, Mem 9.371MiB / 7.598GiB
PG Connections: 86
Redis Commands: 587383
---
[2026-05-03T20:07:34.774Z] 
agitated_gould: CPU 0.73%, Mem 16.59MiB / 7.598GiB
baldia_mart_api: CPU 9.28%, Mem 181.8MiB / 7.598GiB
baldia_mart_admin: CPU 0.00%, Mem 44.66MiB / 7.598GiB
baldia_mart_cache: CPU 0.96%, Mem 9.371MiB / 7.598GiB
PG Connections: 86
Redis Commands: 589495
---
[2026-05-03T20:08:35.784Z] 
baldia_mart_tunnel: CPU 0.68%, Mem 15.9MiB / 7.598GiB
baldia_mart_admin: CPU 0.00%, Mem 23.25MiB / 7.598GiB
baldia_mart_api: CPU 113.90%, Mem 197.9MiB / 7.598GiB
agitated_gould: CPU 0.70%, Mem 16.63MiB / 7.598GiB
baldia_mart_cache: CPU 3.63%, Mem 9.906MiB / 7.598GiB
PG Connections: 7
Redis Commands: 590415
---
[2026-05-03T20:09:34.640Z] 
baldia_mart_tunnel: CPU 0.48%, Mem 16MiB / 7.598GiB
baldia_mart_admin: CPU 0.00%, Mem 23.24MiB / 7.598GiB
baldia_mart_api: CPU 0.00%, Mem 256.8MiB / 7.598GiB
agitated_gould: CPU 0.47%, Mem 15.46MiB / 7.598GiB
baldia_mart_cache: CPU 0.86%, Mem 9.406MiB / 7.598GiB
PG Connections: 86
Redis Commands: 593553
---
[2026-05-03T20:10:34.819Z] 
baldia_mart_tunnel: CPU 0.66%, Mem 16.61MiB / 7.598GiB
baldia_mart_admin: CPU 0.00%, Mem 23.25MiB / 7.598GiB
baldia_mart_api: CPU 1.12%, Mem 182.6MiB / 7.598GiB
agitated_gould: CPU 0.60%, Mem 15.23MiB / 7.598GiB
baldia_mart_cache: CPU 1.23%, Mem 9.387MiB / 7.598GiB
PG Connections: 86
Redis Commands: 595661
---
[2026-05-03T20:11:36.004Z] 
baldia_mart_tunnel: CPU 1.00%, Mem 16.64MiB / 7.598GiB
baldia_mart_admin: CPU 0.00%, Mem 23.25MiB / 7.598GiB
baldia_mart_api: CPU 93.15%, Mem 189.5MiB / 7.598GiB
agitated_gould: CPU 1.26%, Mem 15.15MiB / 7.598GiB
baldia_mart_cache: CPU 2.32%, Mem 9.363MiB / 7.598GiB
PG Connections: 86
Redis Commands: 597880
---
[2026-05-03T20:22:29.128Z] 
baldia_mart_tunnel: CPU 0.20%, Mem 16.76MiB / 7.598GiB
baldia_mart_admin: CPU 0.00%, Mem 23.25MiB / 7.598GiB
baldia_mart_api: CPU 116.99%, Mem 193.5MiB / 7.598GiB
agitated_gould: CPU 0.16%, Mem 15.2MiB / 7.598GiB
baldia_mart_cache: CPU 0.91%, Mem 9.367MiB / 7.598GiB
PG Connections: 6
Redis Commands: 598413
---
[2026-05-03T20:23:20.365Z] 
baldia_mart_tunnel: CPU 0.35%, Mem 16.03MiB / 7.598GiB
baldia_mart_admin: CPU 0.00%, Mem 23.26MiB / 7.598GiB
baldia_mart_api: CPU 0.69%, Mem 161MiB / 7.598GiB
agitated_gould: CPU 0.35%, Mem 15.68MiB / 7.598GiB
baldia_mart_cache: CPU 2.47%, Mem 9.641MiB / 7.598GiB
PG Connections: 86
Redis Commands: 600302
---
[2026-05-03T20:24:19.995Z] 
baldia_mart_tunnel: CPU 0.33%, Mem 16.28MiB / 7.598GiB
baldia_mart_admin: CPU 0.00%, Mem 23.26MiB / 7.598GiB
baldia_mart_api: CPU 0.97%, Mem 177.6MiB / 7.598GiB
agitated_gould: CPU 0.31%, Mem 15.76MiB / 7.598GiB
baldia_mart_cache: CPU 0.41%, Mem 9.629MiB / 7.598GiB
PG Connections: 86
Redis Commands: 602413
---
[2026-05-03T20:25:21.419Z] 
baldia_mart_tunnel: CPU 0.28%, Mem 15.39MiB / 7.598GiB
baldia_mart_admin: CPU 0.00%, Mem 23.27MiB / 7.598GiB
baldia_mart_api: CPU 0.01%, Mem 181.3MiB / 7.598GiB
agitated_gould: CPU 0.36%, Mem 15.77MiB / 7.598GiB
baldia_mart_cache: CPU 2.32%, Mem 9.32MiB / 7.598GiB
PG Connections: 86
Redis Commands: 604524
---
[2026-05-03T20:26:20.471Z] 
baldia_mart_tunnel: CPU 0.58%, Mem 15.39MiB / 7.598GiB
baldia_mart_admin: CPU 0.00%, Mem 23.27MiB / 7.598GiB
baldia_mart_api: CPU 0.35%, Mem 182.6MiB / 7.598GiB
agitated_gould: CPU 2.39%, Mem 15.48MiB / 7.598GiB
baldia_mart_cache: CPU 0.97%, Mem 8.809MiB / 7.598GiB
PG Connections: 86
Redis Commands: 606640
---
[2026-05-03T20:27:20.794Z] 
baldia_mart_tunnel: CPU 0.36%, Mem 15.42MiB / 7.598GiB
baldia_mart_admin: CPU 0.00%, Mem 23.27MiB / 7.598GiB
baldia_mart_api: CPU 6.84%, Mem 173.3MiB / 7.598GiB
agitated_gould: CPU 0.51%, Mem 15.52MiB / 7.598GiB
baldia_mart_cache: CPU 2.62%, Mem 8.906MiB / 7.598GiB
PG Connections: 86
Redis Commands: 608751
---
[2026-05-03T20:28:22.327Z] 
baldia_mart_tunnel: CPU 0.73%, Mem 15.43MiB / 7.598GiB
baldia_mart_admin: CPU 0.00%, Mem 23.27MiB / 7.598GiB
baldia_mart_api: CPU 19.11%, Mem 182.4MiB / 7.598GiB
agitated_gould: CPU 0.26%, Mem 15.54MiB / 7.598GiB
baldia_mart_cache: CPU 3.31%, Mem 8.684MiB / 7.598GiB
PG Connections: 86
Redis Commands: 610959
---
[2026-05-03T20:29:20.877Z] 
baldia_mart_tunnel: CPU 1.01%, Mem 15.43MiB / 7.598GiB
baldia_mart_admin: CPU 0.00%, Mem 23.27MiB / 7.598GiB
baldia_mart_api: CPU 39.66%, Mem 182.5MiB / 7.598GiB
agitated_gould: CPU 2.87%, Mem 15.55MiB / 7.598GiB
baldia_mart_cache: CPU 3.93%, Mem 9.199MiB / 7.598GiB
PG Connections: 86
Redis Commands: 612965
---
[2026-05-03T20:30:20.720Z] 
baldia_mart_tunnel: CPU 0.63%, Mem 15.43MiB / 7.598GiB
baldia_mart_admin: CPU 0.00%, Mem 23.27MiB / 7.598GiB
baldia_mart_api: CPU 42.02%, Mem 183.6MiB / 7.598GiB
agitated_gould: CPU 0.91%, Mem 15.62MiB / 7.598GiB
baldia_mart_cache: CPU 1.95%, Mem 8.668MiB / 7.598GiB
PG Connections: 86
Redis Commands: 615076
---
[2026-05-03T20:31:20.838Z] 
baldia_mart_tunnel: CPU 0.64%, Mem 15.44MiB / 7.598GiB
baldia_mart_admin: CPU 0.00%, Mem 23.27MiB / 7.598GiB
baldia_mart_api: CPU 44.26%, Mem 186.8MiB / 7.598GiB
agitated_gould: CPU 1.91%, Mem 15.64MiB / 7.598GiB
baldia_mart_cache: CPU 1.92%, Mem 8.793MiB / 7.598GiB
PG Connections: 86
Redis Commands: 617187
---
[2026-05-03T20:32:24.873Z] 
baldia_mart_tunnel: CPU 2.20%, Mem 15.44MiB / 7.598GiB
baldia_mart_admin: CPU 0.00%, Mem 23.27MiB / 7.598GiB
baldia_mart_api: CPU 14.64%, Mem 176.7MiB / 7.598GiB
agitated_gould: CPU 3.36%, Mem 15.65MiB / 7.598GiB
baldia_mart_cache: CPU 1.83%, Mem 8.777MiB / 7.598GiB
PG Connections: 86
Redis Commands: 619411
---
[2026-05-03T20:33:21.128Z] 
baldia_mart_tunnel: CPU 3.21%, Mem 15.45MiB / 7.598GiB
baldia_mart_admin: CPU 0.00%, Mem 23.28MiB / 7.598GiB
baldia_mart_api: CPU 37.16%, Mem 173.3MiB / 7.598GiB
agitated_gould: CPU 0.58%, Mem 15.68MiB / 7.598GiB
baldia_mart_cache: CPU 1.09%, Mem 8.746MiB / 7.598GiB
PG Connections: 86
Redis Commands: 621414
---
[2026-05-03T20:34:20.369Z] 
baldia_mart_tunnel: CPU 0.53%, Mem 15.47MiB / 7.598GiB
baldia_mart_admin: CPU 0.00%, Mem 23.28MiB / 7.598GiB
baldia_mart_api: CPU 3.81%, Mem 169.5MiB / 7.598GiB
agitated_gould: CPU 0.73%, Mem 15.72MiB / 7.598GiB
baldia_mart_cache: CPU 2.87%, Mem 8.758MiB / 7.598GiB
PG Connections: 86
Redis Commands: 623517
---
[2026-05-03T20:35:27.386Z] 
baldia_mart_tunnel: CPU 1.41%, Mem 15.49MiB / 7.598GiB
baldia_mart_admin: CPU 0.00%, Mem 23.28MiB / 7.598GiB
baldia_mart_api: CPU 32.10%, Mem 169.9MiB / 7.598GiB
agitated_gould: CPU 3.29%, Mem 15.76MiB / 7.598GiB
baldia_mart_cache: CPU 6.60%, Mem 9.016MiB / 7.598GiB
PG Connections: 86
Redis Commands: 625836
---
[2026-05-03T20:36:20.229Z] 
baldia_mart_tunnel: CPU 0.30%, Mem 15.77MiB / 7.598GiB
baldia_mart_admin: CPU 0.00%, Mem 23.28MiB / 7.598GiB
baldia_mart_api: CPU 35.13%, Mem 176.3MiB / 7.598GiB
agitated_gould: CPU 0.25%, Mem 16.06MiB / 7.598GiB
baldia_mart_cache: CPU 1.13%, Mem 8.766MiB / 7.598GiB
PG Connections: 86
Redis Commands: 627739
---
[2026-05-03T20:37:20.173Z] 
baldia_mart_tunnel: CPU 0.33%, Mem 15.55MiB / 7.598GiB
baldia_mart_admin: CPU 0.01%, Mem 23.28MiB / 7.598GiB
baldia_mart_api: CPU 9.95%, Mem 170.3MiB / 7.598GiB
agitated_gould: CPU 0.41%, Mem 15.82MiB / 7.598GiB
baldia_mart_cache: CPU 1.38%, Mem 8.773MiB / 7.598GiB
PG Connections: 86
Redis Commands: 629850
---
[2026-05-03T20:38:20.232Z] 
baldia_mart_tunnel: CPU 0.33%, Mem 15.55MiB / 7.598GiB
baldia_mart_admin: CPU 0.02%, Mem 23.28MiB / 7.598GiB
baldia_mart_api: CPU 9.27%, Mem 170.7MiB / 7.598GiB
agitated_gould: CPU 0.41%, Mem 15.82MiB / 7.598GiB
baldia_mart_cache: CPU 1.31%, Mem 8.777MiB / 7.598GiB
PG Connections: 86
Redis Commands: 631961
---
[2026-05-03T20:39:20.246Z] 
baldia_mart_tunnel: CPU 0.58%, Mem 15.8MiB / 7.598GiB
baldia_mart_admin: CPU 0.00%, Mem 23.28MiB / 7.598GiB
baldia_mart_api: CPU 11.97%, Mem 170.4MiB / 7.598GiB
agitated_gould: CPU 0.35%, Mem 15.82MiB / 7.598GiB
baldia_mart_cache: CPU 1.25%, Mem 8.773MiB / 7.598GiB
PG Connections: 86
Redis Commands: 634072
---
[2026-05-03T20:40:20.178Z] 
baldia_mart_tunnel: CPU 0.25%, Mem 15.8MiB / 7.598GiB
baldia_mart_admin: CPU 0.00%, Mem 23.28MiB / 7.598GiB
baldia_mart_api: CPU 2.34%, Mem 170.1MiB / 7.598GiB
agitated_gould: CPU 0.29%, Mem 15.82MiB / 7.598GiB
baldia_mart_cache: CPU 0.56%, Mem 8.773MiB / 7.598GiB
PG Connections: 86
Redis Commands: 636183
---
[2026-05-03T20:41:20.420Z] 
baldia_mart_tunnel: CPU 0.39%, Mem 15.82MiB / 7.598GiB
baldia_mart_admin: CPU 0.00%, Mem 23.28MiB / 7.598GiB
baldia_mart_api: CPU 15.06%, Mem 170.1MiB / 7.598GiB
agitated_gould: CPU 0.74%, Mem 16.09MiB / 7.598GiB
baldia_mart_cache: CPU 0.81%, Mem 8.773MiB / 7.598GiB
PG Connections: 86
Redis Commands: 638286
---
[2026-05-03T20:42:20.972Z] 
baldia_mart_tunnel: CPU 0.96%, Mem 15.58MiB / 7.598GiB
baldia_mart_admin: CPU 0.00%, Mem 23.28MiB / 7.598GiB
baldia_mart_api: CPU 10.03%, Mem 170.4MiB / 7.598GiB
agitated_gould: CPU 1.00%, Mem 15.85MiB / 7.598GiB
baldia_mart_cache: CPU 2.04%, Mem 8.777MiB / 7.598GiB
PG Connections: 86
Redis Commands: 640402
---
[2026-05-03T20:43:20.256Z] 
baldia_mart_tunnel: CPU 0.42%, Mem 15.58MiB / 7.598GiB
baldia_mart_admin: CPU 0.00%, Mem 23.28MiB / 7.598GiB
baldia_mart_api: CPU 1.66%, Mem 171.1MiB / 7.598GiB
agitated_gould: CPU 0.31%, Mem 15.86MiB / 7.598GiB
baldia_mart_cache: CPU 0.54%, Mem 9.023MiB / 7.598GiB
PG Connections: 86
Redis Commands: 642513
---
[2026-05-03T20:44:20.236Z] 
baldia_mart_tunnel: CPU 0.28%, Mem 15.58MiB / 7.598GiB
baldia_mart_admin: CPU 0.00%, Mem 23.29MiB / 7.598GiB
baldia_mart_api: CPU 1.49%, Mem 170.1MiB / 7.598GiB
agitated_gould: CPU 0.27%, Mem 16.11MiB / 7.598GiB
baldia_mart_cache: CPU 0.43%, Mem 8.777MiB / 7.598GiB
PG Connections: 86
Redis Commands: 644624
---
[2026-05-03T20:45:20.919Z] 
baldia_mart_tunnel: CPU 0.41%, Mem 15.58MiB / 7.598GiB
baldia_mart_admin: CPU 0.00%, Mem 23.29MiB / 7.598GiB
baldia_mart_api: CPU 4.81%, Mem 170.1MiB / 7.598GiB
agitated_gould: CPU 0.73%, Mem 15.86MiB / 7.598GiB
baldia_mart_cache: CPU 0.77%, Mem 9.027MiB / 7.598GiB
PG Connections: 86
Redis Commands: 646735
---
[2026-05-03T20:46:22.298Z] 
baldia_mart_tunnel: CPU 1.59%, Mem 15.58MiB / 7.598GiB
baldia_mart_admin: CPU 0.00%, Mem 23.29MiB / 7.598GiB
baldia_mart_api: CPU 16.69%, Mem 170.5MiB / 7.598GiB
agitated_gould: CPU 0.69%, Mem 15.87MiB / 7.598GiB
baldia_mart_cache: CPU 2.25%, Mem 8.781MiB / 7.598GiB
PG Connections: 86
Redis Commands: 648846
---
[2026-05-03T20:47:20.570Z] 
baldia_mart_tunnel: CPU 0.35%, Mem 15.59MiB / 7.598GiB
baldia_mart_admin: CPU 0.00%, Mem 23.29MiB / 7.598GiB
baldia_mart_api: CPU 2.79%, Mem 170.7MiB / 7.598GiB
agitated_gould: CPU 0.49%, Mem 15.86MiB / 7.598GiB
baldia_mart_cache: CPU 0.65%, Mem 9.027MiB / 7.598GiB
PG Connections: 86
Redis Commands: 650962
---
[2026-05-03T20:48:19.894Z] 
baldia_mart_tunnel: CPU 0.63%, Mem 15.6MiB / 7.598GiB
baldia_mart_admin: CPU 0.01%, Mem 23.29MiB / 7.598GiB
baldia_mart_api: CPU 0.29%, Mem 170.3MiB / 7.598GiB
agitated_gould: CPU 0.63%, Mem 15.89MiB / 7.598GiB
baldia_mart_cache: CPU 0.77%, Mem 8.793MiB / 7.598GiB
PG Connections: 86
Redis Commands: 652965
---
[2026-05-03T20:49:20.215Z] 
baldia_mart_tunnel: CPU 0.64%, Mem 15.6MiB / 7.598GiB
baldia_mart_admin: CPU 0.03%, Mem 23.29MiB / 7.598GiB
baldia_mart_api: CPU 0.38%, Mem 170MiB / 7.598GiB
agitated_gould: CPU 1.32%, Mem 16.2MiB / 7.598GiB
baldia_mart_cache: CPU 1.18%, Mem 8.793MiB / 7.598GiB
PG Connections: 86
Redis Commands: 655081
---
[2026-05-03T20:50:21.385Z] 
baldia_mart_tunnel: CPU 0.66%, Mem 15.6MiB / 7.598GiB
baldia_mart_admin: CPU 0.00%, Mem 23.29MiB / 7.598GiB
baldia_mart_api: CPU 3.17%, Mem 172.9MiB / 7.598GiB
agitated_gould: CPU 0.53%, Mem 15.98MiB / 7.598GiB
baldia_mart_cache: CPU 0.94%, Mem 8.789MiB / 7.598GiB
PG Connections: 86
Redis Commands: 657292
---
[2026-05-03T20:51:19.699Z] 
baldia_mart_tunnel: CPU 0.46%, Mem 15.6MiB / 7.598GiB
baldia_mart_admin: CPU 0.01%, Mem 23.29MiB / 7.598GiB
baldia_mart_api: CPU 1.74%, Mem 173.9MiB / 7.598GiB
agitated_gould: CPU 0.34%, Mem 15.98MiB / 7.598GiB
baldia_mart_cache: CPU 0.70%, Mem 8.789MiB / 7.598GiB
PG Connections: 86
Redis Commands: 659303
---
[2026-05-03T20:52:23.207Z] 
baldia_mart_tunnel: CPU 0.87%, Mem 15.6MiB / 7.598GiB
baldia_mart_admin: CPU 0.00%, Mem 23.29MiB / 7.598GiB
baldia_mart_api: CPU 1.57%, Mem 171.6MiB / 7.598GiB
agitated_gould: CPU 0.53%, Mem 15.94MiB / 7.598GiB
baldia_mart_cache: CPU 3.88%, Mem 8.793MiB / 7.598GiB
PG Connections: 86
Redis Commands: 661519
---
[2026-05-03T20:53:19.412Z] 
baldia_mart_tunnel: CPU 0.62%, Mem 15.61MiB / 7.598GiB
baldia_mart_admin: CPU 0.02%, Mem 23.29MiB / 7.598GiB
baldia_mart_api: CPU 3.94%, Mem 171.4MiB / 7.598GiB
agitated_gould: CPU 0.60%, Mem 15.95MiB / 7.598GiB
baldia_mart_cache: CPU 1.03%, Mem 8.793MiB / 7.598GiB
PG Connections: 86
Redis Commands: 663522
---
[2026-05-03T20:54:19.315Z] 
baldia_mart_tunnel: CPU 0.93%, Mem 15.61MiB / 7.598GiB
baldia_mart_admin: CPU 0.02%, Mem 23.29MiB / 7.598GiB
baldia_mart_api: CPU 2.71%, Mem 170.4MiB / 7.598GiB
agitated_gould: CPU 0.64%, Mem 15.84MiB / 7.598GiB
baldia_mart_cache: CPU 0.85%, Mem 8.793MiB / 7.598GiB
PG Connections: 86
Redis Commands: 665633
---
[2026-05-03T20:55:19.286Z] 
baldia_mart_tunnel: CPU 0.41%, Mem 15.61MiB / 7.598GiB
baldia_mart_admin: CPU 0.01%, Mem 23.29MiB / 7.598GiB
baldia_mart_api: CPU 1.95%, Mem 168.7MiB / 7.598GiB
agitated_gould: CPU 0.35%, Mem 15.84MiB / 7.598GiB
baldia_mart_cache: CPU 0.62%, Mem 8.793MiB / 7.598GiB
PG Connections: 86
Redis Commands: 667744
---
[2026-05-03T20:56:19.475Z] 
baldia_mart_tunnel: CPU 0.37%, Mem 15.62MiB / 7.598GiB
baldia_mart_admin: CPU 0.01%, Mem 23.29MiB / 7.598GiB
baldia_mart_api: CPU 19.99%, Mem 170.1MiB / 7.598GiB
agitated_gould: CPU 0.46%, Mem 15.85MiB / 7.598GiB
baldia_mart_cache: CPU 1.29%, Mem 9.043MiB / 7.598GiB
PG Connections: 86
Redis Commands: 669855
---
[2026-05-03T20:57:19.800Z] 
baldia_mart_tunnel: CPU 2.41%, Mem 15.62MiB / 7.598GiB
baldia_mart_admin: CPU 0.02%, Mem 23.29MiB / 7.598GiB
baldia_mart_api: CPU 16.24%, Mem 170.1MiB / 7.598GiB
agitated_gould: CPU 0.66%, Mem 15.86MiB / 7.598GiB
baldia_mart_cache: CPU 0.90%, Mem 9.043MiB / 7.598GiB
PG Connections: 86
Redis Commands: 671966
---
[2026-05-03T20:58:20.070Z] 
agitated_gould: CPU 0.50%, Mem 16.11MiB / 7.598GiB
baldia_mart_cache: CPU 0.70%, Mem 9.301MiB / 7.598GiB
PG Connections: 6
Redis Commands: 673132
---
[2026-05-03T20:59:19.270Z] 
agitated_gould: CPU 0.35%, Mem 15.85MiB / 7.598GiB
PG Connections: 6
Error: Command failed: docker exec baldia_mart_cache redis-cli info stats
Error response from daemon: No such container: baldia_mart_cache

---
[2026-05-03T21:00:21.379Z] 
baldia_mart_tunnel: CPU 0.43%, Mem 16.09MiB / 7.598GiB
baldia_mart_admin: CPU 0.00%, Mem 32.32MiB / 7.598GiB
baldia_mart_api: CPU 110.61%, Mem 95.69MiB / 7.598GiB
baldia_mart_cache: CPU 0.64%, Mem 3.961MiB / 7.598GiB
agitated_gould: CPU 0.74%, Mem 16.1MiB / 7.598GiB
PG Connections: 6
Redis Commands: 0
---
[2026-05-03T21:01:20.833Z] 
baldia_mart_tunnel: CPU 0.56%, Mem 16.18MiB / 7.598GiB
baldia_mart_admin: CPU 0.00%, Mem 23.32MiB / 7.598GiB
baldia_mart_api: CPU 25.22%, Mem 268.9MiB / 7.598GiB
baldia_mart_cache: CPU 1.01%, Mem 4.211MiB / 7.598GiB
agitated_gould: CPU 0.66%, Mem 15.86MiB / 7.598GiB
PG Connections: 86
Redis Commands: 7109
---
[2026-05-03T21:02:23.366Z] 
baldia_mart_tunnel: CPU 0.56%, Mem 16.91MiB / 7.598GiB
baldia_mart_admin: CPU 0.00%, Mem 23.33MiB / 7.598GiB
baldia_mart_api: CPU 25.64%, Mem 268.1MiB / 7.598GiB
baldia_mart_cache: CPU 5.99%, Mem 4.48MiB / 7.598GiB
agitated_gould: CPU 0.58%, Mem 15.86MiB / 7.598GiB
PG Connections: 86
Redis Commands: 9333
---
[2026-05-03T21:03:20.509Z] 
baldia_mart_tunnel: CPU 0.82%, Mem 16.94MiB / 7.598GiB
baldia_mart_admin: CPU 0.00%, Mem 23.33MiB / 7.598GiB
baldia_mart_api: CPU 127.50%, Mem 144.8MiB / 7.598GiB
baldia_mart_cache: CPU 1.49%, Mem 4.234MiB / 7.598GiB
agitated_gould: CPU 0.41%, Mem 16.11MiB / 7.598GiB
PG Connections: 86
Redis Commands: 11336
---
[2026-05-03T21:04:20.433Z] 
baldia_mart_tunnel: CPU 0.24%, Mem 15.33MiB / 7.598GiB
baldia_mart_admin: CPU 0.00%, Mem 23.34MiB / 7.598GiB
baldia_mart_api: CPU 16.01%, Mem 157MiB / 7.598GiB
baldia_mart_cache: CPU 1.07%, Mem 4.512MiB / 7.598GiB
agitated_gould: CPU 0.27%, Mem 15.86MiB / 7.598GiB
PG Connections: 86
Redis Commands: 13454
---
[2026-05-03T21:05:20.546Z] 
baldia_mart_tunnel: CPU 0.61%, Mem 15.33MiB / 7.598GiB
baldia_mart_admin: CPU 0.00%, Mem 23.34MiB / 7.598GiB
baldia_mart_api: CPU 76.62%, Mem 177.4MiB / 7.598GiB
baldia_mart_cache: CPU 3.30%, Mem 4.328MiB / 7.598GiB
agitated_gould: CPU 0.21%, Mem 16.11MiB / 7.598GiB
PG Connections: 86
Redis Commands: 15589
---
[2026-05-03T21:06:20.440Z] 
baldia_mart_tunnel: CPU 0.24%, Mem 15.29MiB / 7.598GiB
baldia_mart_admin: CPU 0.00%, Mem 23.34MiB / 7.598GiB
baldia_mart_api: CPU 33.09%, Mem 180MiB / 7.598GiB
baldia_mart_cache: CPU 3.30%, Mem 4.328MiB / 7.598GiB
agitated_gould: CPU 0.66%, Mem 15.86MiB / 7.598GiB
PG Connections: 86
Redis Commands: 17732
---
[2026-05-03T21:07:20.674Z] 
baldia_mart_tunnel: CPU 0.45%, Mem 15.29MiB / 7.598GiB
baldia_mart_admin: CPU 0.00%, Mem 23.35MiB / 7.598GiB
baldia_mart_api: CPU 13.26%, Mem 180.4MiB / 7.598GiB
baldia_mart_cache: CPU 1.22%, Mem 4.332MiB / 7.598GiB
agitated_gould: CPU 0.45%, Mem 15.86MiB / 7.598GiB
PG Connections: 86
Redis Commands: 19843
---
[2026-05-03T21:08:20.471Z] 
baldia_mart_tunnel: CPU 0.53%, Mem 15.37MiB / 7.598GiB
baldia_mart_admin: CPU 0.00%, Mem 23.35MiB / 7.598GiB
baldia_mart_api: CPU 28.77%, Mem 182.7MiB / 7.598GiB
baldia_mart_cache: CPU 4.81%, Mem 4.203MiB / 7.598GiB
agitated_gould: CPU 0.51%, Mem 15.86MiB / 7.598GiB
PG Connections: 86
Redis Commands: 21946
---
[2026-05-03T21:09:20.572Z] 
baldia_mart_tunnel: CPU 0.41%, Mem 15.38MiB / 7.598GiB
baldia_mart_admin: CPU 0.00%, Mem 23.35MiB / 7.598GiB
baldia_mart_api: CPU 23.26%, Mem 180.3MiB / 7.598GiB
baldia_mart_cache: CPU 1.38%, Mem 4.203MiB / 7.598GiB
agitated_gould: CPU 0.35%, Mem 15.86MiB / 7.598GiB
PG Connections: 86
Redis Commands: 24057
---
[2026-05-03T21:10:20.716Z] 
baldia_mart_tunnel: CPU 0.38%, Mem 15.66MiB / 7.598GiB
baldia_mart_admin: CPU 0.00%, Mem 23.35MiB / 7.598GiB
baldia_mart_api: CPU 13.34%, Mem 179.1MiB / 7.598GiB
baldia_mart_cache: CPU 1.33%, Mem 4.199MiB / 7.598GiB
agitated_gould: CPU 0.42%, Mem 15.86MiB / 7.598GiB
PG Connections: 86
Redis Commands: 26168
---
[2026-05-03T21:11:20.621Z] 
baldia_mart_tunnel: CPU 0.38%, Mem 15.41MiB / 7.598GiB
baldia_mart_admin: CPU 0.00%, Mem 23.35MiB / 7.598GiB
baldia_mart_api: CPU 12.49%, Mem 180MiB / 7.598GiB
baldia_mart_cache: CPU 1.18%, Mem 4.199MiB / 7.598GiB
agitated_gould: CPU 0.57%, Mem 15.88MiB / 7.598GiB
PG Connections: 86
Redis Commands: 28279
---
[2026-05-03T21:12:21.080Z] 
baldia_mart_tunnel: CPU 0.47%, Mem 15.43MiB / 7.598GiB
baldia_mart_admin: CPU 0.00%, Mem 23.35MiB / 7.598GiB
baldia_mart_api: CPU 61.29%, Mem 180.3MiB / 7.598GiB
baldia_mart_cache: CPU 1.54%, Mem 4.168MiB / 7.598GiB
agitated_gould: CPU 0.37%, Mem 15.87MiB / 7.598GiB
PG Connections: 86
Redis Commands: 30390
---
[2026-05-03T21:13:20.565Z] 
baldia_mart_tunnel: CPU 0.43%, Mem 15.69MiB / 7.598GiB
baldia_mart_admin: CPU 0.00%, Mem 23.35MiB / 7.598GiB
baldia_mart_api: CPU 31.71%, Mem 180.1MiB / 7.598GiB
baldia_mart_cache: CPU 4.26%, Mem 4.168MiB / 7.598GiB
agitated_gould: CPU 0.42%, Mem 15.88MiB / 7.598GiB
PG Connections: 86
Redis Commands: 32501
---
[2026-05-03T21:14:20.607Z] 
baldia_mart_tunnel: CPU 0.32%, Mem 15.46MiB / 7.598GiB
baldia_mart_admin: CPU 0.00%, Mem 23.36MiB / 7.598GiB
baldia_mart_api: CPU 9.16%, Mem 180.4MiB / 7.598GiB
baldia_mart_cache: CPU 0.99%, Mem 4.422MiB / 7.598GiB
agitated_gould: CPU 0.30%, Mem 15.88MiB / 7.598GiB
PG Connections: 86
Redis Commands: 34612
---
[2026-05-03T21:15:20.501Z] 
baldia_mart_tunnel: CPU 0.48%, Mem 15.48MiB / 7.598GiB
baldia_mart_admin: CPU 0.00%, Mem 23.36MiB / 7.598GiB
baldia_mart_api: CPU 32.90%, Mem 180.5MiB / 7.598GiB
baldia_mart_cache: CPU 4.65%, Mem 4.445MiB / 7.598GiB
agitated_gould: CPU 0.61%, Mem 15.88MiB / 7.598GiB
PG Connections: 86
Redis Commands: 36723
---
[2026-05-03T21:16:20.579Z] 
baldia_mart_tunnel: CPU 0.38%, Mem 15.5MiB / 7.598GiB
baldia_mart_admin: CPU 0.00%, Mem 23.36MiB / 7.598GiB
baldia_mart_api: CPU 19.78%, Mem 180.6MiB / 7.598GiB
baldia_mart_cache: CPU 1.66%, Mem 4.176MiB / 7.598GiB
agitated_gould: CPU 0.49%, Mem 15.88MiB / 7.598GiB
PG Connections: 86
Redis Commands: 38834
---
[2026-05-03T21:17:20.814Z] 
baldia_mart_tunnel: CPU 0.34%, Mem 15.77MiB / 7.598GiB
baldia_mart_admin: CPU 0.00%, Mem 23.36MiB / 7.598GiB
baldia_mart_api: CPU 11.79%, Mem 180.3MiB / 7.598GiB
baldia_mart_cache: CPU 1.15%, Mem 4.176MiB / 7.598GiB
agitated_gould: CPU 0.32%, Mem 15.88MiB / 7.598GiB
PG Connections: 86
Redis Commands: 40945
---
[2026-05-03T21:18:20.577Z] 
baldia_mart_tunnel: CPU 0.30%, Mem 15.53MiB / 7.598GiB
baldia_mart_admin: CPU 0.00%, Mem 23.36MiB / 7.598GiB
baldia_mart_api: CPU 10.06%, Mem 181.3MiB / 7.598GiB
baldia_mart_cache: CPU 0.95%, Mem 4.176MiB / 7.598GiB
agitated_gould: CPU 0.37%, Mem 15.88MiB / 7.598GiB
PG Connections: 86
Redis Commands: 43048
---
[2026-05-03T21:19:20.691Z] 
baldia_mart_tunnel: CPU 0.29%, Mem 15.54MiB / 7.598GiB
baldia_mart_admin: CPU 0.00%, Mem 23.36MiB / 7.598GiB
baldia_mart_api: CPU 9.41%, Mem 180.2MiB / 7.598GiB
baldia_mart_cache: CPU 0.94%, Mem 4.172MiB / 7.598GiB
agitated_gould: CPU 0.30%, Mem 15.88MiB / 7.598GiB
PG Connections: 86
Redis Commands: 45159
---
[2026-05-03T21:20:20.780Z] 
baldia_mart_tunnel: CPU 0.26%, Mem 15.54MiB / 7.598GiB
baldia_mart_admin: CPU 0.00%, Mem 23.36MiB / 7.598GiB
baldia_mart_api: CPU 16.63%, Mem 180.9MiB / 7.598GiB
baldia_mart_cache: CPU 1.27%, Mem 4.172MiB / 7.598GiB
agitated_gould: CPU 0.25%, Mem 15.88MiB / 7.598GiB
PG Connections: 86
Redis Commands: 47270
---
[2026-05-03T21:21:20.698Z] 
baldia_mart_tunnel: CPU 0.29%, Mem 15.54MiB / 7.598GiB
baldia_mart_admin: CPU 0.00%, Mem 23.36MiB / 7.598GiB
baldia_mart_api: CPU 8.69%, Mem 180.5MiB / 7.598GiB
baldia_mart_cache: CPU 0.87%, Mem 4.172MiB / 7.598GiB
agitated_gould: CPU 0.36%, Mem 15.89MiB / 7.598GiB
PG Connections: 86
Redis Commands: 49381
---
[2026-05-03T21:22:21.089Z] 
baldia_mart_tunnel: CPU 0.32%, Mem 15.54MiB / 7.598GiB
baldia_mart_admin: CPU 0.00%, Mem 23.36MiB / 7.598GiB
baldia_mart_api: CPU 16.44%, Mem 181.2MiB / 7.598GiB
baldia_mart_cache: CPU 1.38%, Mem 4.172MiB / 7.598GiB
agitated_gould: CPU 0.44%, Mem 15.88MiB / 7.598GiB
PG Connections: 86
Redis Commands: 51497
---
[2026-05-03T21:23:20.840Z] 
baldia_mart_tunnel: CPU 0.34%, Mem 15.55MiB / 7.598GiB
baldia_mart_admin: CPU 0.00%, Mem 23.36MiB / 7.598GiB
baldia_mart_api: CPU 1.55%, Mem 181.4MiB / 7.598GiB
baldia_mart_cache: CPU 0.42%, Mem 4.176MiB / 7.598GiB
agitated_gould: CPU 0.47%, Mem 15.89MiB / 7.598GiB
PG Connections: 86
Redis Commands: 53613
---
[2026-05-03T21:24:21.007Z] 
baldia_mart_tunnel: CPU 0.47%, Mem 16.59MiB / 7.598GiB
baldia_mart_admin: CPU 0.00%, Mem 23.36MiB / 7.598GiB
baldia_mart_api: CPU 3.47%, Mem 181.9MiB / 7.598GiB
baldia_mart_cache: CPU 0.86%, Mem 4.191MiB / 7.598GiB
agitated_gould: CPU 0.10%, Mem 15.88MiB / 7.598GiB
PG Connections: 86
Redis Commands: 55724
---
[2026-05-03T21:25:20.831Z] 
baldia_mart_tunnel: CPU 0.43%, Mem 16.61MiB / 7.598GiB
baldia_mart_admin: CPU 0.00%, Mem 23.36MiB / 7.598GiB
baldia_mart_api: CPU 1.62%, Mem 181.6MiB / 7.598GiB
baldia_mart_cache: CPU 0.40%, Mem 4.184MiB / 7.598GiB
agitated_gould: CPU 0.21%, Mem 16.51MiB / 7.598GiB
PG Connections: 86
Redis Commands: 57837
---
[2026-05-03T21:26:20.955Z] 
baldia_mart_tunnel: CPU 0.39%, Mem 16.04MiB / 7.598GiB
baldia_mart_admin: CPU 0.00%, Mem 23.36MiB / 7.598GiB
baldia_mart_api: CPU 1.61%, Mem 181.1MiB / 7.598GiB
baldia_mart_cache: CPU 0.43%, Mem 4.438MiB / 7.598GiB
agitated_gould: CPU 0.25%, Mem 16.32MiB / 7.598GiB
PG Connections: 86
Redis Commands: 59956
---
[2026-05-03T21:27:20.939Z] 
baldia_mart_tunnel: CPU 0.40%, Mem 16.3MiB / 7.598GiB
baldia_mart_admin: CPU 0.00%, Mem 23.36MiB / 7.598GiB
baldia_mart_api: CPU 0.24%, Mem 180.3MiB / 7.598GiB
baldia_mart_cache: CPU 0.41%, Mem 4.184MiB / 7.598GiB
agitated_gould: CPU 0.33%, Mem 16.57MiB / 7.598GiB
PG Connections: 86
Redis Commands: 61967
---
[2026-05-03T21:28:20.942Z] 
baldia_mart_tunnel: CPU 0.23%, Mem 16.05MiB / 7.598GiB
baldia_mart_admin: CPU 0.00%, Mem 23.36MiB / 7.598GiB
baldia_mart_api: CPU 0.17%, Mem 179.8MiB / 7.598GiB
baldia_mart_cache: CPU 0.40%, Mem 4.184MiB / 7.598GiB
agitated_gould: CPU 0.29%, Mem 15.91MiB / 7.598GiB
PG Connections: 86
Redis Commands: 64078
---
[2026-05-03T21:29:20.953Z] 
baldia_mart_tunnel: CPU 0.21%, Mem 16.05MiB / 7.598GiB
baldia_mart_admin: CPU 0.00%, Mem 23.36MiB / 7.598GiB
baldia_mart_api: CPU 0.18%, Mem 180MiB / 7.598GiB
baldia_mart_cache: CPU 0.42%, Mem 4.434MiB / 7.598GiB
agitated_gould: CPU 0.31%, Mem 15.91MiB / 7.598GiB
PG Connections: 86
Redis Commands: 66186
---
[2026-05-03T21:30:21.139Z] 
baldia_mart_tunnel: CPU 0.40%, Mem 16.06MiB / 7.598GiB
baldia_mart_admin: CPU 0.00%, Mem 23.37MiB / 7.598GiB
baldia_mart_api: CPU 0.20%, Mem 180.1MiB / 7.598GiB
baldia_mart_cache: CPU 0.42%, Mem 4.184MiB / 7.598GiB
agitated_gould: CPU 0.38%, Mem 16.04MiB / 7.598GiB
PG Connections: 86
Redis Commands: 68297
---
[2026-05-03T21:31:21.204Z] 
baldia_mart_tunnel: CPU 0.29%, Mem 16.57MiB / 7.598GiB
baldia_mart_admin: CPU 0.00%, Mem 23.37MiB / 7.598GiB
baldia_mart_api: CPU 0.35%, Mem 179.5MiB / 7.598GiB
baldia_mart_cache: CPU 0.39%, Mem 4.18MiB / 7.598GiB
agitated_gould: CPU 0.28%, Mem 15.79MiB / 7.598GiB
PG Connections: 86
Redis Commands: 70408
---
[2026-05-03T21:32:20.443Z] 
baldia_mart_tunnel: CPU 0.30%, Mem 16.09MiB / 7.598GiB
baldia_mart_admin: CPU 0.00%, Mem 23.37MiB / 7.598GiB
baldia_mart_api: CPU 2.57%, Mem 180.4MiB / 7.598GiB
baldia_mart_cache: CPU 0.43%, Mem 4.43MiB / 7.598GiB
agitated_gould: CPU 0.27%, Mem 15.79MiB / 7.598GiB
PG Connections: 86
Redis Commands: 72519
---
[2026-05-03T21:33:21.155Z] 
baldia_mart_tunnel: CPU 0.26%, Mem 16.35MiB / 7.598GiB
baldia_mart_admin: CPU 0.00%, Mem 23.37MiB / 7.598GiB
baldia_mart_api: CPU 0.15%, Mem 181.6MiB / 7.598GiB
baldia_mart_cache: CPU 0.46%, Mem 4.18MiB / 7.598GiB
agitated_gould: CPU 0.32%, Mem 15.79MiB / 7.598GiB
PG Connections: 86
Redis Commands: 74630
---
[2026-05-03T21:34:21.605Z] 
baldia_mart_tunnel: CPU 0.57%, Mem 16.14MiB / 7.598GiB
baldia_mart_admin: CPU 0.00%, Mem 23.37MiB / 7.598GiB
baldia_mart_api: CPU 6.29%, Mem 181.3MiB / 7.598GiB
baldia_mart_cache: CPU 0.85%, Mem 4.18MiB / 7.598GiB
agitated_gould: CPU 0.50%, Mem 15.79MiB / 7.598GiB
PG Connections: 86
Redis Commands: 76741
---
[2026-05-03T21:35:21.346Z] 
baldia_mart_tunnel: CPU 0.29%, Mem 16.14MiB / 7.598GiB
baldia_mart_admin: CPU 0.00%, Mem 23.37MiB / 7.598GiB
baldia_mart_api: CPU 0.26%, Mem 183.2MiB / 7.598GiB
baldia_mart_cache: CPU 0.48%, Mem 4.18MiB / 7.598GiB
agitated_gould: CPU 0.38%, Mem 15.8MiB / 7.598GiB
PG Connections: 86
Redis Commands: 78852
---
[2026-05-03T21:36:20.345Z] 
baldia_mart_tunnel: CPU 0.40%, Mem 16.09MiB / 7.598GiB
baldia_mart_admin: CPU 0.00%, Mem 23.37MiB / 7.598GiB
baldia_mart_api: CPU 56.75%, Mem 179.9MiB / 7.598GiB
baldia_mart_cache: CPU 1.28%, Mem 4.18MiB / 7.598GiB
agitated_gould: CPU 0.45%, Mem 15.8MiB / 7.598GiB
PG Connections: 86
Redis Commands: 80963
---
[2026-05-03T21:37:20.354Z] 
baldia_mart_tunnel: CPU 0.40%, Mem 16.1MiB / 7.598GiB
baldia_mart_admin: CPU 0.00%, Mem 23.37MiB / 7.598GiB
baldia_mart_api: CPU 16.36%, Mem 177.8MiB / 7.598GiB
baldia_mart_cache: CPU 1.02%, Mem 4.188MiB / 7.598GiB
agitated_gould: CPU 0.42%, Mem 15.81MiB / 7.598GiB
PG Connections: 86
Redis Commands: 83079
---
[2026-05-03T21:38:20.645Z] 
baldia_mart_tunnel: CPU 0.00%, Mem 16.19MiB / 7.598GiB
baldia_mart_admin: CPU 0.00%, Mem 23.37MiB / 7.598GiB
baldia_mart_api: CPU 13.94%, Mem 170.1MiB / 7.598GiB
baldia_mart_cache: CPU 1.02%, Mem 4.188MiB / 7.598GiB
agitated_gould: CPU 0.25%, Mem 15.81MiB / 7.598GiB
PG Connections: 86
Redis Commands: 85182
---
[2026-05-03T21:39:20.586Z] 
baldia_mart_tunnel: CPU 0.10%, Mem 16.28MiB / 7.598GiB
baldia_mart_admin: CPU 0.00%, Mem 23.37MiB / 7.598GiB
baldia_mart_api: CPU 12.36%, Mem 179.6MiB / 7.598GiB
baldia_mart_cache: CPU 1.28%, Mem 4.191MiB / 7.598GiB
agitated_gould: CPU 0.00%, Mem 16.11MiB / 7.598GiB
PG Connections: 86
Redis Commands: 87293
---
[2026-05-03T21:40:20.763Z] 
baldia_mart_tunnel: CPU 0.07%, Mem 16.3MiB / 7.598GiB
baldia_mart_admin: CPU 0.00%, Mem 23.37MiB / 7.598GiB
baldia_mart_api: CPU 12.38%, Mem 178.9MiB / 7.598GiB
baldia_mart_cache: CPU 0.97%, Mem 4.184MiB / 7.598GiB
agitated_gould: CPU 0.07%, Mem 16.15MiB / 7.598GiB
PG Connections: 86
Redis Commands: 89404
---
[2026-05-03T21:41:20.463Z] 
baldia_mart_tunnel: CPU 0.10%, Mem 16.25MiB / 7.598GiB
baldia_mart_admin: CPU 0.00%, Mem 23.38MiB / 7.598GiB
baldia_mart_api: CPU 13.45%, Mem 178.3MiB / 7.598GiB
baldia_mart_cache: CPU 1.12%, Mem 4.184MiB / 7.598GiB
agitated_gould: CPU 0.29%, Mem 16.22MiB / 7.598GiB
PG Connections: 86
Redis Commands: 91515
---
[2026-05-03T21:42:20.559Z] 
baldia_mart_tunnel: CPU 0.31%, Mem 16.04MiB / 7.598GiB
baldia_mart_admin: CPU 0.00%, Mem 23.38MiB / 7.598GiB
baldia_mart_api: CPU 11.20%, Mem 177.1MiB / 7.598GiB
baldia_mart_cache: CPU 1.04%, Mem 4.184MiB / 7.598GiB
agitated_gould: CPU 0.26%, Mem 16.28MiB / 7.598GiB
PG Connections: 86
Redis Commands: 93626
---
[2026-05-03T21:43:20.466Z] 
baldia_mart_tunnel: CPU 0.31%, Mem 16.05MiB / 7.598GiB
baldia_mart_admin: CPU 0.00%, Mem 23.38MiB / 7.598GiB
baldia_mart_api: CPU 34.36%, Mem 178MiB / 7.598GiB
baldia_mart_cache: CPU 0.93%, Mem 4.184MiB / 7.598GiB
agitated_gould: CPU 0.29%, Mem 16.3MiB / 7.598GiB
PG Connections: 86
Redis Commands: 95737
---
[2026-05-03T21:44:20.507Z] 
baldia_mart_tunnel: CPU 0.32%, Mem 16.05MiB / 7.598GiB
baldia_mart_admin: CPU 0.00%, Mem 23.38MiB / 7.598GiB
baldia_mart_api: CPU 10.61%, Mem 178.9MiB / 7.598GiB
baldia_mart_cache: CPU 1.08%, Mem 4.191MiB / 7.598GiB
agitated_gould: CPU 0.29%, Mem 15.82MiB / 7.598GiB
PG Connections: 86
Redis Commands: 97848
---
[2026-05-03T21:45:20.646Z] 
baldia_mart_tunnel: CPU 0.52%, Mem 15.62MiB / 7.598GiB
baldia_mart_admin: CPU 0.00%, Mem 23.38MiB / 7.598GiB
baldia_mart_api: CPU 12.08%, Mem 179.4MiB / 7.598GiB
baldia_mart_cache: CPU 2.97%, Mem 4.191MiB / 7.598GiB
agitated_gould: CPU 6.97%, Mem 15.84MiB / 7.598GiB
PG Connections: 86
Redis Commands: 99959
---
[2026-05-03T21:46:20.667Z] 
baldia_mart_tunnel: CPU 0.29%, Mem 15.62MiB / 7.598GiB
baldia_mart_admin: CPU 0.00%, Mem 23.38MiB / 7.598GiB
baldia_mart_api: CPU 3.67%, Mem 182MiB / 7.598GiB
baldia_mart_cache: CPU 0.65%, Mem 4.191MiB / 7.598GiB
agitated_gould: CPU 0.32%, Mem 15.87MiB / 7.598GiB
PG Connections: 86
Redis Commands: 102070
---
[2026-05-03T21:47:20.728Z] 
baldia_mart_tunnel: CPU 0.28%, Mem 15.62MiB / 7.598GiB
baldia_mart_admin: CPU 0.00%, Mem 23.38MiB / 7.598GiB
baldia_mart_api: CPU 1.73%, Mem 149.9MiB / 7.598GiB
baldia_mart_cache: CPU 0.44%, Mem 4.188MiB / 7.598GiB
agitated_gould: CPU 0.20%, Mem 15.87MiB / 7.598GiB
PG Connections: 86
Redis Commands: 104181
---
[2026-05-03T21:48:20.702Z] 
baldia_mart_tunnel: CPU 0.28%, Mem 15.62MiB / 7.598GiB
baldia_mart_admin: CPU 0.00%, Mem 23.38MiB / 7.598GiB
baldia_mart_api: CPU 0.20%, Mem 176.9MiB / 7.598GiB
baldia_mart_cache: CPU 0.40%, Mem 4.438MiB / 7.598GiB
agitated_gould: CPU 0.36%, Mem 15.73MiB / 7.598GiB
PG Connections: 86
Redis Commands: 106292
---
[2026-05-03T21:49:20.708Z] 
baldia_mart_tunnel: CPU 0.27%, Mem 15.62MiB / 7.598GiB
baldia_mart_admin: CPU 0.00%, Mem 23.38MiB / 7.598GiB
baldia_mart_api: CPU 0.34%, Mem 177.5MiB / 7.598GiB
baldia_mart_cache: CPU 0.40%, Mem 4.188MiB / 7.598GiB
agitated_gould: CPU 0.30%, Mem 15.74MiB / 7.598GiB
PG Connections: 86
Redis Commands: 108300
---
[2026-05-03T21:50:21.544Z] 
baldia_mart_tunnel: CPU 0.55%, Mem 15.62MiB / 7.598GiB
baldia_mart_admin: CPU 0.00%, Mem 23.38MiB / 7.598GiB
baldia_mart_api: CPU 4.02%, Mem 181.3MiB / 7.598GiB
baldia_mart_cache: CPU 1.01%, Mem 4.289MiB / 7.598GiB
agitated_gould: CPU 0.72%, Mem 15.74MiB / 7.598GiB
PG Connections: 86
Redis Commands: 110535
---
[2026-05-03T21:51:22.143Z] 
baldia_mart_tunnel: CPU 0.98%, Mem 15.88MiB / 7.598GiB
baldia_mart_admin: CPU 0.00%, Mem 23.38MiB / 7.598GiB
baldia_mart_api: CPU 48.87%, Mem 182.1MiB / 7.598GiB
baldia_mart_cache: CPU 3.13%, Mem 4.293MiB / 7.598GiB
agitated_gould: CPU 0.81%, Mem 15.75MiB / 7.598GiB
PG Connections: 86
Redis Commands: 112661
---
[2026-05-03T21:52:25.474Z] 
baldia_mart_tunnel: CPU 1.93%, Mem 15.63MiB / 7.598GiB
baldia_mart_admin: CPU 0.00%, Mem 23.38MiB / 7.598GiB
baldia_mart_api: CPU 0.79%, Mem 180.9MiB / 7.598GiB
baldia_mart_cache: CPU 1.39%, Mem 4.703MiB / 7.598GiB
agitated_gould: CPU 0.72%, Mem 15.75MiB / 7.598GiB
PG Connections: 86
Redis Commands: 114888
---
[2026-05-03T21:53:22.050Z] 
baldia_mart_tunnel: CPU 0.71%, Mem 15.89MiB / 7.598GiB
baldia_mart_admin: CPU 0.00%, Mem 23.38MiB / 7.598GiB
baldia_mart_api: CPU 4.75%, Mem 181.4MiB / 7.598GiB
baldia_mart_cache: CPU 1.10%, Mem 4.453MiB / 7.598GiB
agitated_gould: CPU 0.73%, Mem 15.75MiB / 7.598GiB
PG Connections: 86
Redis Commands: 116896
---
[2026-05-03T21:54:22.132Z] 
baldia_mart_tunnel: CPU 3.11%, Mem 15.95MiB / 7.598GiB
baldia_mart_admin: CPU 0.00%, Mem 23.38MiB / 7.598GiB
baldia_mart_api: CPU 4.22%, Mem 183.5MiB / 7.598GiB
baldia_mart_cache: CPU 0.92%, Mem 4.203MiB / 7.598GiB
agitated_gould: CPU 1.49%, Mem 15.76MiB / 7.598GiB
PG Connections: 86
Redis Commands: 119013
---
[2026-05-03T21:55:23.620Z] 
baldia_mart_tunnel: CPU 1.45%, Mem 15.7MiB / 7.598GiB
baldia_mart_admin: CPU 0.00%, Mem 23.38MiB / 7.598GiB
baldia_mart_api: CPU 30.00%, Mem 181.5MiB / 7.598GiB
baldia_mart_cache: CPU 2.48%, Mem 4.207MiB / 7.598GiB
agitated_gould: CPU 0.49%, Mem 15.76MiB / 7.598GiB
PG Connections: 86
Redis Commands: 121129
---
[2026-05-03T21:56:22.609Z] 
baldia_mart_tunnel: CPU 0.77%, Mem 15.71MiB / 7.598GiB
baldia_mart_admin: CPU 0.00%, Mem 23.38MiB / 7.598GiB
baldia_mart_api: CPU 0.41%, Mem 182.4MiB / 7.598GiB
baldia_mart_cache: CPU 0.93%, Mem 4.203MiB / 7.598GiB
agitated_gould: CPU 0.77%, Mem 16.03MiB / 7.598GiB
PG Connections: 86
Redis Commands: 123245
---
[2026-05-03T21:57:24.171Z] 
baldia_mart_tunnel: CPU 0.99%, Mem 15.7MiB / 7.598GiB
baldia_mart_admin: CPU 0.00%, Mem 23.39MiB / 7.598GiB
baldia_mart_api: CPU 45.05%, Mem 184.3MiB / 7.598GiB
baldia_mart_cache: CPU 2.97%, Mem 4.203MiB / 7.598GiB
agitated_gould: CPU 0.75%, Mem 15.79MiB / 7.598GiB
PG Connections: 86
Redis Commands: 125356
---
[2026-05-03T21:58:23.522Z] 
baldia_mart_tunnel: CPU 0.63%, Mem 15.96MiB / 7.598GiB
baldia_mart_admin: CPU 0.00%, Mem 23.39MiB / 7.598GiB
baldia_mart_api: CPU 0.47%, Mem 182.5MiB / 7.598GiB
baldia_mart_cache: CPU 0.98%, Mem 5.008MiB / 7.598GiB
agitated_gould: CPU 0.60%, Mem 15.82MiB / 7.598GiB
PG Connections: 86
Redis Commands: 127465
---
[2026-05-03T21:59:22.278Z] 
baldia_mart_tunnel: CPU 0.81%, Mem 15.71MiB / 7.598GiB
baldia_mart_admin: CPU 0.00%, Mem 23.39MiB / 7.598GiB
baldia_mart_api: CPU 0.59%, Mem 184.9MiB / 7.598GiB
baldia_mart_cache: CPU 1.03%, Mem 6.18MiB / 7.598GiB
agitated_gould: CPU 0.67%, Mem 15.82MiB / 7.598GiB
PG Connections: 86
Redis Commands: 129485
---
[2026-05-03T22:00:22.757Z] 
baldia_mart_tunnel: CPU 2.42%, Mem 15.71MiB / 7.598GiB
baldia_mart_admin: CPU 0.00%, Mem 23.39MiB / 7.598GiB
baldia_mart_api: CPU 66.19%, Mem 181.1MiB / 7.598GiB
baldia_mart_cache: CPU 2.16%, Mem 6.629MiB / 7.598GiB
agitated_gould: CPU 1.02%, Mem 15.86MiB / 7.598GiB
PG Connections: 86
Redis Commands: 131685
---
[2026-05-03T22:01:22.283Z] 
baldia_mart_tunnel: CPU 0.70%, Mem 15.78MiB / 7.598GiB
baldia_mart_admin: CPU 0.00%, Mem 23.39MiB / 7.598GiB
baldia_mart_api: CPU 8.67%, Mem 186.1MiB / 7.598GiB
baldia_mart_cache: CPU 1.16%, Mem 6.848MiB / 7.598GiB
agitated_gould: CPU 1.01%, Mem 15.93MiB / 7.598GiB
PG Connections: 86
Redis Commands: 133837
---
[2026-05-03T22:02:28.359Z] 
baldia_mart_api: CPU 134.75%, Mem 179.1MiB / 7.598GiB
baldia_mart_tunnel: CPU 0.58%, Mem 15.82MiB / 7.598GiB
baldia_mart_admin: CPU 0.00%, Mem 23.39MiB / 7.598GiB
baldia_mart_cache: CPU 2.08%, Mem 7.012MiB / 7.598GiB
agitated_gould: CPU 1.11%, Mem 15.95MiB / 7.598GiB
PG Connections: 7
Redis Commands: 134445
---
[2026-05-03T22:03:20.905Z] 
agitated_gould: CPU 1.03%, Mem 16.2MiB / 7.598GiB
PG Connections: 6
Error: Command failed: docker exec baldia_mart_cache redis-cli info stats
Error response from daemon: container aea99351557a404a0ac5d52a7b69fa49dd8400f20d93c28e55a7f60b2d4db309 is not running

---
[2026-05-03T22:04:21.787Z] 
agitated_gould: CPU 0.68%, Mem 15.95MiB / 7.598GiB
PG Connections: 6
Error: Command failed: docker exec baldia_mart_cache redis-cli info stats
Error response from daemon: container aea99351557a404a0ac5d52a7b69fa49dd8400f20d93c28e55a7f60b2d4db309 is not running

---
[2026-05-03T22:05:24.447Z] 
agitated_gould: CPU 0.68%, Mem 15.95MiB / 7.598GiB
PG Connections: 6
Error: Command failed: docker exec baldia_mart_cache redis-cli info stats
Error response from daemon: container aea99351557a404a0ac5d52a7b69fa49dd8400f20d93c28e55a7f60b2d4db309 is not running

---
[2026-05-03T22:06:22.249Z] 
agitated_gould: CPU 1.17%, Mem 15.79MiB / 7.598GiB
PG Connections: 6
Error: Command failed: docker exec baldia_mart_cache redis-cli info stats
Error response from daemon: container aea99351557a404a0ac5d52a7b69fa49dd8400f20d93c28e55a7f60b2d4db309 is not running

---
[2026-05-03T22:07:23.261Z] 
agitated_gould: CPU 0.91%, Mem 15.79MiB / 7.598GiB
PG Connections: 6
Error: Command failed: docker exec baldia_mart_cache redis-cli info stats
Error response from daemon: container aea99351557a404a0ac5d52a7b69fa49dd8400f20d93c28e55a7f60b2d4db309 is not running

---
[2026-05-03T22:08:23.183Z] 
agitated_gould: CPU 1.64%, Mem 15.79MiB / 7.598GiB
PG Connections: 6
Error: Command failed: docker exec baldia_mart_cache redis-cli info stats
Error response from daemon: container aea99351557a404a0ac5d52a7b69fa49dd8400f20d93c28e55a7f60b2d4db309 is not running

---
[2026-05-03T22:09:23.717Z] 
agitated_gould: CPU 4.03%, Mem 15.74MiB / 7.598GiB
PG Connections: 6
Error: Command failed: docker exec baldia_mart_cache redis-cli info stats
Error response from daemon: container aea99351557a404a0ac5d52a7b69fa49dd8400f20d93c28e55a7f60b2d4db309 is not running

---
[2026-05-03T22:10:22.954Z] 
agitated_gould: CPU 0.87%, Mem 15.5MiB / 7.598GiB
PG Connections: 6
Error: Command failed: docker exec baldia_mart_cache redis-cli info stats
Error response from daemon: container aea99351557a404a0ac5d52a7b69fa49dd8400f20d93c28e55a7f60b2d4db309 is not running

---
[2026-05-03T22:11:22.696Z] 
agitated_gould: CPU 4.29%, Mem 15.59MiB / 7.598GiB
PG Connections: 6
Error: Command failed: docker exec baldia_mart_cache redis-cli info stats
Error response from daemon: container aea99351557a404a0ac5d52a7b69fa49dd8400f20d93c28e55a7f60b2d4db309 is not running

---
[2026-05-03T22:12:25.596Z] 
agitated_gould: CPU 2.31%, Mem 15.99MiB / 7.598GiB
PG Connections: 6
Error: Command failed: docker exec baldia_mart_cache redis-cli info stats
Error response from daemon: container aea99351557a404a0ac5d52a7b69fa49dd8400f20d93c28e55a7f60b2d4db309 is not running

---
[2026-05-03T22:13:22.759Z] 
agitated_gould: CPU 1.09%, Mem 20.53MiB / 7.598GiB
PG Connections: 6
Error: Command failed: docker exec baldia_mart_cache redis-cli info stats
Error response from daemon: container aea99351557a404a0ac5d52a7b69fa49dd8400f20d93c28e55a7f60b2d4db309 is not running

---
[2026-05-03T22:14:21.279Z] 
agitated_gould: CPU 0.59%, Mem 20.28MiB / 7.598GiB
PG Connections: 6
Error: Command failed: docker exec baldia_mart_cache redis-cli info stats
Error response from daemon: container aea99351557a404a0ac5d52a7b69fa49dd8400f20d93c28e55a7f60b2d4db309 is not running

---
[2026-05-03T22:15:21.304Z] 
agitated_gould: CPU 1.02%, Mem 20.3MiB / 7.598GiB
PG Connections: 6
Error: Command failed: docker exec baldia_mart_cache redis-cli info stats
Error response from daemon: container aea99351557a404a0ac5d52a7b69fa49dd8400f20d93c28e55a7f60b2d4db309 is not running

---
[2026-05-03T22:16:21.602Z] 
agitated_gould: CPU 0.63%, Mem 20.3MiB / 7.598GiB
PG Connections: 6
Error: Command failed: docker exec baldia_mart_cache redis-cli info stats
Error response from daemon: container aea99351557a404a0ac5d52a7b69fa49dd8400f20d93c28e55a7f60b2d4db309 is not running

---
[2026-05-03T22:17:21.547Z] 
agitated_gould: CPU 0.83%, Mem 20.24MiB / 7.598GiB
PG Connections: 6
Error: Command failed: docker exec baldia_mart_cache redis-cli info stats
Error response from daemon: container aea99351557a404a0ac5d52a7b69fa49dd8400f20d93c28e55a7f60b2d4db309 is not running

---
[2026-05-03T22:18:22.295Z] 
agitated_gould: CPU 1.05%, Mem 20.23MiB / 7.598GiB
PG Connections: 6
Error: Command failed: docker exec baldia_mart_cache redis-cli info stats
Error response from daemon: container aea99351557a404a0ac5d52a7b69fa49dd8400f20d93c28e55a7f60b2d4db309 is not running

---
[2026-05-03T22:19:21.408Z] 
agitated_gould: CPU 0.67%, Mem 20.23MiB / 7.598GiB
PG Connections: 6
Error: Command failed: docker exec baldia_mart_cache redis-cli info stats
Error response from daemon: container aea99351557a404a0ac5d52a7b69fa49dd8400f20d93c28e55a7f60b2d4db309 is not running

---
[2026-05-03T22:20:21.306Z] 
agitated_gould: CPU 0.59%, Mem 20.26MiB / 7.598GiB
PG Connections: 6
Error: Command failed: docker exec baldia_mart_cache redis-cli info stats
Error response from daemon: container aea99351557a404a0ac5d52a7b69fa49dd8400f20d93c28e55a7f60b2d4db309 is not running

---
[2026-05-03T22:21:34.440Z] 
agitated_gould: CPU 1.32%, Mem 20.27MiB / 7.598GiB
PG Connections: 6
Error: Command failed: docker exec baldia_mart_cache redis-cli info stats
Error response from daemon: container aea99351557a404a0ac5d52a7b69fa49dd8400f20d93c28e55a7f60b2d4db309 is not running

---
[2026-05-03T22:22:43.985Z] 
agitated_gould: CPU 0.64%, Mem 20.54MiB / 7.598GiB
PG Connections: 6
Error: Command failed: docker exec baldia_mart_cache redis-cli info stats
Error response from daemon: container aea99351557a404a0ac5d52a7b69fa49dd8400f20d93c28e55a7f60b2d4db309 is not running

---
[2026-05-03T22:23:20.759Z] 
agitated_gould: CPU 0.72%, Mem 20.29MiB / 7.598GiB
PG Connections: 6
Error: Command failed: docker exec baldia_mart_cache redis-cli info stats
Error response from daemon: container aea99351557a404a0ac5d52a7b69fa49dd8400f20d93c28e55a7f60b2d4db309 is not running

---
[2026-05-03T22:24:20.911Z] 
agitated_gould: CPU 0.52%, Mem 20.29MiB / 7.598GiB
PG Connections: 6
Error: Command failed: docker exec baldia_mart_cache redis-cli info stats
Error response from daemon: container aea99351557a404a0ac5d52a7b69fa49dd8400f20d93c28e55a7f60b2d4db309 is not running

---
[2026-05-03T22:25:20.706Z] 
agitated_gould: CPU 0.54%, Mem 20.29MiB / 7.598GiB
PG Connections: 6
Error: Command failed: docker exec baldia_mart_cache redis-cli info stats
Error response from daemon: container aea99351557a404a0ac5d52a7b69fa49dd8400f20d93c28e55a7f60b2d4db309 is not running

---
[2026-05-03T22:26:21.102Z] 
agitated_gould: CPU 1.20%, Mem 20.3MiB / 7.598GiB
PG Connections: 6
Error: Command failed: docker exec baldia_mart_cache redis-cli info stats
Error response from daemon: container aea99351557a404a0ac5d52a7b69fa49dd8400f20d93c28e55a7f60b2d4db309 is not running

---
[2026-05-03T22:27:21.463Z] 
agitated_gould: CPU 0.00%, Mem 20.24MiB / 7.598GiB
PG Connections: 6
Error: Command failed: docker exec baldia_mart_cache redis-cli info stats
Error response from daemon: container aea99351557a404a0ac5d52a7b69fa49dd8400f20d93c28e55a7f60b2d4db309 is not running

---
[2026-05-03T22:28:21.657Z] 
agitated_gould: CPU 0.54%, Mem 20.09MiB / 7.598GiB
PG Connections: 6
Error: Command failed: docker exec baldia_mart_cache redis-cli info stats
Error response from daemon: container aea99351557a404a0ac5d52a7b69fa49dd8400f20d93c28e55a7f60b2d4db309 is not running

---
[2026-05-03T22:29:21.363Z] 
agitated_gould: CPU 0.51%, Mem 20.04MiB / 7.598GiB
PG Connections: 6
Error: Command failed: docker exec baldia_mart_cache redis-cli info stats
Error response from daemon: container aea99351557a404a0ac5d52a7b69fa49dd8400f20d93c28e55a7f60b2d4db309 is not running

---
[2026-05-03T22:30:21.891Z] 
agitated_gould: CPU 3.44%, Mem 19.73MiB / 7.598GiB
PG Connections: 6
Error: Command failed: docker exec baldia_mart_cache redis-cli info stats
Error response from daemon: container aea99351557a404a0ac5d52a7b69fa49dd8400f20d93c28e55a7f60b2d4db309 is not running

---
[2026-05-03T22:31:21.206Z] 
agitated_gould: CPU 0.78%, Mem 19.71MiB / 7.598GiB
PG Connections: 6
Error: Command failed: docker exec baldia_mart_cache redis-cli info stats
Error response from daemon: container aea99351557a404a0ac5d52a7b69fa49dd8400f20d93c28e55a7f60b2d4db309 is not running

---
[2026-05-03T22:32:29.274Z] 
agitated_gould: CPU 1.02%, Mem 19.54MiB / 7.598GiB
PG Connections: 6
Error: Command failed: docker exec baldia_mart_cache redis-cli info stats
Error response from daemon: container aea99351557a404a0ac5d52a7b69fa49dd8400f20d93c28e55a7f60b2d4db309 is not running

---
[2026-05-03T22:33:21.986Z] 
agitated_gould: CPU 0.88%, Mem 19.35MiB / 7.598GiB
PG Connections: 6
Error: Command failed: docker exec baldia_mart_cache redis-cli info stats
Error response from daemon: container aea99351557a404a0ac5d52a7b69fa49dd8400f20d93c28e55a7f60b2d4db309 is not running

---
[2026-05-03T22:34:22.415Z] 
agitated_gould: CPU 1.31%, Mem 19.65MiB / 7.598GiB
PG Connections: 6
Error: Command failed: docker exec baldia_mart_cache redis-cli info stats
Error response from daemon: container aea99351557a404a0ac5d52a7b69fa49dd8400f20d93c28e55a7f60b2d4db309 is not running

---
[2026-05-03T22:35:23.387Z] 
agitated_gould: CPU 9.93%, Mem 19.26MiB / 7.598GiB
PG Connections: 6
Error: Command failed: docker exec baldia_mart_cache redis-cli info stats
Error response from daemon: container aea99351557a404a0ac5d52a7b69fa49dd8400f20d93c28e55a7f60b2d4db309 is not running

---
[2026-05-03T22:36:22.927Z] 
agitated_gould: CPU 0.71%, Mem 19.17MiB / 7.598GiB
PG Connections: 6
Error: Command failed: docker exec baldia_mart_cache redis-cli info stats
Error response from daemon: container aea99351557a404a0ac5d52a7b69fa49dd8400f20d93c28e55a7f60b2d4db309 is not running

---
[2026-05-03T22:37:21.458Z] 
agitated_gould: CPU 0.89%, Mem 19.05MiB / 7.598GiB
PG Connections: 6
Error: Command failed: docker exec baldia_mart_cache redis-cli info stats
Error response from daemon: container aea99351557a404a0ac5d52a7b69fa49dd8400f20d93c28e55a7f60b2d4db309 is not running

---
[2026-05-03T22:38:22.949Z] 
agitated_gould: CPU 1.76%, Mem 19.03MiB / 7.598GiB
PG Connections: 6
Error: Command failed: docker exec baldia_mart_cache redis-cli info stats
Error response from daemon: container aea99351557a404a0ac5d52a7b69fa49dd8400f20d93c28e55a7f60b2d4db309 is not running

---
[2026-05-03T22:39:21.966Z] 
agitated_gould: CPU 1.38%, Mem 18.99MiB / 7.598GiB
PG Connections: 6
Error: Command failed: docker exec baldia_mart_cache redis-cli info stats
Error response from daemon: container aea99351557a404a0ac5d52a7b69fa49dd8400f20d93c28e55a7f60b2d4db309 is not running

---
[2026-05-03T22:40:20.791Z] 
agitated_gould: CPU 0.64%, Mem 18.96MiB / 7.598GiB
PG Connections: 6
Error: Command failed: docker exec baldia_mart_cache redis-cli info stats
Error response from daemon: container aea99351557a404a0ac5d52a7b69fa49dd8400f20d93c28e55a7f60b2d4db309 is not running

---
[2026-05-03T22:41:21.272Z] 
agitated_gould: CPU 0.65%, Mem 19.22MiB / 7.598GiB
PG Connections: 6
Error: Command failed: docker exec baldia_mart_cache redis-cli info stats
Error response from daemon: container aea99351557a404a0ac5d52a7b69fa49dd8400f20d93c28e55a7f60b2d4db309 is not running

---
[2026-05-03T22:42:30.856Z] 
baldia_mart_api: CPU 50.44%, Mem 61.64MiB / 7.598GiB
baldia_mart_tunnel: CPU 1.59%, Mem 16.64MiB / 7.598GiB
baldia_mart_admin: CPU 0.00%, Mem 34.21MiB / 7.598GiB
baldia_mart_cache: CPU 1.54%, Mem 4.621MiB / 7.598GiB
agitated_gould: CPU 48.91%, Mem 19.09MiB / 7.598GiB
PG Connections: 6
Redis Commands: 0
---
[2026-05-03T22:43:22.909Z] 
baldia_mart_api: CPU 282.45%, Mem 140.4MiB / 7.598GiB
baldia_mart_tunnel: CPU 0.52%, Mem 16.48MiB / 7.598GiB
baldia_mart_admin: CPU 0.00%, Mem 51.84MiB / 7.598GiB
baldia_mart_cache: CPU 1.15%, Mem 4.93MiB / 7.598GiB
agitated_gould: CPU 0.38%, Mem 19.1MiB / 7.598GiB
PG Connections: 7
Redis Commands: 6
---
[2026-05-03T22:44:25.900Z] 
baldia_mart_api: CPU 258.08%, Mem 786.3MiB / 7.598GiB
baldia_mart_tunnel: CPU 0.54%, Mem 21.69MiB / 7.598GiB
baldia_mart_admin: CPU 0.00%, Mem 43.88MiB / 7.598GiB
baldia_mart_cache: CPU 1.17%, Mem 6.258MiB / 7.598GiB
agitated_gould: CPU 0.83%, Mem 19.45MiB / 7.598GiB
PG Connections: 7
Redis Commands: 48329
---
[2026-05-03T22:45:25.218Z] 
baldia_mart_api: CPU 233.96%, Mem 1.237GiB / 7.598GiB
baldia_mart_tunnel: CPU 1.08%, Mem 23.26MiB / 7.598GiB
baldia_mart_admin: CPU 0.14%, Mem 44.67MiB / 7.598GiB
baldia_mart_cache: CPU 1.57%, Mem 6.422MiB / 7.598GiB
agitated_gould: CPU 0.76%, Mem 19.55MiB / 7.598GiB
PG Connections: 7
Redis Commands: 62618
---
[2026-05-03T22:46:22.402Z] 
baldia_mart_api: CPU 119.71%, Mem 2.047GiB / 7.598GiB
baldia_mart_tunnel: CPU 0.56%, Mem 21.99MiB / 7.598GiB
baldia_mart_admin: CPU 0.00%, Mem 44.66MiB / 7.598GiB
baldia_mart_cache: CPU 1.67%, Mem 8.879MiB / 7.598GiB
agitated_gould: CPU 0.49%, Mem 19.73MiB / 7.598GiB
PG Connections: 86
Redis Commands: 86444
---
[2026-05-03T22:47:22.396Z] 
baldia_mart_api: CPU 108.49%, Mem 1.416GiB / 7.598GiB
baldia_mart_tunnel: CPU 1.75%, Mem 21.89MiB / 7.598GiB
baldia_mart_admin: CPU 0.00%, Mem 44.65MiB / 7.598GiB
baldia_mart_cache: CPU 2.12%, Mem 8.879MiB / 7.598GiB
agitated_gould: CPU 0.65%, Mem 19.68MiB / 7.598GiB
PG Connections: 86
Redis Commands: 88547
---
[2026-05-04T06:47:31.427Z] 
baldia_mart_api: CPU 105.63%, Mem 1.421GiB / 7.598GiB
baldia_mart_tunnel: CPU 7.79%, Mem 22.52MiB / 7.598GiB
baldia_mart_admin: CPU 0.00%, Mem 44.65MiB / 7.598GiB
baldia_mart_cache: CPU 1.18%, Mem 9.125MiB / 7.598GiB
agitated_gould: CPU 102.90%, Mem 19.8MiB / 7.598GiB
PG Connections: 86
Redis Commands: 88631
---
[2026-05-04T06:48:23.634Z] 
baldia_mart_api: CPU 110.81%, Mem 470.3MiB / 7.598GiB
baldia_mart_tunnel: CPU 0.75%, Mem 22.79MiB / 7.598GiB
baldia_mart_admin: CPU 0.00%, Mem 44.66MiB / 7.598GiB
baldia_mart_cache: CPU 0.92%, Mem 9.16MiB / 7.598GiB
agitated_gould: CPU 0.70%, Mem 20.04MiB / 7.598GiB
PG Connections: 86
Redis Commands: 90978
---
[2026-05-04T06:49:26.440Z] 
baldia_mart_api: CPU 91.02%, Mem 492MiB / 7.598GiB
baldia_mart_tunnel: CPU 0.79%, Mem 22.79MiB / 7.598GiB
baldia_mart_admin: CPU 0.00%, Mem 44.66MiB / 7.598GiB
baldia_mart_cache: CPU 4.32%, Mem 9.219MiB / 7.598GiB
agitated_gould: CPU 0.55%, Mem 20.08MiB / 7.598GiB
PG Connections: 86
Redis Commands: 93199
---
[2026-05-04T06:50:23.490Z] 
baldia_mart_api: CPU 22.62%, Mem 206.2MiB / 7.598GiB
baldia_mart_tunnel: CPU 0.55%, Mem 22.63MiB / 7.598GiB
baldia_mart_admin: CPU 0.00%, Mem 44.66MiB / 7.598GiB
baldia_mart_cache: CPU 0.92%, Mem 9.223MiB / 7.598GiB
agitated_gould: CPU 0.52%, Mem 20.14MiB / 7.598GiB
PG Connections: 86
Redis Commands: 95207
---
[2026-05-04T06:51:23.692Z] 
baldia_mart_api: CPU 6.37%, Mem 219.9MiB / 7.598GiB
baldia_mart_tunnel: CPU 0.42%, Mem 22.66MiB / 7.598GiB
baldia_mart_admin: CPU 0.00%, Mem 44.66MiB / 7.598GiB
baldia_mart_cache: CPU 1.05%, Mem 9.223MiB / 7.598GiB
agitated_gould: CPU 0.53%, Mem 20.14MiB / 7.598GiB
PG Connections: 86
Redis Commands: 97318
---
[2026-05-04T06:52:23.166Z] 
baldia_mart_api: CPU 4.29%, Mem 223.5MiB / 7.598GiB
baldia_mart_tunnel: CPU 0.64%, Mem 22.68MiB / 7.598GiB
baldia_mart_admin: CPU 0.00%, Mem 44.66MiB / 7.598GiB
baldia_mart_cache: CPU 0.68%, Mem 9.234MiB / 7.598GiB
agitated_gould: CPU 0.47%, Mem 20.18MiB / 7.598GiB
PG Connections: 86
Redis Commands: 99434
---
[2026-05-04T06:53:23.295Z] 
baldia_mart_api: CPU 2.81%, Mem 231.9MiB / 7.598GiB
baldia_mart_tunnel: CPU 0.48%, Mem 22.69MiB / 7.598GiB
baldia_mart_admin: CPU 0.00%, Mem 44.66MiB / 7.598GiB
baldia_mart_cache: CPU 0.55%, Mem 9.234MiB / 7.598GiB
agitated_gould: CPU 0.48%, Mem 20.18MiB / 7.598GiB
PG Connections: 86
Redis Commands: 101537
---
[2026-05-04T06:54:23.017Z] 
baldia_mart_api: CPU 0.96%, Mem 202.7MiB / 7.598GiB
baldia_mart_tunnel: CPU 0.32%, Mem 22.71MiB / 7.598GiB
baldia_mart_admin: CPU 0.00%, Mem 44.66MiB / 7.598GiB
baldia_mart_cache: CPU 0.93%, Mem 9.234MiB / 7.598GiB
agitated_gould: CPU 0.30%, Mem 20.09MiB / 7.598GiB
PG Connections: 86
Redis Commands: 103653
---
[2026-05-04T06:55:22.990Z] 
baldia_mart_api: CPU 10.02%, Mem 204.1MiB / 7.598GiB
baldia_mart_tunnel: CPU 0.40%, Mem 22.73MiB / 7.598GiB
baldia_mart_admin: CPU 0.00%, Mem 44.66MiB / 7.598GiB
baldia_mart_cache: CPU 0.57%, Mem 9.234MiB / 7.598GiB
agitated_gould: CPU 0.31%, Mem 20.11MiB / 7.598GiB
PG Connections: 86
Redis Commands: 105764
---
[2026-05-04T06:56:23.089Z] 
baldia_mart_api: CPU 29.63%, Mem 203.8MiB / 7.598GiB
baldia_mart_tunnel: CPU 0.42%, Mem 22.74MiB / 7.598GiB
baldia_mart_admin: CPU 0.00%, Mem 44.66MiB / 7.598GiB
baldia_mart_cache: CPU 2.37%, Mem 9.238MiB / 7.598GiB
agitated_gould: CPU 0.48%, Mem 20.12MiB / 7.598GiB
PG Connections: 86
Redis Commands: 107875
---
[2026-05-04T06:57:32.172Z] 
baldia_mart_api: CPU 24.39%, Mem 204MiB / 7.598GiB
baldia_mart_tunnel: CPU 0.68%, Mem 22.76MiB / 7.598GiB
baldia_mart_admin: CPU 0.00%, Mem 44.66MiB / 7.598GiB
baldia_mart_cache: CPU 2.20%, Mem 9.238MiB / 7.598GiB
agitated_gould: CPU 0.41%, Mem 20.14MiB / 7.598GiB
PG Connections: 86
Redis Commands: 110307
---
[2026-05-04T06:58:24.236Z] 
baldia_mart_api: CPU 29.23%, Mem 207MiB / 7.598GiB
baldia_mart_tunnel: CPU 0.59%, Mem 22.76MiB / 7.598GiB
baldia_mart_admin: CPU 0.00%, Mem 44.66MiB / 7.598GiB
baldia_mart_cache: CPU 4.15%, Mem 9.254MiB / 7.598GiB
agitated_gould: CPU 0.68%, Mem 20.15MiB / 7.598GiB
PG Connections: 86
Redis Commands: 112102
---
[2026-05-04T06:59:30.037Z] 
baldia_mart_api: CPU 84.06%, Mem 208.6MiB / 7.598GiB
baldia_mart_tunnel: CPU 1.01%, Mem 22.76MiB / 7.598GiB
baldia_mart_admin: CPU 0.00%, Mem 44.66MiB / 7.598GiB
baldia_mart_cache: CPU 2.72%, Mem 9.254MiB / 7.598GiB
agitated_gould: CPU 0.48%, Mem 20.16MiB / 7.598GiB
PG Connections: 86
Redis Commands: 114321
---
[2026-05-04T07:00:29.858Z] 
baldia_mart_api: CPU 17.73%, Mem 207.4MiB / 7.598GiB
baldia_mart_tunnel: CPU 0.69%, Mem 22.78MiB / 7.598GiB
baldia_mart_admin: CPU 0.00%, Mem 44.66MiB / 7.598GiB
baldia_mart_cache: CPU 1.70%, Mem 9.254MiB / 7.598GiB
agitated_gould: CPU 0.53%, Mem 20.06MiB / 7.598GiB
PG Connections: 86
Redis Commands: 116532
---
[2026-05-04T07:01:25.562Z] 
baldia_mart_api: CPU 0.12%, Mem 207.3MiB / 7.598GiB
baldia_mart_tunnel: CPU 0.45%, Mem 22.78MiB / 7.598GiB
baldia_mart_admin: CPU 0.00%, Mem 44.67MiB / 7.598GiB
baldia_mart_cache: CPU 2.90%, Mem 9.254MiB / 7.598GiB
agitated_gould: CPU 0.73%, Mem 20.07MiB / 7.598GiB
PG Connections: 86
Redis Commands: 118435
---
[2026-05-04T07:02:26.201Z] 
baldia_mart_api: CPU 0.00%, Mem 208.4MiB / 7.598GiB
baldia_mart_tunnel: CPU 0.72%, Mem 22.67MiB / 7.598GiB
baldia_mart_admin: CPU 0.00%, Mem 44.67MiB / 7.598GiB
baldia_mart_cache: CPU 8.89%, Mem 9.258MiB / 7.598GiB
agitated_gould: CPU 0.67%, Mem 20.36MiB / 7.598GiB
PG Connections: 86
Redis Commands: 120546
---
[2026-05-04T07:03:25.225Z] 
baldia_mart_api: CPU 3.69%, Mem 207.2MiB / 7.598GiB
baldia_mart_tunnel: CPU 1.10%, Mem 22.69MiB / 7.598GiB
baldia_mart_admin: CPU 0.00%, Mem 44.67MiB / 7.598GiB
baldia_mart_cache: CPU 4.05%, Mem 9.254MiB / 7.598GiB
agitated_gould: CPU 1.98%, Mem 20.16MiB / 7.598GiB
PG Connections: 86
Redis Commands: 122649
---
[2026-05-04T07:04:26.256Z] 
baldia_mart_api: CPU 59.25%, Mem 209.5MiB / 7.598GiB
baldia_mart_tunnel: CPU 3.02%, Mem 22.69MiB / 7.598GiB
baldia_mart_admin: CPU 0.00%, Mem 44.67MiB / 7.598GiB
baldia_mart_cache: CPU 9.48%, Mem 9.262MiB / 7.598GiB
agitated_gould: CPU 1.82%, Mem 20.16MiB / 7.598GiB
PG Connections: 86
Redis Commands: 124765
---
[2026-05-04T07:05:23.356Z] 
baldia_mart_api: CPU 2.00%, Mem 206.8MiB / 7.598GiB
baldia_mart_tunnel: CPU 0.42%, Mem 22.7MiB / 7.598GiB
baldia_mart_admin: CPU 0.00%, Mem 44.67MiB / 7.598GiB
baldia_mart_cache: CPU 0.58%, Mem 9.27MiB / 7.598GiB
agitated_gould: CPU 0.36%, Mem 20.15MiB / 7.598GiB
PG Connections: 86
Redis Commands: 126768
---
[2026-05-04T07:06:23.412Z] 
baldia_mart_api: CPU 2.19%, Mem 205.6MiB / 7.598GiB
baldia_mart_tunnel: CPU 0.34%, Mem 22.72MiB / 7.598GiB
baldia_mart_admin: CPU 0.00%, Mem 44.67MiB / 7.598GiB
baldia_mart_cache: CPU 0.64%, Mem 9.27MiB / 7.598GiB
agitated_gould: CPU 0.41%, Mem 20.05MiB / 7.598GiB
PG Connections: 86
Redis Commands: 128879
---
[2026-05-04T07:07:23.523Z] 
baldia_mart_api: CPU 2.12%, Mem 203.8MiB / 7.598GiB
baldia_mart_tunnel: CPU 0.68%, Mem 22.72MiB / 7.598GiB
baldia_mart_admin: CPU 0.00%, Mem 44.67MiB / 7.598GiB
baldia_mart_cache: CPU 0.63%, Mem 9.516MiB / 7.598GiB
agitated_gould: CPU 0.65%, Mem 20.06MiB / 7.598GiB
PG Connections: 86
Redis Commands: 130990
---
[2026-05-04T07:08:23.395Z] 
baldia_mart_api: CPU 3.36%, Mem 203.6MiB / 7.598GiB
baldia_mart_tunnel: CPU 0.39%, Mem 22.72MiB / 7.598GiB
baldia_mart_admin: CPU 0.00%, Mem 44.67MiB / 7.598GiB
baldia_mart_cache: CPU 0.72%, Mem 9.266MiB / 7.598GiB
agitated_gould: CPU 0.33%, Mem 20.06MiB / 7.598GiB
PG Connections: 86
Redis Commands: 133101
---
[2026-05-04T07:09:23.454Z] 
baldia_mart_api: CPU 16.35%, Mem 204.4MiB / 7.598GiB
baldia_mart_tunnel: CPU 0.39%, Mem 22.73MiB / 7.598GiB
baldia_mart_admin: CPU 0.00%, Mem 44.67MiB / 7.598GiB
baldia_mart_cache: CPU 0.59%, Mem 9.266MiB / 7.598GiB
agitated_gould: CPU 0.27%, Mem 20.07MiB / 7.598GiB
PG Connections: 86
Redis Commands: 135212
---
[2026-05-04T07:10:23.380Z] 
baldia_mart_api: CPU 2.98%, Mem 203.7MiB / 7.598GiB
baldia_mart_tunnel: CPU 0.30%, Mem 22.73MiB / 7.598GiB
baldia_mart_admin: CPU 0.00%, Mem 44.67MiB / 7.598GiB
baldia_mart_cache: CPU 0.54%, Mem 9.516MiB / 7.598GiB
agitated_gould: CPU 0.29%, Mem 20.07MiB / 7.598GiB
PG Connections: 86
Redis Commands: 137328
---
[2026-05-04T07:11:23.422Z] 
baldia_mart_api: CPU 12.05%, Mem 205.1MiB / 7.598GiB
baldia_mart_tunnel: CPU 1.15%, Mem 22.74MiB / 7.598GiB
baldia_mart_admin: CPU 0.00%, Mem 44.67MiB / 7.598GiB
baldia_mart_cache: CPU 0.61%, Mem 9.27MiB / 7.598GiB
agitated_gould: CPU 0.35%, Mem 20.07MiB / 7.598GiB
PG Connections: 86
Redis Commands: 139439
---
[2026-05-04T07:12:23.373Z] 
baldia_mart_api: CPU 1.58%, Mem 205.6MiB / 7.598GiB
baldia_mart_tunnel: CPU 0.31%, Mem 22.74MiB / 7.598GiB
baldia_mart_admin: CPU 0.00%, Mem 44.67MiB / 7.598GiB
baldia_mart_cache: CPU 0.57%, Mem 9.27MiB / 7.598GiB
agitated_gould: CPU 0.50%, Mem 20.07MiB / 7.598GiB
PG Connections: 86
Redis Commands: 141550
---
[2026-05-04T07:13:23.477Z] 
baldia_mart_api: CPU 0.25%, Mem 204.3MiB / 7.598GiB
baldia_mart_tunnel: CPU 0.38%, Mem 22.74MiB / 7.598GiB
baldia_mart_admin: CPU 0.00%, Mem 44.67MiB / 7.598GiB
baldia_mart_cache: CPU 0.61%, Mem 9.27MiB / 7.598GiB
agitated_gould: CPU 0.57%, Mem 20.07MiB / 7.598GiB
PG Connections: 86
Redis Commands: 143661
---
[2026-05-04T07:14:23.396Z] 
baldia_mart_api: CPU 1.98%, Mem 205.8MiB / 7.598GiB
baldia_mart_tunnel: CPU 0.45%, Mem 22.75MiB / 7.598GiB
baldia_mart_admin: CPU 0.00%, Mem 44.68MiB / 7.598GiB
baldia_mart_cache: CPU 0.90%, Mem 9.27MiB / 7.598GiB
agitated_gould: CPU 0.41%, Mem 20.07MiB / 7.598GiB
PG Connections: 86
Redis Commands: 145777
---
[2026-05-04T07:15:23.441Z] 
baldia_mart_api: CPU 0.00%, Mem 204.2MiB / 7.598GiB
baldia_mart_tunnel: CPU 0.62%, Mem 22.75MiB / 7.598GiB
baldia_mart_admin: CPU 0.00%, Mem 44.68MiB / 7.598GiB
baldia_mart_cache: CPU 1.39%, Mem 9.27MiB / 7.598GiB
agitated_gould: CPU 0.33%, Mem 20.07MiB / 7.598GiB
PG Connections: 86
Redis Commands: 147885
---
[2026-05-04T07:16:23.475Z] 
baldia_mart_api: CPU 17.86%, Mem 203.8MiB / 7.598GiB
baldia_mart_tunnel: CPU 0.36%, Mem 22.75MiB / 7.598GiB
baldia_mart_admin: CPU 0.00%, Mem 44.68MiB / 7.598GiB
baldia_mart_cache: CPU 1.27%, Mem 9.266MiB / 7.598GiB
agitated_gould: CPU 0.35%, Mem 20.07MiB / 7.598GiB
PG Connections: 86
Redis Commands: 149996
---
[2026-05-04T07:17:23.773Z] 
baldia_mart_api: CPU 0.00%, Mem 203.2MiB / 7.598GiB
baldia_mart_tunnel: CPU 0.49%, Mem 22.75MiB / 7.598GiB
baldia_mart_admin: CPU 0.00%, Mem 44.68MiB / 7.598GiB
baldia_mart_cache: CPU 1.44%, Mem 9.266MiB / 7.598GiB
agitated_gould: CPU 0.34%, Mem 20.07MiB / 7.598GiB
PG Connections: 86
Redis Commands: 152107
---
[2026-05-04T07:18:23.609Z] 
baldia_mart_api: CPU 2.47%, Mem 203.9MiB / 7.598GiB
baldia_mart_tunnel: CPU 0.43%, Mem 22.76MiB / 7.598GiB
baldia_mart_admin: CPU 0.00%, Mem 44.68MiB / 7.598GiB
baldia_mart_cache: CPU 1.34%, Mem 9.266MiB / 7.598GiB
agitated_gould: CPU 0.41%, Mem 20.08MiB / 7.598GiB
PG Connections: 86
Redis Commands: 154218
---
[2026-05-04T07:19:23.529Z] 
baldia_mart_api: CPU 7.71%, Mem 203.8MiB / 7.598GiB
baldia_mart_tunnel: CPU 0.58%, Mem 22.76MiB / 7.598GiB
baldia_mart_admin: CPU 0.00%, Mem 44.68MiB / 7.598GiB
baldia_mart_cache: CPU 1.14%, Mem 9.266MiB / 7.598GiB
agitated_gould: CPU 0.45%, Mem 20.08MiB / 7.598GiB
PG Connections: 86
Redis Commands: 156329
---
[2026-05-04T07:20:23.503Z] 
baldia_mart_api: CPU 3.00%, Mem 204.2MiB / 7.598GiB
baldia_mart_tunnel: CPU 0.64%, Mem 22.77MiB / 7.598GiB
baldia_mart_admin: CPU 0.00%, Mem 44.68MiB / 7.598GiB
baldia_mart_cache: CPU 1.58%, Mem 9.266MiB / 7.598GiB
agitated_gould: CPU 0.34%, Mem 20.09MiB / 7.598GiB
PG Connections: 86
Redis Commands: 158440
---
[2026-05-04T07:21:23.655Z] 
baldia_mart_api: CPU 12.44%, Mem 205.5MiB / 7.598GiB
baldia_mart_tunnel: CPU 0.55%, Mem 22.78MiB / 7.598GiB
baldia_mart_admin: CPU 0.00%, Mem 44.68MiB / 7.598GiB
baldia_mart_cache: CPU 0.58%, Mem 9.273MiB / 7.598GiB
agitated_gould: CPU 0.46%, Mem 20.08MiB / 7.598GiB
PG Connections: 86
Redis Commands: 160551
---
[2026-05-04T07:22:23.468Z] 
baldia_mart_api: CPU 0.13%, Mem 204.9MiB / 7.598GiB
baldia_mart_tunnel: CPU 0.52%, Mem 22.79MiB / 7.598GiB
baldia_mart_admin: CPU 0.00%, Mem 44.68MiB / 7.598GiB
baldia_mart_cache: CPU 0.53%, Mem 9.285MiB / 7.598GiB
agitated_gould: CPU 0.33%, Mem 20.08MiB / 7.598GiB
PG Connections: 86
Redis Commands: 162662
---
[2026-05-04T07:23:23.389Z] 
baldia_mart_api: CPU 2.89%, Mem 205MiB / 7.598GiB
baldia_mart_tunnel: CPU 0.39%, Mem 22.79MiB / 7.598GiB
baldia_mart_admin: CPU 0.00%, Mem 44.68MiB / 7.598GiB
baldia_mart_cache: CPU 0.51%, Mem 9.285MiB / 7.598GiB
agitated_gould: CPU 0.37%, Mem 20.08MiB / 7.598GiB
PG Connections: 86
Redis Commands: 164773
---
[2026-05-04T07:24:23.374Z] 
baldia_mart_api: CPU 2.82%, Mem 205.5MiB / 7.598GiB
baldia_mart_tunnel: CPU 0.31%, Mem 22.79MiB / 7.598GiB
baldia_mart_admin: CPU 0.00%, Mem 44.68MiB / 7.598GiB
baldia_mart_cache: CPU 0.55%, Mem 9.285MiB / 7.598GiB
agitated_gould: CPU 0.43%, Mem 20.03MiB / 7.598GiB
PG Connections: 86
Redis Commands: 166884
---
[2026-05-04T07:25:23.201Z] 
baldia_mart_api: CPU 1.10%, Mem 205.6MiB / 7.598GiB
baldia_mart_tunnel: CPU 0.30%, Mem 22.79MiB / 7.598GiB
baldia_mart_admin: CPU 0.00%, Mem 44.68MiB / 7.598GiB
baldia_mart_cache: CPU 0.46%, Mem 9.285MiB / 7.598GiB
agitated_gould: CPU 0.44%, Mem 20.02MiB / 7.598GiB
PG Connections: 86
Redis Commands: 168887
---
[2026-05-04T07:26:23.131Z] 
baldia_mart_api: CPU 5.22%, Mem 204.6MiB / 7.598GiB
baldia_mart_tunnel: CPU 0.36%, Mem 22.79MiB / 7.598GiB
baldia_mart_admin: CPU 0.00%, Mem 44.68MiB / 7.598GiB
baldia_mart_cache: CPU 0.51%, Mem 9.281MiB / 7.598GiB
agitated_gould: CPU 0.34%, Mem 20.02MiB / 7.598GiB
PG Connections: 86
Redis Commands: 170998
---
[2026-05-04T07:27:23.069Z] 
baldia_mart_api: CPU 6.00%, Mem 204.4MiB / 7.598GiB
baldia_mart_tunnel: CPU 0.27%, Mem 22.79MiB / 7.598GiB
baldia_mart_admin: CPU 0.00%, Mem 44.68MiB / 7.598GiB
baldia_mart_cache: CPU 0.61%, Mem 9.281MiB / 7.598GiB
agitated_gould: CPU 0.40%, Mem 20.02MiB / 7.598GiB
PG Connections: 86
Redis Commands: 173109
---
[2026-05-04T07:28:23.055Z] 
baldia_mart_api: CPU 5.01%, Mem 204.5MiB / 7.598GiB
baldia_mart_tunnel: CPU 0.25%, Mem 22.8MiB / 7.598GiB
baldia_mart_admin: CPU 0.00%, Mem 44.68MiB / 7.598GiB
baldia_mart_cache: CPU 0.45%, Mem 9.281MiB / 7.598GiB
agitated_gould: CPU 0.29%, Mem 20.02MiB / 7.598GiB
PG Connections: 86
Redis Commands: 175225
---
[2026-05-04T07:29:23.167Z] 
baldia_mart_api: CPU 14.09%, Mem 205.7MiB / 7.598GiB
baldia_mart_tunnel: CPU 0.42%, Mem 22.8MiB / 7.598GiB
baldia_mart_admin: CPU 0.00%, Mem 44.68MiB / 7.598GiB
baldia_mart_cache: CPU 0.50%, Mem 9.281MiB / 7.598GiB
agitated_gould: CPU 0.31%, Mem 20.02MiB / 7.598GiB
PG Connections: 86
Redis Commands: 177341
---
[2026-05-04T07:30:24.710Z] 
baldia_mart_api: CPU 17.74%, Mem 206.7MiB / 7.598GiB
baldia_mart_tunnel: CPU 0.87%, Mem 22.82MiB / 7.598GiB
baldia_mart_admin: CPU 0.00%, Mem 44.68MiB / 7.598GiB
baldia_mart_cache: CPU 1.08%, Mem 9.281MiB / 7.598GiB
agitated_gould: CPU 0.76%, Mem 20.03MiB / 7.598GiB
PG Connections: 86
Redis Commands: 179552
---
[2026-05-04T07:31:28.139Z] 
baldia_mart_api: CPU 28.60%, Mem 206.4MiB / 7.598GiB
baldia_mart_tunnel: CPU 0.64%, Mem 22.81MiB / 7.598GiB
baldia_mart_admin: CPU 0.00%, Mem 44.68MiB / 7.598GiB
baldia_mart_cache: CPU 0.99%, Mem 9.285MiB / 7.598GiB
agitated_gould: CPU 0.66%, Mem 20.28MiB / 7.598GiB
PG Connections: 86
Redis Commands: 181771
---
[2026-05-04T07:32:29.337Z] 
baldia_mart_api: CPU 46.75%, Mem 205.1MiB / 7.598GiB
baldia_mart_tunnel: CPU 3.18%, Mem 22.88MiB / 7.598GiB
baldia_mart_admin: CPU 0.00%, Mem 44.68MiB / 7.598GiB
baldia_mart_cache: CPU 3.98%, Mem 9.297MiB / 7.598GiB
agitated_gould: CPU 0.68%, Mem 20.02MiB / 7.598GiB
PG Connections: 86
Redis Commands: 183882
---
[2026-05-04T07:33:27.882Z] 
baldia_mart_api: CPU 33.52%, Mem 206.1MiB / 7.598GiB
baldia_mart_tunnel: CPU 0.54%, Mem 23.13MiB / 7.598GiB
baldia_mart_admin: CPU 0.00%, Mem 44.68MiB / 7.598GiB
baldia_mart_cache: CPU 3.01%, Mem 9.309MiB / 7.598GiB
agitated_gould: CPU 3.92%, Mem 20.02MiB / 7.598GiB
PG Connections: 86
Redis Commands: 185985
---
[2026-05-04T07:34:35.708Z] 
baldia_mart_api: CPU 48.06%, Mem 204.8MiB / 7.598GiB
baldia_mart_tunnel: CPU 0.85%, Mem 22.88MiB / 7.598GiB
baldia_mart_admin: CPU 0.00%, Mem 44.68MiB / 7.598GiB
baldia_mart_cache: CPU 1.83%, Mem 9.309MiB / 7.598GiB
agitated_gould: CPU 4.30%, Mem 20.02MiB / 7.598GiB
PG Connections: 86
Redis Commands: 188317
---
[2026-05-04T07:35:25.249Z] 
baldia_mart_api: CPU 46.04%, Mem 204.7MiB / 7.598GiB
baldia_mart_tunnel: CPU 0.71%, Mem 23.13MiB / 7.598GiB
baldia_mart_admin: CPU 0.00%, Mem 44.68MiB / 7.598GiB
baldia_mart_cache: CPU 2.67%, Mem 9.312MiB / 7.598GiB
agitated_gould: CPU 0.78%, Mem 20.27MiB / 7.598GiB
PG Connections: 86
Redis Commands: 190109
---
[2026-05-04T07:36:31.220Z] 
baldia_mart_api: CPU 5.31%, Mem 205.1MiB / 7.598GiB
baldia_mart_tunnel: CPU 0.56%, Mem 22.88MiB / 7.598GiB
baldia_mart_admin: CPU 0.00%, Mem 44.68MiB / 7.598GiB
baldia_mart_cache: CPU 3.57%, Mem 9.316MiB / 7.598GiB
agitated_gould: CPU 2.47%, Mem 20.03MiB / 7.598GiB
PG Connections: 86
Redis Commands: 192328
---
[2026-05-04T07:37:26.135Z] 
baldia_mart_api: CPU 9.71%, Mem 204.7MiB / 7.598GiB
baldia_mart_tunnel: CPU 3.92%, Mem 22.88MiB / 7.598GiB
baldia_mart_admin: CPU 0.00%, Mem 44.68MiB / 7.598GiB
baldia_mart_cache: CPU 1.27%, Mem 9.312MiB / 7.598GiB
agitated_gould: CPU 2.92%, Mem 20.03MiB / 7.598GiB
PG Connections: 86
Redis Commands: 194331
---
[2026-05-04T07:38:28.653Z] 
baldia_mart_api: CPU 1.83%, Mem 207.9MiB / 7.598GiB
baldia_mart_tunnel: CPU 0.53%, Mem 22.88MiB / 7.598GiB
baldia_mart_admin: CPU 0.00%, Mem 44.68MiB / 7.598GiB
baldia_mart_cache: CPU 1.55%, Mem 9.316MiB / 7.598GiB
agitated_gould: CPU 3.63%, Mem 20.04MiB / 7.598GiB
PG Connections: 86
Redis Commands: 196547
---
[2026-05-04T07:39:27.336Z] 
baldia_mart_api: CPU 20.28%, Mem 207.4MiB / 7.598GiB
baldia_mart_tunnel: CPU 0.78%, Mem 22.88MiB / 7.598GiB
baldia_mart_admin: CPU 0.00%, Mem 44.68MiB / 7.598GiB
baldia_mart_cache: CPU 2.13%, Mem 9.32MiB / 7.598GiB
agitated_gould: CPU 9.57%, Mem 20.04MiB / 7.598GiB
PG Connections: 86
Redis Commands: 198558
---
[2026-05-04T07:40:28.070Z] 
baldia_mart_api: CPU 45.56%, Mem 206.6MiB / 7.598GiB
baldia_mart_tunnel: CPU 0.86%, Mem 22.89MiB / 7.598GiB
baldia_mart_admin: CPU 0.00%, Mem 44.68MiB / 7.598GiB
baldia_mart_cache: CPU 4.77%, Mem 9.32MiB / 7.598GiB
agitated_gould: CPU 0.87%, Mem 20.04MiB / 7.598GiB
PG Connections: 86
Redis Commands: 200669
---
[2026-05-04T07:41:38.762Z] 
baldia_mart_api: CPU 802.80%, Mem 209.3MiB / 7.598GiB
baldia_mart_tunnel: CPU 2.22%, Mem 22.91MiB / 7.598GiB
baldia_mart_admin: CPU 0.00%, Mem 44.69MiB / 7.598GiB
baldia_mart_cache: CPU 1.84%, Mem 9.578MiB / 7.598GiB
agitated_gould: CPU 0.24%, Mem 20.04MiB / 7.598GiB
PG Connections: 86
Redis Commands: 203188
---
[2026-05-04T07:42:30.163Z] 
baldia_mart_api: CPU 5.10%, Mem 206.7MiB / 7.598GiB
baldia_mart_tunnel: CPU 2.55%, Mem 22.91MiB / 7.598GiB
baldia_mart_admin: CPU 0.00%, Mem 44.69MiB / 7.598GiB
baldia_mart_cache: CPU 3.10%, Mem 9.59MiB / 7.598GiB
agitated_gould: CPU 0.18%, Mem 20.04MiB / 7.598GiB
PG Connections: 86
Redis Commands: 204988
---
[2026-05-04T07:43:26.289Z] 
baldia_mart_api: CPU 27.50%, Mem 206.3MiB / 7.598GiB
baldia_mart_tunnel: CPU 0.52%, Mem 23.16MiB / 7.598GiB
baldia_mart_admin: CPU 0.00%, Mem 44.69MiB / 7.598GiB
baldia_mart_cache: CPU 1.24%, Mem 9.59MiB / 7.598GiB
agitated_gould: CPU 0.51%, Mem 20.04MiB / 7.598GiB
PG Connections: 86
Redis Commands: 206991
---
[2026-05-04T07:44:25.237Z] 
baldia_mart_api: CPU 41.14%, Mem 207.5MiB / 7.598GiB
baldia_mart_tunnel: CPU 9.76%, Mem 22.78MiB / 7.598GiB
baldia_mart_admin: CPU 0.00%, Mem 44.69MiB / 7.598GiB
baldia_mart_cache: CPU 7.34%, Mem 9.352MiB / 7.598GiB
agitated_gould: CPU 9.48%, Mem 19.98MiB / 7.598GiB
PG Connections: 86
Redis Commands: 209002
---
[2026-05-04T07:45:36.246Z] 
baldia_mart_api: CPU 58.81%, Mem 207.3MiB / 7.598GiB
baldia_mart_tunnel: CPU 0.64%, Mem 22.78MiB / 7.598GiB
baldia_mart_admin: CPU 0.00%, Mem 44.69MiB / 7.598GiB
baldia_mart_cache: CPU 2.36%, Mem 9.355MiB / 7.598GiB
agitated_gould: CPU 0.41%, Mem 19.98MiB / 7.598GiB
PG Connections: 86
Redis Commands: 211526
---
[2026-05-04T07:46:41.529Z] 
baldia_mart_api: CPU 93.33%, Mem 207.9MiB / 7.598GiB
baldia_mart_tunnel: CPU 0.20%, Mem 22.8MiB / 7.598GiB
baldia_mart_admin: CPU 0.00%, Mem 44.69MiB / 7.598GiB
baldia_mart_cache: CPU 2.64%, Mem 9.609MiB / 7.598GiB
agitated_gould: CPU 0.41%, Mem 19.98MiB / 7.598GiB
PG Connections: 86
Redis Commands: 213774
---
[2026-05-04T07:47:33.130Z] 
baldia_mart_api: CPU 6.08%, Mem 206.2MiB / 7.598GiB
baldia_mart_tunnel: CPU 0.72%, Mem 22.8MiB / 7.598GiB
baldia_mart_admin: CPU 0.00%, Mem 44.69MiB / 7.598GiB
baldia_mart_cache: CPU 1.07%, Mem 9.457MiB / 7.598GiB
agitated_gould: CPU 0.60%, Mem 19.98MiB / 7.598GiB
PG Connections: 86
Redis Commands: 215637
---
[2026-05-04T07:48:24.912Z] 
baldia_mart_api: CPU 0.65%, Mem 207.6MiB / 7.598GiB
baldia_mart_tunnel: CPU 0.43%, Mem 23.01MiB / 7.598GiB
baldia_mart_admin: CPU 0.00%, Mem 44.69MiB / 7.598GiB
baldia_mart_cache: CPU 0.97%, Mem 9.469MiB / 7.598GiB
agitated_gould: CPU 0.94%, Mem 20.2MiB / 7.598GiB
PG Connections: 86
Redis Commands: 217445
---
[2026-05-04T07:49:23.958Z] 
baldia_mart_api: CPU 0.00%, Mem 207.6MiB / 7.598GiB
baldia_mart_tunnel: CPU 0.33%, Mem 23.52MiB / 7.598GiB
baldia_mart_admin: CPU 0.00%, Mem 44.69MiB / 7.598GiB
baldia_mart_cache: CPU 0.44%, Mem 9.473MiB / 7.598GiB
agitated_gould: CPU 0.60%, Mem 20.25MiB / 7.598GiB
PG Connections: 86
Redis Commands: 219546
---
[2026-05-04T07:50:23.435Z] 
baldia_mart_api: CPU 0.00%, Mem 206.6MiB / 7.598GiB
baldia_mart_tunnel: CPU 0.29%, Mem 22.87MiB / 7.598GiB
baldia_mart_admin: CPU 0.00%, Mem 44.69MiB / 7.598GiB
baldia_mart_cache: CPU 0.55%, Mem 9.469MiB / 7.598GiB
agitated_gould: CPU 0.47%, Mem 20.57MiB / 7.598GiB
PG Connections: 86
Redis Commands: 221557
---
[2026-05-04T07:51:23.253Z] 
baldia_mart_api: CPU 14.54%, Mem 205.9MiB / 7.598GiB
baldia_mart_tunnel: CPU 0.32%, Mem 23.12MiB / 7.598GiB
baldia_mart_admin: CPU 0.00%, Mem 44.69MiB / 7.598GiB
baldia_mart_cache: CPU 0.49%, Mem 9.469MiB / 7.598GiB
agitated_gould: CPU 0.43%, Mem 20.33MiB / 7.598GiB
PG Connections: 86
Redis Commands: 223668
---
[2026-05-04T07:52:24.062Z] 
baldia_mart_api: CPU 0.01%, Mem 205.9MiB / 7.598GiB
baldia_mart_tunnel: CPU 0.87%, Mem 22.93MiB / 7.598GiB
baldia_mart_admin: CPU 0.00%, Mem 44.69MiB / 7.598GiB
baldia_mart_cache: CPU 0.81%, Mem 9.469MiB / 7.598GiB
agitated_gould: CPU 4.50%, Mem 19.96MiB / 7.598GiB
PG Connections: 86
Redis Commands: 225779
---
[2026-05-04T07:53:27.342Z] 
baldia_mart_api: CPU 38.59%, Mem 205.8MiB / 7.598GiB
baldia_mart_tunnel: CPU 3.70%, Mem 22.95MiB / 7.598GiB
baldia_mart_admin: CPU 0.00%, Mem 44.69MiB / 7.598GiB
baldia_mart_cache: CPU 3.37%, Mem 9.473MiB / 7.598GiB
agitated_gould: CPU 1.06%, Mem 19.97MiB / 7.598GiB
PG Connections: 86
Redis Commands: 227992
---
[2026-05-04T07:54:26.004Z] 
baldia_mart_api: CPU 11.91%, Mem 207.1MiB / 7.598GiB
baldia_mart_tunnel: CPU 1.62%, Mem 23MiB / 7.598GiB
baldia_mart_admin: CPU 0.00%, Mem 44.7MiB / 7.598GiB
baldia_mart_cache: CPU 1.01%, Mem 9.473MiB / 7.598GiB
agitated_gould: CPU 0.83%, Mem 20.21MiB / 7.598GiB
PG Connections: 86
Redis Commands: 230108
---
[2026-05-04T07:55:31.263Z] 
baldia_mart_api: CPU 44.28%, Mem 206.4MiB / 7.598GiB
baldia_mart_tunnel: CPU 0.63%, Mem 23.09MiB / 7.598GiB
baldia_mart_admin: CPU 0.00%, Mem 44.7MiB / 7.598GiB
baldia_mart_cache: CPU 3.00%, Mem 9.473MiB / 7.598GiB
agitated_gould: CPU 1.00%, Mem 20.08MiB / 7.598GiB
PG Connections: 86
Redis Commands: 232332
---
[2026-05-04T07:56:33.879Z] 
baldia_mart_api: CPU 21.73%, Mem 207.2MiB / 7.598GiB
baldia_mart_tunnel: CPU 0.67%, Mem 23.4MiB / 7.598GiB
baldia_mart_admin: CPU 0.00%, Mem 44.7MiB / 7.598GiB
baldia_mart_cache: CPU 2.61%, Mem 9.477MiB / 7.598GiB
agitated_gould: CPU 0.38%, Mem 20.17MiB / 7.598GiB
PG Connections: 86
Redis Commands: 234548
---
[2026-05-04T07:57:23.311Z] 
baldia_mart_api: CPU 25.14%, Mem 206.9MiB / 7.598GiB
baldia_mart_tunnel: CPU 0.33%, Mem 23.16MiB / 7.598GiB
baldia_mart_admin: CPU 0.00%, Mem 44.7MiB / 7.598GiB
baldia_mart_cache: CPU 2.02%, Mem 9.477MiB / 7.598GiB
agitated_gould: CPU 0.36%, Mem 20.18MiB / 7.598GiB
PG Connections: 86
Redis Commands: 236336
---
[2026-05-04T07:58:25.762Z] 
baldia_mart_api: CPU 0.02%, Mem 207.5MiB / 7.598GiB
baldia_mart_tunnel: CPU 0.41%, Mem 22.96MiB / 7.598GiB
baldia_mart_admin: CPU 0.00%, Mem 44.7MiB / 7.598GiB
baldia_mart_cache: CPU 2.42%, Mem 9.48MiB / 7.598GiB
agitated_gould: CPU 3.06%, Mem 20.07MiB / 7.598GiB
PG Connections: 86
Redis Commands: 238559
---
[2026-05-04T07:59:23.605Z] 
baldia_mart_api: CPU 10.40%, Mem 207.8MiB / 7.598GiB
baldia_mart_tunnel: CPU 0.24%, Mem 22.96MiB / 7.598GiB
baldia_mart_admin: CPU 0.00%, Mem 44.7MiB / 7.598GiB
baldia_mart_cache: CPU 1.06%, Mem 9.492MiB / 7.598GiB
agitated_gould: CPU 0.39%, Mem 20.11MiB / 7.598GiB
PG Connections: 86
Redis Commands: 240560
---
[2026-05-04T08:00:22.933Z] 
baldia_mart_api: CPU 0.01%, Mem 207.2MiB / 7.598GiB
baldia_mart_tunnel: CPU 27.14%, Mem 22.96MiB / 7.598GiB
baldia_mart_admin: CPU 0.00%, Mem 44.7MiB / 7.598GiB
baldia_mart_cache: CPU 0.50%, Mem 9.488MiB / 7.598GiB
agitated_gould: CPU 0.38%, Mem 20.16MiB / 7.598GiB
PG Connections: 86
Redis Commands: 242671
---
[2026-05-04T08:01:23.590Z] 
baldia_mart_api: CPU 0.92%, Mem 207.1MiB / 7.598GiB
baldia_mart_tunnel: CPU 0.35%, Mem 22.96MiB / 7.598GiB
baldia_mart_admin: CPU 0.00%, Mem 44.7MiB / 7.598GiB
baldia_mart_cache: CPU 0.55%, Mem 9.492MiB / 7.598GiB
agitated_gould: CPU 0.33%, Mem 20.18MiB / 7.598GiB
PG Connections: 86
Redis Commands: 244782
---
[2026-05-04T08:02:23.305Z] 
baldia_mart_api: CPU 0.13%, Mem 205.3MiB / 7.598GiB
baldia_mart_tunnel: CPU 44.19%, Mem 22.97MiB / 7.598GiB
baldia_mart_admin: CPU 0.00%, Mem 44.7MiB / 7.598GiB
baldia_mart_cache: CPU 0.73%, Mem 9.492MiB / 7.598GiB
agitated_gould: CPU 0.34%, Mem 20.18MiB / 7.598GiB
PG Connections: 86
Redis Commands: 246898
---
[2026-05-04T08:03:24.299Z] 
baldia_mart_api: CPU 0.00%, Mem 205.6MiB / 7.598GiB
baldia_mart_tunnel: CPU 0.51%, Mem 22.96MiB / 7.598GiB
baldia_mart_admin: CPU 0.00%, Mem 44.7MiB / 7.598GiB
baldia_mart_cache: CPU 0.64%, Mem 9.492MiB / 7.598GiB
agitated_gould: CPU 0.65%, Mem 20.19MiB / 7.598GiB
PG Connections: 86
Redis Commands: 249009
---
[2026-05-04T08:04:23.951Z] 
baldia_mart_api: CPU 0.18%, Mem 206.5MiB / 7.598GiB
baldia_mart_tunnel: CPU 47.31%, Mem 23.48MiB / 7.598GiB
baldia_mart_admin: CPU 0.00%, Mem 44.7MiB / 7.598GiB
baldia_mart_cache: CPU 0.66%, Mem 9.742MiB / 7.598GiB
agitated_gould: CPU 0.50%, Mem 20.44MiB / 7.598GiB
PG Connections: 86
Redis Commands: 251125
---
[2026-05-04T08:05:26.006Z] 
baldia_mart_api: CPU 0.00%, Mem 206MiB / 7.598GiB
baldia_mart_tunnel: CPU 0.48%, Mem 23.17MiB / 7.598GiB
baldia_mart_admin: CPU 0.00%, Mem 44.7MiB / 7.598GiB
baldia_mart_cache: CPU 0.86%, Mem 9.492MiB / 7.598GiB
agitated_gould: CPU 0.66%, Mem 21.47MiB / 7.598GiB
PG Connections: 86
Redis Commands: 253243
---
[2026-05-04T08:06:36.043Z] 
baldia_mart_api: CPU 0.00%, Mem 207.6MiB / 7.598GiB
baldia_mart_tunnel: CPU 0.12%, Mem 23.47MiB / 7.598GiB
baldia_mart_admin: CPU 0.00%, Mem 44.7MiB / 7.598GiB
baldia_mart_cache: CPU 0.71%, Mem 9.523MiB / 7.598GiB
agitated_gould: CPU 0.03%, Mem 20.81MiB / 7.598GiB
PG Connections: 86
Redis Commands: 255767
---
[2026-05-04T08:07:24.611Z] 
baldia_mart_api: CPU 0.00%, Mem 206.1MiB / 7.598GiB
baldia_mart_tunnel: CPU 1.61%, Mem 23.48MiB / 7.598GiB
baldia_mart_admin: CPU 0.00%, Mem 44.7MiB / 7.598GiB
baldia_mart_cache: CPU 0.61%, Mem 9.523MiB / 7.598GiB
agitated_gould: CPU 0.39%, Mem 20.81MiB / 7.598GiB
PG Connections: 86
Redis Commands: 257447
---
[2026-05-04T08:08:23.755Z] 
baldia_mart_api: CPU 1.32%, Mem 206.5MiB / 7.598GiB
baldia_mart_tunnel: CPU 0.35%, Mem 23.48MiB / 7.598GiB
baldia_mart_admin: CPU 0.00%, Mem 44.7MiB / 7.598GiB
baldia_mart_cache: CPU 0.53%, Mem 9.496MiB / 7.598GiB
agitated_gould: CPU 0.28%, Mem 20.5MiB / 7.598GiB
PG Connections: 86
Redis Commands: 259463
---
[2026-05-04T08:09:24.086Z] 
baldia_mart_api: CPU 18.91%, Mem 207.3MiB / 7.598GiB
baldia_mart_tunnel: CPU 0.39%, Mem 23.2MiB / 7.598GiB
baldia_mart_admin: CPU 0.00%, Mem 44.7MiB / 7.598GiB
baldia_mart_cache: CPU 0.56%, Mem 9.492MiB / 7.598GiB
agitated_gould: CPU 0.29%, Mem 20.5MiB / 7.598GiB
PG Connections: 86
Redis Commands: 261579
---
[2026-05-04T08:10:23.693Z] 
baldia_mart_api: CPU 18.55%, Mem 205.7MiB / 7.598GiB
baldia_mart_tunnel: CPU 0.21%, Mem 23.2MiB / 7.598GiB
baldia_mart_admin: CPU 0.00%, Mem 44.7MiB / 7.598GiB
baldia_mart_cache: CPU 0.57%, Mem 9.504MiB / 7.598GiB
agitated_gould: CPU 0.34%, Mem 20.21MiB / 7.598GiB
PG Connections: 86
Redis Commands: 263695
---
[2026-05-04T08:11:23.192Z] 
baldia_mart_api: CPU 5.36%, Mem 205.8MiB / 7.598GiB
baldia_mart_tunnel: CPU 0.35%, Mem 23.18MiB / 7.598GiB
baldia_mart_admin: CPU 0.00%, Mem 44.7MiB / 7.598GiB
baldia_mart_cache: CPU 0.47%, Mem 9.496MiB / 7.598GiB
agitated_gould: CPU 0.49%, Mem 20.47MiB / 7.598GiB
PG Connections: 86
Redis Commands: 265798
---
[2026-05-04T08:12:23.287Z] 
baldia_mart_api: CPU 4.94%, Mem 205.9MiB / 7.598GiB
baldia_mart_tunnel: CPU 0.30%, Mem 23.18MiB / 7.598GiB
baldia_mart_admin: CPU 0.00%, Mem 44.7MiB / 7.598GiB
baldia_mart_cache: CPU 0.50%, Mem 9.492MiB / 7.598GiB
agitated_gould: CPU 0.42%, Mem 20.26MiB / 7.598GiB
PG Connections: 86
Redis Commands: 267909
---
[2026-05-04T08:13:23.206Z] 
baldia_mart_api: CPU 9.64%, Mem 207.3MiB / 7.598GiB
baldia_mart_tunnel: CPU 0.31%, Mem 23.2MiB / 7.598GiB
baldia_mart_admin: CPU 0.00%, Mem 44.7MiB / 7.598GiB
baldia_mart_cache: CPU 0.43%, Mem 9.742MiB / 7.598GiB
agitated_gould: CPU 0.35%, Mem 20.27MiB / 7.598GiB
PG Connections: 86
Redis Commands: 270020
---
[2026-05-04T08:14:24.032Z] 
baldia_mart_api: CPU 13.52%, Mem 205.2MiB / 7.598GiB
baldia_mart_tunnel: CPU 0.63%, Mem 23.21MiB / 7.598GiB
baldia_mart_admin: CPU 0.00%, Mem 44.71MiB / 7.598GiB
baldia_mart_cache: CPU 0.72%, Mem 9.492MiB / 7.598GiB
agitated_gould: CPU 0.78%, Mem 20.29MiB / 7.598GiB
PG Connections: 86
Redis Commands: 272131
---
[2026-05-04T08:15:23.802Z] 
baldia_mart_api: CPU 9.81%, Mem 205.9MiB / 7.598GiB
baldia_mart_tunnel: CPU 0.28%, Mem 23.12MiB / 7.598GiB
baldia_mart_admin: CPU 0.00%, Mem 44.71MiB / 7.598GiB
baldia_mart_cache: CPU 0.84%, Mem 9.742MiB / 7.598GiB
agitated_gould: CPU 0.46%, Mem 20.55MiB / 7.598GiB
PG Connections: 86
Redis Commands: 274242
---
[2026-05-04T08:16:25.542Z] 
baldia_mart_api: CPU 0.00%, Mem 205.4MiB / 7.598GiB
baldia_mart_tunnel: CPU 1.96%, Mem 23.39MiB / 7.598GiB
baldia_mart_admin: CPU 0.00%, Mem 44.71MiB / 7.598GiB
baldia_mart_cache: CPU 1.80%, Mem 9.492MiB / 7.598GiB
agitated_gould: CPU 0.89%, Mem 20.32MiB / 7.598GiB
PG Connections: 86
Redis Commands: 276458
---
[2026-05-04T08:17:34.758Z] 
baldia_mart_api: CPU 8.03%, Mem 205.1MiB / 7.598GiB
baldia_mart_tunnel: CPU 1.94%, Mem 23.14MiB / 7.598GiB
baldia_mart_admin: CPU 0.00%, Mem 44.71MiB / 7.598GiB
baldia_mart_cache: CPU 1.58%, Mem 9.492MiB / 7.598GiB
agitated_gould: CPU 1.61%, Mem 20.32MiB / 7.598GiB
PG Connections: 86
Redis Commands: 278787
---
[2026-05-04T08:18:24.526Z] 
baldia_mart_api: CPU 31.42%, Mem 207.9MiB / 7.598GiB
baldia_mart_tunnel: CPU 0.85%, Mem 23.14MiB / 7.598GiB
baldia_mart_admin: CPU 0.00%, Mem 44.71MiB / 7.598GiB
baldia_mart_cache: CPU 3.52%, Mem 9.742MiB / 7.598GiB
agitated_gould: CPU 0.68%, Mem 20.32MiB / 7.598GiB
PG Connections: 86
Redis Commands: 280580
---
[2026-05-04T08:19:24.734Z] 
baldia_mart_api: CPU 4.50%, Mem 207MiB / 7.598GiB
baldia_mart_tunnel: CPU 0.57%, Mem 23.18MiB / 7.598GiB
baldia_mart_admin: CPU 0.00%, Mem 44.71MiB / 7.598GiB
baldia_mart_cache: CPU 2.32%, Mem 9.496MiB / 7.598GiB
agitated_gould: CPU 0.91%, Mem 20.33MiB / 7.598GiB
PG Connections: 86
Redis Commands: 282691
---
[2026-05-04T08:20:24.667Z] 
baldia_mart_api: CPU 39.51%, Mem 207.9MiB / 7.598GiB
baldia_mart_tunnel: CPU 1.09%, Mem 23.19MiB / 7.598GiB
baldia_mart_admin: CPU 0.00%, Mem 44.71MiB / 7.598GiB
baldia_mart_cache: CPU 2.95%, Mem 9.492MiB / 7.598GiB
agitated_gould: CPU 1.18%, Mem 20.34MiB / 7.598GiB
PG Connections: 86
Redis Commands: 284794
---
[2026-05-04T08:21:25.991Z] 
baldia_mart_api: CPU 0.52%, Mem 207MiB / 7.598GiB
baldia_mart_tunnel: CPU 0.88%, Mem 23.19MiB / 7.598GiB
baldia_mart_admin: CPU 0.00%, Mem 44.71MiB / 7.598GiB
baldia_mart_cache: CPU 3.03%, Mem 9.488MiB / 7.598GiB
agitated_gould: CPU 0.88%, Mem 20.34MiB / 7.598GiB
PG Connections: 86
Redis Commands: 286923
---
[2026-05-04T08:22:23.841Z] 
baldia_mart_api: CPU 23.49%, Mem 207.3MiB / 7.598GiB
baldia_mart_tunnel: CPU 0.98%, Mem 23.19MiB / 7.598GiB
baldia_mart_admin: CPU 0.00%, Mem 44.71MiB / 7.598GiB
baldia_mart_cache: CPU 2.63%, Mem 9.746MiB / 7.598GiB
agitated_gould: CPU 1.20%, Mem 20.36MiB / 7.598GiB
PG Connections: 86
Redis Commands: 289026
---
[2026-05-04T08:23:24.167Z] 
baldia_mart_api: CPU 16.11%, Mem 206.3MiB / 7.598GiB
baldia_mart_tunnel: CPU 0.79%, Mem 23.19MiB / 7.598GiB
baldia_mart_admin: CPU 0.00%, Mem 44.71MiB / 7.598GiB
baldia_mart_cache: CPU 1.75%, Mem 9.496MiB / 7.598GiB
agitated_gould: CPU 0.67%, Mem 20.37MiB / 7.598GiB
PG Connections: 86
Redis Commands: 291137
---
[2026-05-04T08:24:24.739Z] 
baldia_mart_api: CPU 3.41%, Mem 206.2MiB / 7.598GiB
baldia_mart_tunnel: CPU 0.96%, Mem 23.19MiB / 7.598GiB
baldia_mart_admin: CPU 0.00%, Mem 44.71MiB / 7.598GiB
baldia_mart_cache: CPU 1.46%, Mem 9.492MiB / 7.598GiB
agitated_gould: CPU 1.45%, Mem 20.63MiB / 7.598GiB
PG Connections: 86
Redis Commands: 293253
---
[2026-05-04T08:25:37.644Z] 
baldia_mart_api: CPU 43.33%, Mem 207.8MiB / 7.598GiB
baldia_mart_tunnel: CPU 7.72%, Mem 23.2MiB / 7.598GiB
baldia_mart_admin: CPU 0.00%, Mem 44.71MiB / 7.598GiB
baldia_mart_cache: CPU 5.00%, Mem 9.5MiB / 7.598GiB
agitated_gould: CPU 4.14%, Mem 20.88MiB / 7.598GiB
PG Connections: 86
Redis Commands: 295792
---
[2026-05-04T08:31:49.892Z] 
baldia_mart_api: CPU 224.17%, Mem 195.7MiB / 7.598GiB
baldia_mart_tunnel: CPU 93.22%, Mem 23.7MiB / 7.598GiB
baldia_mart_admin: CPU 0.00%, Mem 44.71MiB / 7.598GiB
baldia_mart_cache: CPU 4.67%, Mem 9.746MiB / 7.598GiB
agitated_gould: CPU 0.46%, Mem 20.49MiB / 7.598GiB
PG Connections: 58
Redis Commands: 296253
---
[2026-05-04T08:32:25.775Z] 
baldia_mart_api: CPU 15.39%, Mem 241.5MiB / 7.598GiB
baldia_mart_tunnel: CPU 0.51%, Mem 23.76MiB / 7.598GiB
baldia_mart_admin: CPU 0.00%, Mem 44.71MiB / 7.598GiB
baldia_mart_cache: CPU 2.88%, Mem 9.535MiB / 7.598GiB
agitated_gould: CPU 0.57%, Mem 20.57MiB / 7.598GiB
PG Connections: 86
Redis Commands: 298566
---
[2026-05-04T08:33:26.533Z] 
baldia_mart_api: CPU 23.26%, Mem 232.8MiB / 7.598GiB
baldia_mart_tunnel: CPU 0.56%, Mem 23.77MiB / 7.598GiB
baldia_mart_admin: CPU 0.00%, Mem 44.71MiB / 7.598GiB
baldia_mart_cache: CPU 2.70%, Mem 9.539MiB / 7.598GiB
agitated_gould: CPU 0.50%, Mem 20.59MiB / 7.598GiB
PG Connections: 86
Redis Commands: 300677
---
[2026-05-04T08:34:25.973Z] 
baldia_mart_api: CPU 4.28%, Mem 218.9MiB / 7.598GiB
baldia_mart_tunnel: CPU 0.46%, Mem 23.33MiB / 7.598GiB
baldia_mart_admin: CPU 0.00%, Mem 44.71MiB / 7.598GiB
baldia_mart_cache: CPU 2.45%, Mem 9.531MiB / 7.598GiB
agitated_gould: CPU 0.75%, Mem 20.64MiB / 7.598GiB
PG Connections: 86
Redis Commands: 302788
---
[2026-05-04T08:35:26.146Z] 
baldia_mart_api: CPU 0.00%, Mem 217.1MiB / 7.598GiB
baldia_mart_tunnel: CPU 1.04%, Mem 23.33MiB / 7.598GiB
baldia_mart_admin: CPU 0.00%, Mem 44.71MiB / 7.598GiB
baldia_mart_cache: CPU 1.27%, Mem 9.758MiB / 7.598GiB
agitated_gould: CPU 0.97%, Mem 20.95MiB / 7.598GiB
PG Connections: 86
Redis Commands: 304896
---
[2026-05-04T08:36:26.556Z] 
baldia_mart_api: CPU 26.64%, Mem 218MiB / 7.598GiB
baldia_mart_tunnel: CPU 0.77%, Mem 23.39MiB / 7.598GiB
baldia_mart_admin: CPU 0.00%, Mem 44.71MiB / 7.598GiB
baldia_mart_cache: CPU 2.45%, Mem 9.75MiB / 7.598GiB
agitated_gould: CPU 1.04%, Mem 20.41MiB / 7.598GiB
PG Connections: 86
Redis Commands: 307007
---
[2026-05-04T08:37:26.100Z] 
baldia_mart_api: CPU 0.00%, Mem 215.9MiB / 7.598GiB
baldia_mart_tunnel: CPU 0.80%, Mem 23.45MiB / 7.598GiB
baldia_mart_admin: CPU 0.00%, Mem 44.71MiB / 7.598GiB
baldia_mart_cache: CPU 1.17%, Mem 9.754MiB / 7.598GiB
agitated_gould: CPU 1.98%, Mem 20.68MiB / 7.598GiB
PG Connections: 86
Redis Commands: 309115
---
[2026-05-04T08:38:25.481Z] 
baldia_mart_api: CPU 4.45%, Mem 216.5MiB / 7.598GiB
baldia_mart_tunnel: CPU 0.69%, Mem 23.46MiB / 7.598GiB
baldia_mart_admin: CPU 0.00%, Mem 44.71MiB / 7.598GiB
baldia_mart_cache: CPU 1.38%, Mem 9.504MiB / 7.598GiB
agitated_gould: CPU 0.77%, Mem 20.28MiB / 7.598GiB
PG Connections: 86
Redis Commands: 311126
---
[2026-05-04T08:39:25.442Z] 
baldia_mart_api: CPU 4.15%, Mem 216.3MiB / 7.598GiB
baldia_mart_tunnel: CPU 0.55%, Mem 23.46MiB / 7.598GiB
baldia_mart_admin: CPU 0.00%, Mem 44.71MiB / 7.598GiB
baldia_mart_cache: CPU 1.26%, Mem 9.504MiB / 7.598GiB
agitated_gould: CPU 0.56%, Mem 20.3MiB / 7.598GiB
PG Connections: 86
Redis Commands: 313237
---
[2026-05-04T08:40:25.250Z] 
baldia_mart_api: CPU 4.44%, Mem 215.4MiB / 7.598GiB
baldia_mart_tunnel: CPU 0.79%, Mem 23.17MiB / 7.598GiB
baldia_mart_admin: CPU 0.00%, Mem 44.72MiB / 7.598GiB
baldia_mart_cache: CPU 1.26%, Mem 9.504MiB / 7.598GiB
agitated_gould: CPU 0.43%, Mem 20.19MiB / 7.598GiB
PG Connections: 86
Redis Commands: 315348
---
[2026-05-04T08:41:28.777Z] 
baldia_mart_api: CPU 2.09%, Mem 214.8MiB / 7.598GiB
baldia_mart_tunnel: CPU 2.30%, Mem 23.17MiB / 7.598GiB
baldia_mart_admin: CPU 0.00%, Mem 44.72MiB / 7.598GiB
baldia_mart_cache: CPU 1.90%, Mem 9.504MiB / 7.598GiB
agitated_gould: CPU 1.27%, Mem 20.19MiB / 7.598GiB
PG Connections: 86
Redis Commands: 317559
---
[2026-05-04T08:42:28.243Z] 
baldia_mart_api: CPU 6.19%, Mem 215.1MiB / 7.598GiB
baldia_mart_tunnel: CPU 1.39%, Mem 23.25MiB / 7.598GiB
baldia_mart_admin: CPU 0.00%, Mem 44.72MiB / 7.598GiB
baldia_mart_cache: CPU 1.90%, Mem 9.508MiB / 7.598GiB
agitated_gould: CPU 0.77%, Mem 20.2MiB / 7.598GiB
PG Connections: 86
Redis Commands: 319670
---
[2026-05-04T08:43:34.839Z] 
baldia_mart_api: CPU 18.83%, Mem 214.8MiB / 7.598GiB
baldia_mart_tunnel: CPU 0.53%, Mem 23.39MiB / 7.598GiB
baldia_mart_admin: CPU 0.00%, Mem 44.72MiB / 7.598GiB
baldia_mart_cache: CPU 1.23%, Mem 9.758MiB / 7.598GiB
agitated_gould: CPU 50.26%, Mem 20.36MiB / 7.598GiB
PG Connections: 86
Redis Commands: 321989
---
[2026-05-04T08:44:26.519Z] 
baldia_mart_api: CPU 17.04%, Mem 215.3MiB / 7.598GiB
baldia_mart_tunnel: CPU 0.86%, Mem 23.48MiB / 7.598GiB
baldia_mart_admin: CPU 0.00%, Mem 44.72MiB / 7.598GiB
baldia_mart_cache: CPU 1.21%, Mem 9.508MiB / 7.598GiB
agitated_gould: CPU 0.76%, Mem 20.38MiB / 7.598GiB
PG Connections: 86
Redis Commands: 323784
---
[2026-05-04T08:45:26.038Z] 
baldia_mart_api: CPU 3.78%, Mem 213.8MiB / 7.598GiB
baldia_mart_tunnel: CPU 1.03%, Mem 23.49MiB / 7.598GiB
baldia_mart_admin: CPU 0.00%, Mem 44.72MiB / 7.598GiB
baldia_mart_cache: CPU 1.18%, Mem 9.758MiB / 7.598GiB
agitated_gould: CPU 0.53%, Mem 20.38MiB / 7.598GiB
PG Connections: 86
Redis Commands: 325895
---
[2026-05-04T08:46:42.529Z] 
baldia_mart_api: CPU 3.26%, Mem 214.3MiB / 7.598GiB
baldia_mart_tunnel: CPU 0.24%, Mem 23.23MiB / 7.598GiB
baldia_mart_admin: CPU 0.00%, Mem 44.72MiB / 7.598GiB
baldia_mart_cache: CPU 1.25%, Mem 9.758MiB / 7.598GiB
agitated_gould: CPU 0.15%, Mem 20.21MiB / 7.598GiB
PG Connections: 86
Redis Commands: 328629
---
[2026-05-04T08:47:27.734Z] 
baldia_mart_api: CPU 15.43%, Mem 215MiB / 7.598GiB
baldia_mart_tunnel: CPU 8.32%, Mem 23.23MiB / 7.598GiB
baldia_mart_admin: CPU 0.00%, Mem 44.72MiB / 7.598GiB
baldia_mart_cache: CPU 21.55%, Mem 9.66MiB / 7.598GiB
agitated_gould: CPU 1.23%, Mem 20.24MiB / 7.598GiB
PG Connections: 86
Redis Commands: 330214
---
[2026-05-04T08:48:26.535Z] 
baldia_mart_api: CPU 32.99%, Mem 215.2MiB / 7.598GiB
baldia_mart_tunnel: CPU 0.60%, Mem 23.29MiB / 7.598GiB
baldia_mart_admin: CPU 0.00%, Mem 44.72MiB / 7.598GiB
baldia_mart_cache: CPU 1.50%, Mem 9.508MiB / 7.598GiB
agitated_gould: CPU 0.82%, Mem 20.29MiB / 7.598GiB
PG Connections: 86
Redis Commands: 332225
---
[2026-05-04T08:49:26.262Z] 
baldia_mart_api: CPU 21.17%, Mem 214.6MiB / 7.598GiB
baldia_mart_tunnel: CPU 0.77%, Mem 23.54MiB / 7.598GiB
baldia_mart_admin: CPU 0.00%, Mem 44.72MiB / 7.598GiB
baldia_mart_cache: CPU 2.22%, Mem 9.512MiB / 7.598GiB
agitated_gould: CPU 0.66%, Mem 20.53MiB / 7.598GiB
PG Connections: 86
Redis Commands: 334333
---
[2026-05-04T08:50:26.600Z] 
baldia_mart_api: CPU 12.60%, Mem 214MiB / 7.598GiB
baldia_mart_tunnel: CPU 0.93%, Mem 23.17MiB / 7.598GiB
baldia_mart_admin: CPU 0.00%, Mem 44.72MiB / 7.598GiB
baldia_mart_cache: CPU 2.60%, Mem 9.512MiB / 7.598GiB
agitated_gould: CPU 0.94%, Mem 20.29MiB / 7.598GiB
PG Connections: 86
Redis Commands: 336449
---
[2026-05-04T08:51:26.114Z] 
baldia_mart_api: CPU 28.95%, Mem 216.1MiB / 7.598GiB
baldia_mart_tunnel: CPU 0.73%, Mem 23.17MiB / 7.598GiB
baldia_mart_admin: CPU 0.00%, Mem 44.72MiB / 7.598GiB
baldia_mart_cache: CPU 3.29%, Mem 9.508MiB / 7.598GiB
agitated_gould: CPU 0.70%, Mem 20.29MiB / 7.598GiB
PG Connections: 86
Redis Commands: 338560
---
[2026-05-04T08:52:26.233Z] 
baldia_mart_api: CPU 23.75%, Mem 215.7MiB / 7.598GiB
baldia_mart_tunnel: CPU 2.35%, Mem 23.14MiB / 7.598GiB
baldia_mart_admin: CPU 0.00%, Mem 44.72MiB / 7.598GiB
baldia_mart_cache: CPU 3.11%, Mem 9.516MiB / 7.598GiB
agitated_gould: CPU 0.51%, Mem 20.29MiB / 7.598GiB
PG Connections: 86
Redis Commands: 340676
---
[2026-05-04T08:53:26.154Z] 
baldia_mart_api: CPU 4.55%, Mem 212.3MiB / 7.598GiB
baldia_mart_tunnel: CPU 0.65%, Mem 23.15MiB / 7.598GiB
baldia_mart_admin: CPU 0.00%, Mem 44.73MiB / 7.598GiB
baldia_mart_cache: CPU 2.46%, Mem 9.512MiB / 7.598GiB
agitated_gould: CPU 0.80%, Mem 20.3MiB / 7.598GiB
PG Connections: 86
Redis Commands: 342792
---
[2026-05-04T08:54:27.659Z] 
baldia_mart_api: CPU 3.12%, Mem 214MiB / 7.598GiB
baldia_mart_tunnel: CPU 0.74%, Mem 23.18MiB / 7.598GiB
baldia_mart_admin: CPU 0.00%, Mem 44.73MiB / 7.598GiB
baldia_mart_cache: CPU 2.11%, Mem 9.516MiB / 7.598GiB
agitated_gould: CPU 0.88%, Mem 20.29MiB / 7.598GiB
PG Connections: 86
Redis Commands: 344903
---
[2026-05-04T08:55:26.894Z] 
baldia_mart_api: CPU 23.91%, Mem 213.8MiB / 7.598GiB
baldia_mart_tunnel: CPU 0.81%, Mem 23.18MiB / 7.598GiB
baldia_mart_admin: CPU 0.00%, Mem 44.73MiB / 7.598GiB
baldia_mart_cache: CPU 2.47%, Mem 9.512MiB / 7.598GiB
agitated_gould: CPU 0.71%, Mem 20.3MiB / 7.598GiB
PG Connections: 86
Redis Commands: 347006
---
[2026-05-04T08:56:25.761Z] 
baldia_mart_api: CPU 4.02%, Mem 212.6MiB / 7.598GiB
baldia_mart_tunnel: CPU 0.50%, Mem 23.18MiB / 7.598GiB
baldia_mart_admin: CPU 0.00%, Mem 44.73MiB / 7.598GiB
baldia_mart_cache: CPU 0.92%, Mem 9.512MiB / 7.598GiB
agitated_gould: CPU 0.90%, Mem 20.54MiB / 7.598GiB
PG Connections: 86
Redis Commands: 349117
---
[2026-05-04T08:57:26.342Z] 
baldia_mart_api: CPU 3.39%, Mem 213.4MiB / 7.598GiB
baldia_mart_tunnel: CPU 0.61%, Mem 23.18MiB / 7.598GiB
baldia_mart_admin: CPU 0.00%, Mem 44.73MiB / 7.598GiB
baldia_mart_cache: CPU 1.10%, Mem 9.762MiB / 7.598GiB
agitated_gould: CPU 0.78%, Mem 20.29MiB / 7.598GiB
PG Connections: 86
Redis Commands: 351228
---
[2026-05-04T08:58:25.178Z] 
baldia_mart_api: CPU 5.94%, Mem 212.8MiB / 7.598GiB
baldia_mart_tunnel: CPU 1.31%, Mem 23.18MiB / 7.598GiB
baldia_mart_admin: CPU 0.00%, Mem 44.73MiB / 7.598GiB
baldia_mart_cache: CPU 1.52%, Mem 9.512MiB / 7.598GiB
agitated_gould: CPU 2.65%, Mem 20.29MiB / 7.598GiB
PG Connections: 86
Redis Commands: 353244
---
[2026-05-04T08:59:27.855Z] 
baldia_mart_api: CPU 39.50%, Mem 212.6MiB / 7.598GiB
baldia_mart_tunnel: CPU 3.99%, Mem 23.18MiB / 7.598GiB
baldia_mart_admin: CPU 0.00%, Mem 44.73MiB / 7.598GiB
baldia_mart_cache: CPU 4.25%, Mem 9.512MiB / 7.598GiB
agitated_gould: CPU 2.06%, Mem 20.29MiB / 7.598GiB
PG Connections: 86
Redis Commands: 355460
---
[2026-05-04T09:00:24.625Z] 
baldia_mart_api: CPU 11.09%, Mem 212.9MiB / 7.598GiB
baldia_mart_tunnel: CPU 0.57%, Mem 23.29MiB / 7.598GiB
baldia_mart_admin: CPU 0.07%, Mem 44.73MiB / 7.598GiB
baldia_mart_cache: CPU 1.12%, Mem 9.516MiB / 7.598GiB
agitated_gould: CPU 1.25%, Mem 20.59MiB / 7.598GiB
PG Connections: 86
Redis Commands: 357463
---
[2026-05-04T09:01:27.283Z] 
baldia_mart_api: CPU 5.01%, Mem 212.7MiB / 7.598GiB
baldia_mart_tunnel: CPU 0.98%, Mem 23.28MiB / 7.598GiB
baldia_mart_admin: CPU 0.00%, Mem 44.73MiB / 7.598GiB
baldia_mart_cache: CPU 3.17%, Mem 9.516MiB / 7.598GiB
agitated_gould: CPU 2.00%, Mem 20.34MiB / 7.598GiB
PG Connections: 86
Redis Commands: 359674
---
[2026-05-04T09:02:35.474Z] 
baldia_mart_api: CPU 7.35%, Mem 212.2MiB / 7.598GiB
baldia_mart_tunnel: CPU 12.81%, Mem 23.3MiB / 7.598GiB
baldia_mart_admin: CPU 0.00%, Mem 44.73MiB / 7.598GiB
baldia_mart_cache: CPU 6.51%, Mem 9.516MiB / 7.598GiB
agitated_gould: CPU 0.63%, Mem 20.34MiB / 7.598GiB
PG Connections: 86
Redis Commands: 362106
---
[2026-05-04T09:03:25.937Z] 
baldia_mart_api: CPU 4.22%, Mem 213MiB / 7.598GiB
baldia_mart_tunnel: CPU 0.94%, Mem 23.29MiB / 7.598GiB
baldia_mart_admin: CPU 0.00%, Mem 44.73MiB / 7.598GiB
baldia_mart_cache: CPU 5.48%, Mem 9.52MiB / 7.598GiB
agitated_gould: CPU 0.68%, Mem 20.35MiB / 7.598GiB
PG Connections: 86
Redis Commands: 363806
---
[2026-05-04T09:04:24.832Z] 
baldia_mart_api: CPU 30.45%, Mem 213.9MiB / 7.598GiB
baldia_mart_tunnel: CPU 0.56%, Mem 23.18MiB / 7.598GiB
baldia_mart_admin: CPU 0.03%, Mem 44.73MiB / 7.598GiB
baldia_mart_cache: CPU 2.32%, Mem 9.52MiB / 7.598GiB
agitated_gould: CPU 0.71%, Mem 20.41MiB / 7.598GiB
PG Connections: 86
Redis Commands: 365914
---
[2026-05-04T09:05:27.439Z] 
baldia_mart_api: CPU 16.92%, Mem 213.2MiB / 7.598GiB
baldia_mart_tunnel: CPU 0.71%, Mem 23.18MiB / 7.598GiB
baldia_mart_admin: CPU 0.00%, Mem 44.73MiB / 7.598GiB
baldia_mart_cache: CPU 2.45%, Mem 9.523MiB / 7.598GiB
agitated_gould: CPU 1.12%, Mem 20.41MiB / 7.598GiB
PG Connections: 86
Redis Commands: 368133
---
[2026-05-04T09:06:25.461Z] 
baldia_mart_api: CPU 109.38%, Mem 213.9MiB / 7.598GiB
baldia_mart_tunnel: CPU 0.74%, Mem 23.26MiB / 7.598GiB
baldia_mart_admin: CPU 0.02%, Mem 44.73MiB / 7.598GiB
baldia_mart_cache: CPU 3.84%, Mem 9.52MiB / 7.598GiB
agitated_gould: CPU 0.59%, Mem 20.23MiB / 7.598GiB
PG Connections: 86
Redis Commands: 370141
---
[2026-05-04T09:07:24.893Z] 
baldia_mart_api: CPU 27.39%, Mem 213.3MiB / 7.598GiB
baldia_mart_tunnel: CPU 0.92%, Mem 23.01MiB / 7.598GiB
baldia_mart_admin: CPU 3.50%, Mem 44.73MiB / 7.598GiB
baldia_mart_cache: CPU 2.81%, Mem 9.52MiB / 7.598GiB
agitated_gould: CPU 2.45%, Mem 20.49MiB / 7.598GiB
PG Connections: 86
Redis Commands: 372252
---
[2026-05-04T09:08:24.593Z] 
baldia_mart_api: CPU 4.60%, Mem 215.8MiB / 7.598GiB
baldia_mart_tunnel: CPU 0.97%, Mem 23MiB / 7.598GiB
baldia_mart_admin: CPU 0.89%, Mem 44.73MiB / 7.598GiB
baldia_mart_cache: CPU 1.17%, Mem 9.523MiB / 7.598GiB
agitated_gould: CPU 0.77%, Mem 20.25MiB / 7.598GiB
PG Connections: 86
Redis Commands: 374360
---
[2026-05-04T09:09:26.556Z] 
baldia_mart_api: CPU 9.27%, Mem 213.5MiB / 7.598GiB
baldia_mart_tunnel: CPU 0.93%, Mem 23MiB / 7.598GiB
baldia_mart_admin: CPU 0.00%, Mem 44.73MiB / 7.598GiB
baldia_mart_cache: CPU 1.02%, Mem 9.516MiB / 7.598GiB
agitated_gould: CPU 2.89%, Mem 20.25MiB / 7.598GiB
PG Connections: 86
Redis Commands: 376484
---
[2026-05-04T09:10:25.365Z] 
baldia_mart_api: CPU 21.29%, Mem 214.1MiB / 7.598GiB
baldia_mart_tunnel: CPU 0.93%, Mem 23.03MiB / 7.598GiB
baldia_mart_admin: CPU 0.02%, Mem 44.73MiB / 7.598GiB
baldia_mart_cache: CPU 2.54%, Mem 9.52MiB / 7.598GiB
agitated_gould: CPU 1.14%, Mem 20.26MiB / 7.598GiB
PG Connections: 86
Redis Commands: 378592
---
[2026-05-04T09:11:26.143Z] 
baldia_mart_api: CPU 26.04%, Mem 213.2MiB / 7.598GiB
baldia_mart_tunnel: CPU 0.70%, Mem 23.03MiB / 7.598GiB
baldia_mart_admin: CPU 0.00%, Mem 44.73MiB / 7.598GiB
baldia_mart_cache: CPU 2.86%, Mem 9.52MiB / 7.598GiB
agitated_gould: CPU 0.67%, Mem 20.27MiB / 7.598GiB
PG Connections: 86
Redis Commands: 380708
---
[2026-05-04T09:12:40.296Z] 
baldia_mart_api: CPU 25.88%, Mem 213MiB / 7.598GiB
baldia_mart_tunnel: CPU 3.46%, Mem 23.03MiB / 7.598GiB
baldia_mart_admin: CPU 0.00%, Mem 44.73MiB / 7.598GiB
baldia_mart_cache: CPU 5.32%, Mem 9.77MiB / 7.598GiB
agitated_gould: CPU 1.45%, Mem 20.26MiB / 7.598GiB
PG Connections: 86
Redis Commands: 383350
---
[2026-05-04T09:13:28.735Z] 
baldia_mart_api: CPU 9.59%, Mem 212.9MiB / 7.598GiB
baldia_mart_tunnel: CPU 0.19%, Mem 23.3MiB / 7.598GiB
baldia_mart_admin: CPU 0.00%, Mem 44.73MiB / 7.598GiB
baldia_mart_cache: CPU 1.80%, Mem 9.77MiB / 7.598GiB
agitated_gould: CPU 0.81%, Mem 20.27MiB / 7.598GiB
PG Connections: 86
Redis Commands: 385035
---
[2026-05-04T09:14:26.653Z] 
baldia_mart_api: CPU 30.75%, Mem 212.8MiB / 7.598GiB
baldia_mart_tunnel: CPU 0.63%, Mem 23.1MiB / 7.598GiB
baldia_mart_admin: CPU 0.00%, Mem 44.74MiB / 7.598GiB
baldia_mart_cache: CPU 1.44%, Mem 9.52MiB / 7.598GiB
agitated_gould: CPU 0.56%, Mem 20.28MiB / 7.598GiB
PG Connections: 86
Redis Commands: 387046
---
[2026-05-04T09:15:28.005Z] 
baldia_mart_api: CPU 61.51%, Mem 214.9MiB / 7.598GiB
baldia_mart_tunnel: CPU 0.68%, Mem 23.1MiB / 7.598GiB
baldia_mart_admin: CPU 0.00%, Mem 44.74MiB / 7.598GiB
baldia_mart_cache: CPU 3.61%, Mem 9.527MiB / 7.598GiB
agitated_gould: CPU 1.15%, Mem 20.28MiB / 7.598GiB
PG Connections: 86
Redis Commands: 389191
---
[2026-05-04T09:16:27.547Z] 
baldia_mart_api: CPU 11.60%, Mem 213.5MiB / 7.598GiB
baldia_mart_tunnel: CPU 0.61%, Mem 23.21MiB / 7.598GiB
baldia_mart_admin: CPU 0.03%, Mem 44.74MiB / 7.598GiB
baldia_mart_cache: CPU 3.27%, Mem 9.523MiB / 7.598GiB
agitated_gould: CPU 0.68%, Mem 20.23MiB / 7.598GiB
PG Connections: 86
Redis Commands: 391262
---
[2026-05-04T09:17:27.358Z] 
baldia_mart_api: CPU 50.71%, Mem 212.9MiB / 7.598GiB
baldia_mart_tunnel: CPU 1.14%, Mem 23.21MiB / 7.598GiB
baldia_mart_admin: CPU 0.00%, Mem 44.74MiB / 7.598GiB
baldia_mart_cache: CPU 4.13%, Mem 9.523MiB / 7.598GiB
agitated_gould: CPU 0.57%, Mem 20.23MiB / 7.598GiB
PG Connections: 86
Redis Commands: 393378
---
[2026-05-04T09:18:26.752Z] 
baldia_mart_api: CPU 27.10%, Mem 212.9MiB / 7.598GiB
baldia_mart_tunnel: CPU 0.66%, Mem 23.21MiB / 7.598GiB
baldia_mart_admin: CPU 0.00%, Mem 44.74MiB / 7.598GiB
baldia_mart_cache: CPU 2.85%, Mem 9.52MiB / 7.598GiB
agitated_gould: CPU 0.61%, Mem 20.23MiB / 7.598GiB
PG Connections: 86
Redis Commands: 395494
---
[2026-05-04T09:19:25.968Z] 
baldia_mart_api: CPU 5.56%, Mem 212.4MiB / 7.598GiB
baldia_mart_tunnel: CPU 0.70%, Mem 23.21MiB / 7.598GiB
baldia_mart_admin: CPU 0.00%, Mem 44.74MiB / 7.598GiB
baldia_mart_cache: CPU 1.10%, Mem 9.523MiB / 7.598GiB
agitated_gould: CPU 1.00%, Mem 20.23MiB / 7.598GiB
PG Connections: 86
Redis Commands: 397610
---
[2026-05-04T09:20:25.255Z] 
baldia_mart_api: CPU 45.31%, Mem 212.9MiB / 7.598GiB
baldia_mart_tunnel: CPU 0.78%, Mem 23.52MiB / 7.598GiB
baldia_mart_admin: CPU 0.00%, Mem 44.74MiB / 7.598GiB
baldia_mart_cache: CPU 0.97%, Mem 9.523MiB / 7.598GiB
agitated_gould: CPU 0.61%, Mem 20.23MiB / 7.598GiB
PG Connections: 86
Redis Commands: 399618
---
[2026-05-04T09:21:26.108Z] 
baldia_mart_api: CPU 41.40%, Mem 213.2MiB / 7.598GiB
baldia_mart_tunnel: CPU 0.71%, Mem 23.02MiB / 7.598GiB
baldia_mart_admin: CPU 0.00%, Mem 44.74MiB / 7.598GiB
baldia_mart_cache: CPU 1.29%, Mem 9.77MiB / 7.598GiB
agitated_gould: CPU 0.76%, Mem 20.23MiB / 7.598GiB
PG Connections: 86
Redis Commands: 401834
---
[2026-05-04T09:22:25.765Z] 
baldia_mart_api: CPU 6.12%, Mem 213.7MiB / 7.598GiB
baldia_mart_tunnel: CPU 0.69%, Mem 23.02MiB / 7.598GiB
baldia_mart_admin: CPU 0.00%, Mem 44.74MiB / 7.598GiB
baldia_mart_cache: CPU 4.39%, Mem 9.77MiB / 7.598GiB
agitated_gould: CPU 0.61%, Mem 20.23MiB / 7.598GiB
PG Connections: 86
Redis Commands: 403850
---
[2026-05-04T09:23:25.009Z] 
baldia_mart_api: CPU 16.25%, Mem 212.6MiB / 7.598GiB
baldia_mart_tunnel: CPU 0.60%, Mem 23.02MiB / 7.598GiB
baldia_mart_admin: CPU 0.00%, Mem 44.74MiB / 7.598GiB
baldia_mart_cache: CPU 4.41%, Mem 9.52MiB / 7.598GiB
agitated_gould: CPU 0.61%, Mem 20.23MiB / 7.598GiB
PG Connections: 86
Redis Commands: 405966
---
[2026-05-04T09:24:25.035Z] 
baldia_mart_api: CPU 23.74%, Mem 213.6MiB / 7.598GiB
baldia_mart_tunnel: CPU 0.60%, Mem 23.02MiB / 7.598GiB
baldia_mart_admin: CPU 0.00%, Mem 44.74MiB / 7.598GiB
baldia_mart_cache: CPU 1.24%, Mem 9.523MiB / 7.598GiB
agitated_gould: CPU 0.83%, Mem 20.23MiB / 7.598GiB
PG Connections: 86
Redis Commands: 408082
---
[2026-05-04T09:25:24.885Z] 
baldia_mart_api: CPU 39.29%, Mem 212.9MiB / 7.598GiB
baldia_mart_tunnel: CPU 1.23%, Mem 23.03MiB / 7.598GiB
baldia_mart_admin: CPU 0.00%, Mem 44.74MiB / 7.598GiB
baldia_mart_cache: CPU 3.47%, Mem 9.523MiB / 7.598GiB
agitated_gould: CPU 0.95%, Mem 20.23MiB / 7.598GiB
PG Connections: 86
Redis Commands: 410185
---
[2026-05-04T09:26:26.896Z] 
baldia_mart_api: CPU 123.21%, Mem 212.9MiB / 7.598GiB
baldia_mart_tunnel: CPU 0.93%, Mem 23.03MiB / 7.598GiB
baldia_mart_admin: CPU 0.00%, Mem 44.74MiB / 7.598GiB
baldia_mart_cache: CPU 1.67%, Mem 9.52MiB / 7.598GiB
agitated_gould: CPU 3.90%, Mem 20.23MiB / 7.598GiB
PG Connections: 86
Redis Commands: 412309
---
[2026-05-04T09:27:25.913Z] 
baldia_mart_api: CPU 19.79%, Mem 213.1MiB / 7.598GiB
baldia_mart_tunnel: CPU 1.73%, Mem 23.03MiB / 7.598GiB
baldia_mart_admin: CPU 0.00%, Mem 44.74MiB / 7.598GiB
baldia_mart_cache: CPU 1.17%, Mem 9.52MiB / 7.598GiB
agitated_gould: CPU 0.63%, Mem 20.23MiB / 7.598GiB
PG Connections: 86
Redis Commands: 414417
---
[2026-05-04T09:28:25.843Z] 
baldia_mart_api: CPU 97.91%, Mem 211.9MiB / 7.598GiB
baldia_mart_tunnel: CPU 1.61%, Mem 23.03MiB / 7.598GiB
baldia_mart_admin: CPU 0.00%, Mem 44.75MiB / 7.598GiB
baldia_mart_cache: CPU 5.15%, Mem 9.52MiB / 7.598GiB
agitated_gould: CPU 1.47%, Mem 20.23MiB / 7.598GiB
PG Connections: 86
Redis Commands: 416533
---
[2026-05-04T09:29:25.443Z] 
baldia_mart_api: CPU 34.36%, Mem 212.5MiB / 7.598GiB
baldia_mart_tunnel: CPU 1.51%, Mem 23.03MiB / 7.598GiB
baldia_mart_admin: CPU 0.00%, Mem 44.75MiB / 7.598GiB
baldia_mart_cache: CPU 5.66%, Mem 9.531MiB / 7.598GiB
agitated_gould: CPU 0.98%, Mem 20.23MiB / 7.598GiB
PG Connections: 86
Redis Commands: 418649
---
[2026-05-04T09:30:27.811Z] 
baldia_mart_api: CPU 52.26%, Mem 212.4MiB / 7.598GiB
baldia_mart_tunnel: CPU 1.54%, Mem 23.03MiB / 7.598GiB
baldia_mart_admin: CPU 0.00%, Mem 44.75MiB / 7.598GiB
baldia_mart_cache: CPU 2.97%, Mem 10.03MiB / 7.598GiB
agitated_gould: CPU 1.35%, Mem 20.23MiB / 7.598GiB
PG Connections: 86
Redis Commands: 420865
---
[2026-05-04T09:31:27.052Z] 
baldia_mart_api: CPU 73.47%, Mem 212.5MiB / 7.598GiB
baldia_mart_tunnel: CPU 2.65%, Mem 23.03MiB / 7.598GiB
baldia_mart_admin: CPU 0.00%, Mem 44.75MiB / 7.598GiB
baldia_mart_cache: CPU 8.12%, Mem 9.527MiB / 7.598GiB
agitated_gould: CPU 3.85%, Mem 20.23MiB / 7.598GiB
PG Connections: 86
Redis Commands: 422881
---
[2026-05-04T09:32:26.380Z] 
baldia_mart_api: CPU 236.44%, Mem 213.3MiB / 7.598GiB
baldia_mart_tunnel: CPU 1.03%, Mem 23.03MiB / 7.598GiB
baldia_mart_admin: CPU 0.00%, Mem 44.75MiB / 7.598GiB
baldia_mart_cache: CPU 4.92%, Mem 9.527MiB / 7.598GiB
agitated_gould: CPU 1.08%, Mem 20.25MiB / 7.598GiB
PG Connections: 86
Redis Commands: 424989
---
[2026-05-04T09:33:27.327Z] 
baldia_mart_api: CPU 0.34%, Mem 212.7MiB / 7.598GiB
baldia_mart_tunnel: CPU 1.87%, Mem 23.03MiB / 7.598GiB
baldia_mart_admin: CPU 0.00%, Mem 44.75MiB / 7.598GiB
baldia_mart_cache: CPU 1.29%, Mem 9.523MiB / 7.598GiB
agitated_gould: CPU 0.85%, Mem 20.25MiB / 7.598GiB
PG Connections: 86
Redis Commands: 427105
---
[2026-05-04T09:34:26.830Z] 
baldia_mart_api: CPU 0.22%, Mem 212.3MiB / 7.598GiB
baldia_mart_tunnel: CPU 2.13%, Mem 23.03MiB / 7.598GiB
baldia_mart_admin: CPU 0.00%, Mem 44.75MiB / 7.598GiB
baldia_mart_cache: CPU 4.29%, Mem 9.773MiB / 7.598GiB
agitated_gould: CPU 1.17%, Mem 20.52MiB / 7.598GiB
PG Connections: 86
Redis Commands: 429221
---
[2026-05-04T09:35:26.252Z] 
baldia_mart_api: CPU 39.50%, Mem 213.7MiB / 7.598GiB
baldia_mart_tunnel: CPU 1.06%, Mem 23.03MiB / 7.598GiB
baldia_mart_admin: CPU 0.00%, Mem 44.75MiB / 7.598GiB
baldia_mart_cache: CPU 1.41%, Mem 9.527MiB / 7.598GiB
agitated_gould: CPU 0.92%, Mem 20.29MiB / 7.598GiB
PG Connections: 86
Redis Commands: 431337
---
[2026-05-04T09:36:26.272Z] 
baldia_mart_api: CPU 0.37%, Mem 212.8MiB / 7.598GiB
baldia_mart_tunnel: CPU 1.02%, Mem 23.03MiB / 7.598GiB
baldia_mart_admin: CPU 0.00%, Mem 44.75MiB / 7.598GiB
baldia_mart_cache: CPU 1.41%, Mem 9.527MiB / 7.598GiB
agitated_gould: CPU 1.22%, Mem 20.33MiB / 7.598GiB
PG Connections: 86
Redis Commands: 433453
---
[2026-05-04T09:37:24.951Z] 
baldia_mart_api: CPU 3.18%, Mem 212.7MiB / 7.598GiB
baldia_mart_tunnel: CPU 0.56%, Mem 23.03MiB / 7.598GiB
baldia_mart_admin: CPU 0.00%, Mem 44.75MiB / 7.598GiB
baldia_mart_cache: CPU 1.23%, Mem 9.527MiB / 7.598GiB
agitated_gould: CPU 1.08%, Mem 20.63MiB / 7.598GiB
PG Connections: 86
Redis Commands: 435461
---
[2026-05-04T09:38:25.018Z] 
baldia_mart_api: CPU 7.46%, Mem 211.9MiB / 7.598GiB
baldia_mart_tunnel: CPU 0.91%, Mem 23.03MiB / 7.598GiB
baldia_mart_admin: CPU 0.00%, Mem 44.75MiB / 7.598GiB
baldia_mart_cache: CPU 1.13%, Mem 9.777MiB / 7.598GiB
agitated_gould: CPU 0.75%, Mem 20.66MiB / 7.598GiB
PG Connections: 86
Redis Commands: 437577
---
[2026-05-04T09:39:27.516Z] 
baldia_mart_api: CPU 51.69%, Mem 212.1MiB / 7.598GiB
baldia_mart_tunnel: CPU 1.19%, Mem 23.03MiB / 7.598GiB
baldia_mart_admin: CPU 0.00%, Mem 44.75MiB / 7.598GiB
baldia_mart_cache: CPU 1.48%, Mem 9.527MiB / 7.598GiB
agitated_gould: CPU 1.45%, Mem 20.46MiB / 7.598GiB
PG Connections: 86
Redis Commands: 439793
---
[2026-05-04T09:40:27.576Z] 
baldia_mart_api: CPU 4.07%, Mem 212MiB / 7.598GiB
baldia_mart_tunnel: CPU 0.82%, Mem 23.28MiB / 7.598GiB
baldia_mart_admin: CPU 0.00%, Mem 44.75MiB / 7.598GiB
baldia_mart_cache: CPU 1.25%, Mem 9.527MiB / 7.598GiB
agitated_gould: CPU 3.06%, Mem 20.48MiB / 7.598GiB
PG Connections: 86
Redis Commands: 441904
---
[2026-05-04T09:41:28.581Z] 
baldia_mart_api: CPU 21.13%, Mem 212.8MiB / 7.598GiB
baldia_mart_tunnel: CPU 1.68%, Mem 23.03MiB / 7.598GiB
baldia_mart_admin: CPU 0.00%, Mem 44.75MiB / 7.598GiB
baldia_mart_cache: CPU 3.21%, Mem 9.781MiB / 7.598GiB
agitated_gould: CPU 0.58%, Mem 20.48MiB / 7.598GiB
PG Connections: 86
Redis Commands: 444020
---
[2026-05-04T09:42:39.346Z] 
baldia_mart_api: CPU 88.28%, Mem 211.8MiB / 7.598GiB
baldia_mart_tunnel: CPU 1.60%, Mem 23.21MiB / 7.598GiB
baldia_mart_admin: CPU 0.00%, Mem 44.75MiB / 7.598GiB
baldia_mart_cache: CPU 1.99%, Mem 9.531MiB / 7.598GiB
agitated_gould: CPU 1.41%, Mem 20.48MiB / 7.598GiB
PG Connections: 86
Redis Commands: 446539
---
[2026-05-04T09:43:33.894Z] 
baldia_mart_api: CPU 173.53%, Mem 213.1MiB / 7.598GiB
baldia_mart_tunnel: CPU 0.51%, Mem 23.54MiB / 7.598GiB
baldia_mart_admin: CPU 0.00%, Mem 44.75MiB / 7.598GiB
baldia_mart_cache: CPU 2.41%, Mem 9.566MiB / 7.598GiB
agitated_gould: CPU 0.08%, Mem 20.94MiB / 7.598GiB
PG Connections: 86
Redis Commands: 448439
---
[2026-05-04T09:44:28.508Z] 
baldia_mart_api: CPU 7.23%, Mem 213.1MiB / 7.598GiB
baldia_mart_tunnel: CPU 0.81%, Mem 23.58MiB / 7.598GiB
baldia_mart_admin: CPU 0.00%, Mem 44.75MiB / 7.598GiB
baldia_mart_cache: CPU 1.52%, Mem 9.812MiB / 7.598GiB
agitated_gould: CPU 0.60%, Mem 20.98MiB / 7.598GiB
PG Connections: 86
Redis Commands: 450347
---
[2026-05-04T09:45:27.542Z] 
baldia_mart_api: CPU 4.50%, Mem 213.5MiB / 7.598GiB
baldia_mart_tunnel: CPU 1.23%, Mem 23.83MiB / 7.598GiB
baldia_mart_admin: CPU 0.00%, Mem 44.75MiB / 7.598GiB
baldia_mart_cache: CPU 1.37%, Mem 9.566MiB / 7.598GiB
agitated_gould: CPU 0.81%, Mem 21.23MiB / 7.598GiB
PG Connections: 86
Redis Commands: 452455
---
[2026-05-04T09:46:25.547Z] 
baldia_mart_api: CPU 0.00%, Mem 212MiB / 7.598GiB
baldia_mart_tunnel: CPU 0.62%, Mem 23.25MiB / 7.598GiB
baldia_mart_admin: CPU 0.00%, Mem 44.75MiB / 7.598GiB
baldia_mart_cache: CPU 2.46%, Mem 9.82MiB / 7.598GiB
agitated_gould: CPU 0.68%, Mem 20.46MiB / 7.598GiB
PG Connections: 86
Redis Commands: 454463
---
[2026-05-04T09:47:25.613Z] 
baldia_mart_api: CPU 29.09%, Mem 213.3MiB / 7.598GiB
baldia_mart_tunnel: CPU 5.45%, Mem 23.5MiB / 7.598GiB
baldia_mart_admin: CPU 0.00%, Mem 44.75MiB / 7.598GiB
baldia_mart_cache: CPU 2.54%, Mem 9.785MiB / 7.598GiB
agitated_gould: CPU 0.65%, Mem 20.71MiB / 7.598GiB
PG Connections: 86
Redis Commands: 456579
---
[2026-05-04T09:48:25.010Z] 
baldia_mart_api: CPU 0.14%, Mem 212.1MiB / 7.598GiB
baldia_mart_tunnel: CPU 0.76%, Mem 23.29MiB / 7.598GiB
baldia_mart_admin: CPU 0.00%, Mem 44.76MiB / 7.598GiB
baldia_mart_cache: CPU 1.30%, Mem 9.793MiB / 7.598GiB
agitated_gould: CPU 0.73%, Mem 20.56MiB / 7.598GiB
PG Connections: 86
Redis Commands: 458695
---
[2026-05-04T09:49:24.447Z] 
baldia_mart_api: CPU 0.21%, Mem 213.9MiB / 7.598GiB
baldia_mart_tunnel: CPU 0.43%, Mem 23.29MiB / 7.598GiB
baldia_mart_admin: CPU 0.00%, Mem 44.76MiB / 7.598GiB
baldia_mart_cache: CPU 1.12%, Mem 9.785MiB / 7.598GiB
agitated_gould: CPU 0.75%, Mem 20.56MiB / 7.598GiB
PG Connections: 86
Redis Commands: 460704
---
[2026-05-04T09:50:24.317Z] 
baldia_mart_api: CPU 0.36%, Mem 212.7MiB / 7.598GiB
baldia_mart_tunnel: CPU 0.81%, Mem 23.55MiB / 7.598GiB
baldia_mart_admin: CPU 0.00%, Mem 44.76MiB / 7.598GiB
baldia_mart_cache: CPU 0.91%, Mem 9.531MiB / 7.598GiB
agitated_gould: CPU 0.97%, Mem 20.56MiB / 7.598GiB
PG Connections: 86
Redis Commands: 462819
---
[2026-05-04T09:51:26.001Z] 
baldia_mart_api: CPU 0.22%, Mem 214MiB / 7.598GiB
baldia_mart_tunnel: CPU 0.51%, Mem 23.3MiB / 7.598GiB
baldia_mart_admin: CPU 0.00%, Mem 44.76MiB / 7.598GiB
baldia_mart_cache: CPU 1.09%, Mem 9.781MiB / 7.598GiB
agitated_gould: CPU 0.89%, Mem 20.56MiB / 7.598GiB
PG Connections: 86
Redis Commands: 465035
---
[2026-05-04T09:52:25.123Z] 
baldia_mart_api: CPU 0.45%, Mem 212.4MiB / 7.598GiB
baldia_mart_tunnel: CPU 0.72%, Mem 23.3MiB / 7.598GiB
baldia_mart_admin: CPU 0.00%, Mem 44.76MiB / 7.598GiB
baldia_mart_cache: CPU 1.07%, Mem 9.781MiB / 7.598GiB
agitated_gould: CPU 0.85%, Mem 20.81MiB / 7.598GiB
PG Connections: 86
Redis Commands: 467077
---
[2026-05-04T09:53:27.796Z] 
baldia_mart_api: CPU 0.03%, Mem 212.3MiB / 7.598GiB
baldia_mart_tunnel: CPU 1.29%, Mem 23.3MiB / 7.598GiB
baldia_mart_admin: CPU 0.00%, Mem 44.76MiB / 7.598GiB
baldia_mart_cache: CPU 4.97%, Mem 9.531MiB / 7.598GiB
agitated_gould: CPU 0.56%, Mem 20.57MiB / 7.598GiB
PG Connections: 86
Redis Commands: 469267
---
[2026-05-04T09:54:29.105Z] 
baldia_mart_api: CPU 6.08%, Mem 213.2MiB / 7.598GiB
baldia_mart_tunnel: CPU 0.63%, Mem 23.33MiB / 7.598GiB
baldia_mart_admin: CPU 0.00%, Mem 44.76MiB / 7.598GiB
baldia_mart_cache: CPU 2.58%, Mem 9.781MiB / 7.598GiB
agitated_gould: CPU 0.67%, Mem 20.57MiB / 7.598GiB
PG Connections: 86
Redis Commands: 471483
---
[2026-05-04T09:55:28.063Z] 
baldia_mart_api: CPU 1.79%, Mem 212.6MiB / 7.598GiB
baldia_mart_tunnel: CPU 0.55%, Mem 23.33MiB / 7.598GiB
baldia_mart_admin: CPU 0.00%, Mem 44.76MiB / 7.598GiB
baldia_mart_cache: CPU 1.22%, Mem 9.531MiB / 7.598GiB
agitated_gould: CPU 0.62%, Mem 20.82MiB / 7.598GiB
PG Connections: 86
Redis Commands: 473499
---
[2026-05-04T09:56:26.859Z] 
baldia_mart_api: CPU 9.55%, Mem 212.8MiB / 7.598GiB
baldia_mart_tunnel: CPU 0.26%, Mem 23.24MiB / 7.598GiB
baldia_mart_admin: CPU 0.00%, Mem 44.76MiB / 7.598GiB
baldia_mart_cache: CPU 2.77%, Mem 9.539MiB / 7.598GiB
agitated_gould: CPU 0.23%, Mem 20.49MiB / 7.598GiB
PG Connections: 86
Redis Commands: 475610
---
[2026-05-04T09:57:24.528Z] 
baldia_mart_api: CPU 32.43%, Mem 212.7MiB / 7.598GiB
baldia_mart_tunnel: CPU 0.61%, Mem 23.38MiB / 7.598GiB
baldia_mart_admin: CPU 0.00%, Mem 44.76MiB / 7.598GiB
baldia_mart_cache: CPU 4.54%, Mem 9.535MiB / 7.598GiB
agitated_gould: CPU 1.16%, Mem 21MiB / 7.598GiB
PG Connections: 86
Redis Commands: 477618
---
[2026-05-04T09:58:24.508Z] 
baldia_mart_api: CPU 25.43%, Mem 212.6MiB / 7.598GiB
baldia_mart_tunnel: CPU 0.71%, Mem 23.48MiB / 7.598GiB
baldia_mart_admin: CPU 0.00%, Mem 44.76MiB / 7.598GiB
baldia_mart_cache: CPU 2.30%, Mem 9.785MiB / 7.598GiB
agitated_gould: CPU 1.38%, Mem 21.09MiB / 7.598GiB
PG Connections: 86
Redis Commands: 479734
---
[2026-05-04T09:59:24.564Z] 
baldia_mart_api: CPU 27.92%, Mem 212.3MiB / 7.598GiB
baldia_mart_tunnel: CPU 0.77%, Mem 23.49MiB / 7.598GiB
baldia_mart_admin: CPU 0.00%, Mem 44.76MiB / 7.598GiB
baldia_mart_cache: CPU 2.26%, Mem 9.785MiB / 7.598GiB
agitated_gould: CPU 1.22%, Mem 21.1MiB / 7.598GiB
PG Connections: 86
Redis Commands: 481850
---
[2026-05-04T10:00:24.537Z] 
baldia_mart_api: CPU 30.84%, Mem 213.3MiB / 7.598GiB
baldia_mart_tunnel: CPU 0.47%, Mem 23.38MiB / 7.598GiB
baldia_mart_admin: CPU 0.00%, Mem 44.76MiB / 7.598GiB
baldia_mart_cache: CPU 2.40%, Mem 9.535MiB / 7.598GiB
agitated_gould: CPU 0.57%, Mem 20.62MiB / 7.598GiB
PG Connections: 86
Redis Commands: 483958
---
[2026-05-04T10:01:25.097Z] 
baldia_mart_api: CPU 35.91%, Mem 211.8MiB / 7.598GiB
baldia_mart_tunnel: CPU 0.88%, Mem 23.4MiB / 7.598GiB
baldia_mart_admin: CPU 0.00%, Mem 44.77MiB / 7.598GiB
baldia_mart_cache: CPU 4.45%, Mem 9.535MiB / 7.598GiB
agitated_gould: CPU 0.88%, Mem 20.62MiB / 7.598GiB
PG Connections: 86
Redis Commands: 486074
---
[2026-05-04T10:02:24.958Z] 
baldia_mart_api: CPU 28.19%, Mem 212.8MiB / 7.598GiB
baldia_mart_tunnel: CPU 0.75%, Mem 23.4MiB / 7.598GiB
baldia_mart_admin: CPU 0.00%, Mem 44.77MiB / 7.598GiB
baldia_mart_cache: CPU 2.39%, Mem 9.531MiB / 7.598GiB
agitated_gould: CPU 0.72%, Mem 20.62MiB / 7.598GiB
PG Connections: 86
Redis Commands: 488190
---
[2026-05-04T10:03:24.950Z] 
baldia_mart_api: CPU 21.23%, Mem 212.1MiB / 7.598GiB
baldia_mart_tunnel: CPU 0.79%, Mem 23.66MiB / 7.598GiB
baldia_mart_admin: CPU 0.00%, Mem 44.77MiB / 7.598GiB
baldia_mart_cache: CPU 2.36%, Mem 9.781MiB / 7.598GiB
agitated_gould: CPU 0.75%, Mem 20.63MiB / 7.598GiB
PG Connections: 86
Redis Commands: 490306
---
[2026-05-04T10:04:25.125Z] 
baldia_mart_api: CPU 27.49%, Mem 211.5MiB / 7.598GiB
baldia_mart_tunnel: CPU 0.78%, Mem 23.42MiB / 7.598GiB
baldia_mart_admin: CPU 0.00%, Mem 44.77MiB / 7.598GiB
baldia_mart_cache: CPU 2.34%, Mem 9.535MiB / 7.598GiB
agitated_gould: CPU 0.59%, Mem 20.76MiB / 7.598GiB
PG Connections: 86
Redis Commands: 492422
---
[2026-05-04T10:05:26.604Z] 
baldia_mart_api: CPU 36.28%, Mem 211.9MiB / 7.598GiB
baldia_mart_tunnel: CPU 1.30%, Mem 23.42MiB / 7.598GiB
baldia_mart_admin: CPU 0.00%, Mem 44.77MiB / 7.598GiB
baldia_mart_cache: CPU 1.15%, Mem 9.547MiB / 7.598GiB
agitated_gould: CPU 1.19%, Mem 20.51MiB / 7.598GiB
PG Connections: 86
Redis Commands: 494538
---
[2026-05-04T10:06:26.941Z] 
baldia_mart_api: CPU 33.17%, Mem 211.8MiB / 7.598GiB
baldia_mart_tunnel: CPU 1.26%, Mem 23.42MiB / 7.598GiB
baldia_mart_admin: CPU 0.00%, Mem 44.77MiB / 7.598GiB
baldia_mart_cache: CPU 3.68%, Mem 9.539MiB / 7.598GiB
agitated_gould: CPU 0.65%, Mem 20.55MiB / 7.598GiB
PG Connections: 86
Redis Commands: 496654
---
[2026-05-04T10:07:25.296Z] 
baldia_mart_api: CPU 60.67%, Mem 212.7MiB / 7.598GiB
baldia_mart_tunnel: CPU 0.81%, Mem 23.42MiB / 7.598GiB
baldia_mart_admin: CPU 0.00%, Mem 44.77MiB / 7.598GiB
baldia_mart_cache: CPU 2.44%, Mem 9.535MiB / 7.598GiB
agitated_gould: CPU 0.64%, Mem 20.55MiB / 7.598GiB
PG Connections: 86
Redis Commands: 498762
---
[2026-05-04T10:08:25.399Z] 
baldia_mart_api: CPU 2.21%, Mem 214MiB / 7.598GiB
baldia_mart_tunnel: CPU 0.59%, Mem 23.42MiB / 7.598GiB
baldia_mart_admin: CPU 0.00%, Mem 44.77MiB / 7.598GiB
baldia_mart_cache: CPU 1.64%, Mem 9.535MiB / 7.598GiB
agitated_gould: CPU 0.70%, Mem 20.55MiB / 7.598GiB
PG Connections: 86
Redis Commands: 500873
---
[2026-05-04T10:09:24.501Z] 
baldia_mart_api: CPU 2.99%, Mem 212.5MiB / 7.598GiB
baldia_mart_tunnel: CPU 0.72%, Mem 23.42MiB / 7.598GiB
baldia_mart_admin: CPU 0.00%, Mem 44.77MiB / 7.598GiB
baldia_mart_cache: CPU 1.26%, Mem 9.531MiB / 7.598GiB
agitated_gould: CPU 1.01%, Mem 20.55MiB / 7.598GiB
PG Connections: 86
Redis Commands: 502889
---
[2026-05-04T10:10:25.288Z] 
baldia_mart_api: CPU 8.09%, Mem 213.1MiB / 7.598GiB
baldia_mart_tunnel: CPU 0.65%, Mem 23.43MiB / 7.598GiB
baldia_mart_admin: CPU 0.00%, Mem 44.77MiB / 7.598GiB
baldia_mart_cache: CPU 2.16%, Mem 9.531MiB / 7.598GiB
agitated_gould: CPU 0.83%, Mem 20.55MiB / 7.598GiB
PG Connections: 86
Redis Commands: 505105
---
[2026-05-04T10:11:24.629Z] 
baldia_mart_api: CPU 8.73%, Mem 212MiB / 7.598GiB
baldia_mart_tunnel: CPU 1.10%, Mem 23.69MiB / 7.598GiB
baldia_mart_admin: CPU 0.00%, Mem 44.77MiB / 7.598GiB
baldia_mart_cache: CPU 1.37%, Mem 9.535MiB / 7.598GiB
agitated_gould: CPU 0.81%, Mem 20.55MiB / 7.598GiB
PG Connections: 86
Redis Commands: 507113
---
[2026-05-04T10:12:24.506Z] 
baldia_mart_api: CPU 4.87%, Mem 211.5MiB / 7.598GiB
baldia_mart_tunnel: CPU 0.57%, Mem 23.43MiB / 7.598GiB
baldia_mart_admin: CPU 0.00%, Mem 44.77MiB / 7.598GiB
baldia_mart_cache: CPU 1.19%, Mem 9.535MiB / 7.598GiB
agitated_gould: CPU 0.63%, Mem 20.55MiB / 7.598GiB
PG Connections: 86
Redis Commands: 509229
---
[2026-05-04T10:13:25.618Z] 
baldia_mart_api: CPU 3.61%, Mem 211.2MiB / 7.598GiB
baldia_mart_tunnel: CPU 0.86%, Mem 23.43MiB / 7.598GiB
baldia_mart_admin: CPU 0.00%, Mem 44.77MiB / 7.598GiB
baldia_mart_cache: CPU 1.01%, Mem 9.781MiB / 7.598GiB
agitated_gould: CPU 0.76%, Mem 20.8MiB / 7.598GiB
PG Connections: 86
Redis Commands: 511445
---
[2026-05-04T10:14:36.571Z] 
baldia_mart_api: CPU 183.02%, Mem 211.4MiB / 7.598GiB
baldia_mart_tunnel: CPU 5.20%, Mem 23.44MiB / 7.598GiB
baldia_mart_admin: CPU 0.00%, Mem 44.77MiB / 7.598GiB
baldia_mart_cache: CPU 6.54%, Mem 9.531MiB / 7.598GiB
agitated_gould: CPU 1.66%, Mem 20.57MiB / 7.598GiB
PG Connections: 86
Redis Commands: 513877
---
[2026-05-04T10:15:25.273Z] 
baldia_mart_api: CPU 10.34%, Mem 210.7MiB / 7.598GiB
baldia_mart_tunnel: CPU 0.62%, Mem 23.69MiB / 7.598GiB
baldia_mart_admin: CPU 0.00%, Mem 44.77MiB / 7.598GiB
baldia_mart_cache: CPU 1.07%, Mem 9.531MiB / 7.598GiB
agitated_gould: CPU 0.53%, Mem 20.82MiB / 7.598GiB
PG Connections: 86
Redis Commands: 515572
---
[2026-05-04T10:16:25.363Z] 
baldia_mart_api: CPU 7.72%, Mem 211.6MiB / 7.598GiB
baldia_mart_tunnel: CPU 0.87%, Mem 23.33MiB / 7.598GiB
baldia_mart_admin: CPU 0.00%, Mem 44.77MiB / 7.598GiB
baldia_mart_cache: CPU 1.09%, Mem 9.531MiB / 7.598GiB
agitated_gould: CPU 0.68%, Mem 20.45MiB / 7.598GiB
PG Connections: 86
Redis Commands: 517683
---
[2026-05-04T10:17:25.470Z] 
baldia_mart_api: CPU 4.35%, Mem 210.6MiB / 7.598GiB
baldia_mart_tunnel: CPU 1.02%, Mem 23.32MiB / 7.598GiB
baldia_mart_admin: CPU 0.00%, Mem 44.77MiB / 7.598GiB
baldia_mart_cache: CPU 1.11%, Mem 9.531MiB / 7.598GiB
agitated_gould: CPU 0.99%, Mem 20.45MiB / 7.598GiB
PG Connections: 86
Redis Commands: 519799
---
[2026-05-04T10:18:25.397Z] 
baldia_mart_api: CPU 20.36%, Mem 211.2MiB / 7.598GiB
baldia_mart_tunnel: CPU 0.60%, Mem 23.32MiB / 7.598GiB
baldia_mart_admin: CPU 0.00%, Mem 44.77MiB / 7.598GiB
baldia_mart_cache: CPU 0.96%, Mem 9.535MiB / 7.598GiB
agitated_gould: CPU 0.67%, Mem 20.4MiB / 7.598GiB
PG Connections: 86
Redis Commands: 521907
---
[2026-05-04T10:19:25.352Z] 
baldia_mart_api: CPU 2.59%, Mem 211.2MiB / 7.598GiB
baldia_mart_tunnel: CPU 0.79%, Mem 23.32MiB / 7.598GiB
baldia_mart_admin: CPU 0.00%, Mem 44.77MiB / 7.598GiB
baldia_mart_cache: CPU 0.96%, Mem 9.785MiB / 7.598GiB
agitated_gould: CPU 0.68%, Mem 20.41MiB / 7.598GiB
PG Connections: 86
Redis Commands: 524023
---
[2026-05-04T10:20:25.495Z] 
baldia_mart_api: CPU 25.07%, Mem 212.3MiB / 7.598GiB
baldia_mart_tunnel: CPU 0.72%, Mem 23.32MiB / 7.598GiB
baldia_mart_admin: CPU 0.00%, Mem 44.77MiB / 7.598GiB
baldia_mart_cache: CPU 1.08%, Mem 9.781MiB / 7.598GiB
agitated_gould: CPU 0.85%, Mem 20.45MiB / 7.598GiB
PG Connections: 86
Redis Commands: 526139
---
[2026-05-04T10:21:25.458Z] 
baldia_mart_api: CPU 16.87%, Mem 212.1MiB / 7.598GiB
baldia_mart_tunnel: CPU 1.05%, Mem 23.57MiB / 7.598GiB
baldia_mart_admin: CPU 0.00%, Mem 44.77MiB / 7.598GiB
baldia_mart_cache: CPU 2.10%, Mem 9.535MiB / 7.598GiB
agitated_gould: CPU 0.59%, Mem 20.47MiB / 7.598GiB
PG Connections: 86
Redis Commands: 528255
---
[2026-05-04T10:22:25.377Z] 
baldia_mart_api: CPU 16.99%, Mem 212MiB / 7.598GiB
baldia_mart_tunnel: CPU 0.89%, Mem 23.32MiB / 7.598GiB
baldia_mart_admin: CPU 0.00%, Mem 44.78MiB / 7.598GiB
baldia_mart_cache: CPU 2.08%, Mem 9.535MiB / 7.598GiB
agitated_gould: CPU 0.48%, Mem 20.51MiB / 7.598GiB
PG Connections: 86
Redis Commands: 530371
---
[2026-05-04T10:23:25.326Z] 
baldia_mart_api: CPU 17.70%, Mem 211.6MiB / 7.598GiB
baldia_mart_tunnel: CPU 0.73%, Mem 23.58MiB / 7.598GiB
baldia_mart_admin: CPU 0.00%, Mem 44.78MiB / 7.598GiB
baldia_mart_cache: CPU 3.13%, Mem 9.539MiB / 7.598GiB
agitated_gould: CPU 1.08%, Mem 20.52MiB / 7.598GiB
PG Connections: 86
Redis Commands: 532487
---
[2026-05-04T10:24:25.579Z] 
baldia_mart_api: CPU 21.77%, Mem 211.5MiB / 7.598GiB
baldia_mart_tunnel: CPU 0.67%, Mem 23.32MiB / 7.598GiB
baldia_mart_admin: CPU 0.00%, Mem 44.78MiB / 7.598GiB
baldia_mart_cache: CPU 2.44%, Mem 9.789MiB / 7.598GiB
agitated_gould: CPU 0.87%, Mem 20.52MiB / 7.598GiB
PG Connections: 86
Redis Commands: 534595
---
[2026-05-04T10:25:25.421Z] 
baldia_mart_api: CPU 20.53%, Mem 211.7MiB / 7.598GiB
baldia_mart_tunnel: CPU 0.57%, Mem 23.57MiB / 7.598GiB
baldia_mart_admin: CPU 0.00%, Mem 44.78MiB / 7.598GiB
baldia_mart_cache: CPU 2.36%, Mem 9.539MiB / 7.598GiB
agitated_gould: CPU 0.60%, Mem 20.52MiB / 7.598GiB
PG Connections: 86
Redis Commands: 536711
---
[2026-05-04T10:26:25.273Z] 
baldia_mart_api: CPU 19.10%, Mem 211.7MiB / 7.598GiB
baldia_mart_tunnel: CPU 0.84%, Mem 23.32MiB / 7.598GiB
baldia_mart_admin: CPU 0.00%, Mem 44.78MiB / 7.598GiB
baldia_mart_cache: CPU 1.06%, Mem 9.785MiB / 7.598GiB
agitated_gould: CPU 0.56%, Mem 20.55MiB / 7.598GiB
PG Connections: 86
Redis Commands: 538827
---
[2026-05-04T10:27:25.044Z] 
baldia_mart_api: CPU 12.25%, Mem 211.5MiB / 7.598GiB
baldia_mart_tunnel: CPU 0.21%, Mem 23.32MiB / 7.598GiB
baldia_mart_admin: CPU 0.00%, Mem 44.78MiB / 7.598GiB
baldia_mart_cache: CPU 1.07%, Mem 9.535MiB / 7.598GiB
agitated_gould: CPU 0.36%, Mem 20.55MiB / 7.598GiB
PG Connections: 86
Redis Commands: 540943
---
[2026-05-04T10:28:25.083Z] 
baldia_mart_api: CPU 14.32%, Mem 212MiB / 7.598GiB
baldia_mart_tunnel: CPU 0.86%, Mem 23.33MiB / 7.598GiB
baldia_mart_admin: CPU 0.00%, Mem 44.78MiB / 7.598GiB
baldia_mart_cache: CPU 1.53%, Mem 9.547MiB / 7.598GiB
agitated_gould: CPU 0.36%, Mem 20.55MiB / 7.598GiB
PG Connections: 86
Redis Commands: 543054
---
[2026-05-04T10:29:26.908Z] 
baldia_mart_api: CPU 7.06%, Mem 210.5MiB / 7.598GiB
baldia_mart_tunnel: CPU 0.35%, Mem 23.33MiB / 7.598GiB
baldia_mart_admin: CPU 0.00%, Mem 44.78MiB / 7.598GiB
baldia_mart_cache: CPU 0.86%, Mem 9.543MiB / 7.598GiB
agitated_gould: CPU 0.82%, Mem 20.55MiB / 7.598GiB
PG Connections: 86
Redis Commands: 545170
---
[2026-05-04T10:30:25.359Z] 
baldia_mart_api: CPU 2.27%, Mem 211.4MiB / 7.598GiB
baldia_mart_tunnel: CPU 0.55%, Mem 23.33MiB / 7.598GiB
baldia_mart_admin: CPU 0.00%, Mem 44.78MiB / 7.598GiB
baldia_mart_cache: CPU 0.70%, Mem 9.793MiB / 7.598GiB
agitated_gould: CPU 0.48%, Mem 20.55MiB / 7.598GiB
PG Connections: 86
Redis Commands: 547274
---
[2026-05-04T10:31:33.119Z] 
baldia_mart_api: CPU 2.39%, Mem 210.6MiB / 7.598GiB
baldia_mart_tunnel: CPU 15.52%, Mem 23.58MiB / 7.598GiB
baldia_mart_admin: CPU 0.00%, Mem 44.78MiB / 7.598GiB
baldia_mart_cache: CPU 10.15%, Mem 9.547MiB / 7.598GiB
agitated_gould: CPU 0.35%, Mem 20.55MiB / 7.598GiB
PG Connections: 86
Redis Commands: 549592
---
[2026-05-04T10:32:25.699Z] 
baldia_mart_api: CPU 12.59%, Mem 212.9MiB / 7.598GiB
baldia_mart_tunnel: CPU 1.09%, Mem 23.39MiB / 7.598GiB
baldia_mart_admin: CPU 0.00%, Mem 44.78MiB / 7.598GiB
baldia_mart_cache: CPU 1.56%, Mem 9.547MiB / 7.598GiB
agitated_gould: CPU 0.25%, Mem 20.55MiB / 7.598GiB
PG Connections: 86
Redis Commands: 551487
---
[2026-05-04T10:33:25.184Z] 
baldia_mart_api: CPU 2.45%, Mem 210.4MiB / 7.598GiB
baldia_mart_tunnel: CPU 0.34%, Mem 23.39MiB / 7.598GiB
baldia_mart_admin: CPU 0.00%, Mem 44.78MiB / 7.598GiB
baldia_mart_cache: CPU 0.57%, Mem 9.543MiB / 7.598GiB
agitated_gould: CPU 0.35%, Mem 20.55MiB / 7.598GiB
PG Connections: 86
Redis Commands: 553498
---
[2026-05-04T10:34:25.320Z] 
baldia_mart_api: CPU 3.57%, Mem 212.7MiB / 7.598GiB
baldia_mart_tunnel: CPU 0.64%, Mem 23.39MiB / 7.598GiB
baldia_mart_admin: CPU 0.00%, Mem 44.78MiB / 7.598GiB
baldia_mart_cache: CPU 0.64%, Mem 9.793MiB / 7.598GiB
agitated_gould: CPU 0.51%, Mem 20.8MiB / 7.598GiB
PG Connections: 86
Redis Commands: 555614
---
[2026-05-04T10:35:25.309Z] 
baldia_mart_api: CPU 4.90%, Mem 211.1MiB / 7.598GiB
baldia_mart_tunnel: CPU 0.69%, Mem 23.39MiB / 7.598GiB
baldia_mart_admin: CPU 0.00%, Mem 44.79MiB / 7.598GiB
baldia_mart_cache: CPU 0.54%, Mem 9.543MiB / 7.598GiB
agitated_gould: CPU 0.40%, Mem 20.8MiB / 7.598GiB
PG Connections: 86
Redis Commands: 557725
---
[2026-05-04T10:36:25.165Z] 
baldia_mart_api: CPU 2.13%, Mem 211MiB / 7.598GiB
baldia_mart_tunnel: CPU 0.49%, Mem 23.39MiB / 7.598GiB
baldia_mart_admin: CPU 0.00%, Mem 44.79MiB / 7.598GiB
baldia_mart_cache: CPU 0.53%, Mem 9.793MiB / 7.598GiB
agitated_gould: CPU 0.43%, Mem 20.55MiB / 7.598GiB
PG Connections: 86
Redis Commands: 559836
---
[2026-05-04T10:37:25.194Z] 
baldia_mart_api: CPU 1.93%, Mem 210.5MiB / 7.598GiB
baldia_mart_tunnel: CPU 0.36%, Mem 23.39MiB / 7.598GiB
baldia_mart_admin: CPU 0.00%, Mem 44.79MiB / 7.598GiB
baldia_mart_cache: CPU 2.16%, Mem 9.543MiB / 7.598GiB
agitated_gould: CPU 0.29%, Mem 20.55MiB / 7.598GiB
PG Connections: 86
Redis Commands: 561947
---
[2026-05-04T10:38:25.238Z] 
baldia_mart_api: CPU 3.17%, Mem 210.4MiB / 7.598GiB
baldia_mart_tunnel: CPU 0.29%, Mem 23.39MiB / 7.598GiB
baldia_mart_admin: CPU 0.00%, Mem 44.79MiB / 7.598GiB
baldia_mart_cache: CPU 0.60%, Mem 9.793MiB / 7.598GiB
agitated_gould: CPU 0.37%, Mem 20.8MiB / 7.598GiB
PG Connections: 86
Redis Commands: 564058
---
[2026-05-04T10:39:25.158Z] 
baldia_mart_api: CPU 2.46%, Mem 211.1MiB / 7.598GiB
baldia_mart_tunnel: CPU 0.53%, Mem 23.39MiB / 7.598GiB
baldia_mart_admin: CPU 0.00%, Mem 44.79MiB / 7.598GiB
baldia_mart_cache: CPU 0.67%, Mem 9.555MiB / 7.598GiB
agitated_gould: CPU 0.42%, Mem 20.55MiB / 7.598GiB
PG Connections: 86
Redis Commands: 566169
---
[2026-05-04T10:40:25.224Z] 
baldia_mart_api: CPU 16.29%, Mem 210.3MiB / 7.598GiB
baldia_mart_tunnel: CPU 0.37%, Mem 23.39MiB / 7.598GiB
baldia_mart_admin: CPU 0.00%, Mem 44.79MiB / 7.598GiB
baldia_mart_cache: CPU 0.68%, Mem 9.797MiB / 7.598GiB
agitated_gould: CPU 0.32%, Mem 20.55MiB / 7.598GiB
PG Connections: 86
Redis Commands: 568280
---
[2026-05-04T10:41:25.199Z] 
baldia_mart_api: CPU 10.56%, Mem 211.2MiB / 7.598GiB
baldia_mart_tunnel: CPU 0.46%, Mem 23.4MiB / 7.598GiB
baldia_mart_admin: CPU 0.00%, Mem 44.79MiB / 7.598GiB
baldia_mart_cache: CPU 1.72%, Mem 9.555MiB / 7.598GiB
agitated_gould: CPU 0.65%, Mem 20.55MiB / 7.598GiB
PG Connections: 86
Redis Commands: 570383
---
[2026-05-04T10:42:26.428Z] 
baldia_mart_api: CPU 67.45%, Mem 209.2MiB / 7.598GiB
baldia_mart_tunnel: CPU 1.05%, Mem 23.39MiB / 7.598GiB
baldia_mart_admin: CPU 0.00%, Mem 44.79MiB / 7.598GiB
baldia_mart_cache: CPU 2.96%, Mem 9.547MiB / 7.598GiB
agitated_gould: CPU 0.72%, Mem 20.55MiB / 7.598GiB
PG Connections: 86
Redis Commands: 572502
---
[2026-05-04T10:43:26.520Z] 
baldia_mart_api: CPU 8.73%, Mem 210.2MiB / 7.598GiB
baldia_mart_tunnel: CPU 0.93%, Mem 23.64MiB / 7.598GiB
baldia_mart_admin: CPU 0.00%, Mem 44.79MiB / 7.598GiB
baldia_mart_cache: CPU 1.27%, Mem 9.797MiB / 7.598GiB
agitated_gould: CPU 0.56%, Mem 20.55MiB / 7.598GiB
PG Connections: 86
Redis Commands: 574605
---
[2026-05-04T10:44:25.330Z] 
baldia_mart_api: CPU 35.61%, Mem 210.7MiB / 7.598GiB
baldia_mart_tunnel: CPU 0.64%, Mem 23.4MiB / 7.598GiB
baldia_mart_admin: CPU 0.00%, Mem 44.79MiB / 7.598GiB
baldia_mart_cache: CPU 7.29%, Mem 9.801MiB / 7.598GiB
agitated_gould: CPU 0.55%, Mem 20.81MiB / 7.598GiB
PG Connections: 86
Redis Commands: 576716
---
[2026-05-04T10:45:26.155Z] 
baldia_mart_api: CPU 26.94%, Mem 210.6MiB / 7.598GiB
baldia_mart_tunnel: CPU 0.61%, Mem 23.39MiB / 7.598GiB
baldia_mart_admin: CPU 0.00%, Mem 44.79MiB / 7.598GiB
baldia_mart_cache: CPU 1.96%, Mem 9.547MiB / 7.598GiB
agitated_gould: CPU 1.18%, Mem 20.81MiB / 7.598GiB
PG Connections: 86
Redis Commands: 578832
---
[2026-05-04T10:46:25.522Z] 
baldia_mart_api: CPU 3.44%, Mem 210.6MiB / 7.598GiB
baldia_mart_tunnel: CPU 0.59%, Mem 23.4MiB / 7.598GiB
baldia_mart_admin: CPU 0.00%, Mem 44.79MiB / 7.598GiB
baldia_mart_cache: CPU 1.01%, Mem 9.543MiB / 7.598GiB
agitated_gould: CPU 0.62%, Mem 20.57MiB / 7.598GiB
PG Connections: 86
Redis Commands: 580948
---
[2026-05-04T10:47:25.558Z] 
baldia_mart_api: CPU 5.38%, Mem 208.9MiB / 7.598GiB
baldia_mart_tunnel: CPU 1.33%, Mem 23.4MiB / 7.598GiB
baldia_mart_admin: CPU 0.00%, Mem 44.79MiB / 7.598GiB
baldia_mart_cache: CPU 2.35%, Mem 9.801MiB / 7.598GiB
agitated_gould: CPU 0.78%, Mem 20.57MiB / 7.598GiB
PG Connections: 86
Redis Commands: 583059
---
[2026-05-04T10:48:25.839Z] 
baldia_mart_api: CPU 14.48%, Mem 209.6MiB / 7.598GiB
baldia_mart_tunnel: CPU 0.67%, Mem 23.4MiB / 7.598GiB
baldia_mart_admin: CPU 0.00%, Mem 44.79MiB / 7.598GiB
baldia_mart_cache: CPU 1.50%, Mem 9.547MiB / 7.598GiB
agitated_gould: CPU 5.41%, Mem 20.57MiB / 7.598GiB
PG Connections: 86
Redis Commands: 585175
---
[2026-05-04T10:49:25.604Z] 
baldia_mart_api: CPU 19.52%, Mem 210.4MiB / 7.598GiB
baldia_mart_tunnel: CPU 0.59%, Mem 23.4MiB / 7.598GiB
baldia_mart_admin: CPU 0.00%, Mem 44.79MiB / 7.598GiB
baldia_mart_cache: CPU 1.84%, Mem 9.797MiB / 7.598GiB
agitated_gould: CPU 0.63%, Mem 20.57MiB / 7.598GiB
PG Connections: 86
Redis Commands: 587283
---
[2026-05-04T10:50:25.763Z] 
baldia_mart_api: CPU 3.08%, Mem 209.3MiB / 7.598GiB
baldia_mart_tunnel: CPU 0.48%, Mem 23.4MiB / 7.598GiB
baldia_mart_admin: CPU 0.00%, Mem 44.79MiB / 7.598GiB
baldia_mart_cache: CPU 0.75%, Mem 9.547MiB / 7.598GiB
agitated_gould: CPU 0.54%, Mem 20.57MiB / 7.598GiB
PG Connections: 86
Redis Commands: 589399
---
[2026-05-04T10:51:25.942Z] 
baldia_mart_api: CPU 5.66%, Mem 209.6MiB / 7.598GiB
baldia_mart_tunnel: CPU 0.53%, Mem 23.65MiB / 7.598GiB
baldia_mart_admin: CPU 0.00%, Mem 44.79MiB / 7.598GiB
baldia_mart_cache: CPU 0.89%, Mem 9.543MiB / 7.598GiB
agitated_gould: CPU 0.60%, Mem 20.57MiB / 7.598GiB
PG Connections: 86
Redis Commands: 591515
---
[2026-05-04T10:52:38.738Z] 
baldia_mart_api: CPU 12.51%, Mem 209.2MiB / 7.598GiB
baldia_mart_tunnel: CPU 0.36%, Mem 23.4MiB / 7.598GiB
baldia_mart_admin: CPU 0.00%, Mem 44.79MiB / 7.598GiB
baldia_mart_cache: CPU 2.17%, Mem 9.543MiB / 7.598GiB
agitated_gould: CPU 0.50%, Mem 20.57MiB / 7.598GiB
PG Connections: 86
Redis Commands: 594047
---
[2026-05-04T10:53:26.198Z] 
baldia_mart_api: CPU 2.21%, Mem 209.9MiB / 7.598GiB
baldia_mart_tunnel: CPU 0.52%, Mem 23.4MiB / 7.598GiB
baldia_mart_admin: CPU 0.00%, Mem 44.79MiB / 7.598GiB
baldia_mart_cache: CPU 0.73%, Mem 9.551MiB / 7.598GiB
agitated_gould: CPU 0.31%, Mem 20.82MiB / 7.598GiB
PG Connections: 86
Redis Commands: 595747
---
[2026-05-04T10:54:25.543Z] 
baldia_mart_api: CPU 0.85%, Mem 209.7MiB / 7.598GiB
baldia_mart_tunnel: CPU 0.53%, Mem 23.28MiB / 7.598GiB
baldia_mart_admin: CPU 0.00%, Mem 44.79MiB / 7.598GiB
baldia_mart_cache: CPU 0.57%, Mem 9.559MiB / 7.598GiB
agitated_gould: CPU 0.38%, Mem 20.46MiB / 7.598GiB
PG Connections: 86
Redis Commands: 597756
---
[2026-05-04T10:55:26.011Z] 
baldia_mart_api: CPU 6.03%, Mem 211.1MiB / 7.598GiB
baldia_mart_tunnel: CPU 0.62%, Mem 23.27MiB / 7.598GiB
baldia_mart_admin: CPU 0.00%, Mem 44.8MiB / 7.598GiB
baldia_mart_cache: CPU 0.92%, Mem 9.555MiB / 7.598GiB
agitated_gould: CPU 0.77%, Mem 20.46MiB / 7.598GiB
PG Connections: 86
Redis Commands: 599979
---
[2026-05-04T10:56:25.444Z] 
baldia_mart_api: CPU 16.21%, Mem 212.6MiB / 7.598GiB
baldia_mart_tunnel: CPU 0.58%, Mem 23.31MiB / 7.598GiB
baldia_mart_admin: CPU 0.00%, Mem 44.8MiB / 7.598GiB
baldia_mart_cache: CPU 0.71%, Mem 9.555MiB / 7.598GiB
agitated_gould: CPU 0.72%, Mem 20.46MiB / 7.598GiB
PG Connections: 86
Redis Commands: 601980
---
[2026-05-04T10:57:25.472Z] 
baldia_mart_api: CPU 2.96%, Mem 210.1MiB / 7.598GiB
baldia_mart_tunnel: CPU 0.54%, Mem 23.31MiB / 7.598GiB
baldia_mart_admin: CPU 0.00%, Mem 44.8MiB / 7.598GiB
baldia_mart_cache: CPU 0.69%, Mem 9.555MiB / 7.598GiB
agitated_gould: CPU 0.34%, Mem 20.46MiB / 7.598GiB
PG Connections: 86
Redis Commands: 604096
---
[2026-05-04T10:58:25.349Z] 
baldia_mart_api: CPU 1.34%, Mem 211.1MiB / 7.598GiB
baldia_mart_tunnel: CPU 0.46%, Mem 23.56MiB / 7.598GiB
baldia_mart_admin: CPU 0.00%, Mem 44.8MiB / 7.598GiB
baldia_mart_cache: CPU 0.51%, Mem 9.551MiB / 7.598GiB
agitated_gould: CPU 0.26%, Mem 20.46MiB / 7.598GiB
PG Connections: 86
Redis Commands: 606212
---
[2026-05-04T10:59:25.612Z] 
baldia_mart_api: CPU 1.32%, Mem 210.2MiB / 7.598GiB
baldia_mart_tunnel: CPU 0.60%, Mem 23.32MiB / 7.598GiB
baldia_mart_admin: CPU 0.00%, Mem 44.8MiB / 7.598GiB
baldia_mart_cache: CPU 0.57%, Mem 9.801MiB / 7.598GiB
agitated_gould: CPU 0.41%, Mem 20.71MiB / 7.598GiB
PG Connections: 86
Redis Commands: 608323
---
[2026-05-04T11:00:25.494Z] 
baldia_mart_api: CPU 0.06%, Mem 210.2MiB / 7.598GiB
baldia_mart_tunnel: CPU 0.44%, Mem 23.32MiB / 7.598GiB
baldia_mart_admin: CPU 0.00%, Mem 44.8MiB / 7.598GiB
baldia_mart_cache: CPU 0.70%, Mem 9.805MiB / 7.598GiB
agitated_gould: CPU 0.46%, Mem 20.46MiB / 7.598GiB
PG Connections: 86
Redis Commands: 610439
---
[2026-05-04T11:01:25.534Z] 
baldia_mart_api: CPU 0.17%, Mem 210.7MiB / 7.598GiB
baldia_mart_tunnel: CPU 0.39%, Mem 23.57MiB / 7.598GiB
baldia_mart_admin: CPU 0.00%, Mem 44.8MiB / 7.598GiB
baldia_mart_cache: CPU 0.61%, Mem 9.555MiB / 7.598GiB
agitated_gould: CPU 0.39%, Mem 20.46MiB / 7.598GiB
PG Connections: 86
Redis Commands: 612555
---
[2026-05-04T11:02:27.262Z] 
baldia_mart_api: CPU 3.76%, Mem 210.2MiB / 7.598GiB
baldia_mart_tunnel: CPU 3.11%, Mem 23.32MiB / 7.598GiB
baldia_mart_admin: CPU 0.00%, Mem 44.8MiB / 7.598GiB
baldia_mart_cache: CPU 0.86%, Mem 9.555MiB / 7.598GiB
agitated_gould: CPU 0.39%, Mem 20.46MiB / 7.598GiB
PG Connections: 86
Redis Commands: 614778
---
[2026-05-04T11:03:25.459Z] 
baldia_mart_api: CPU 11.06%, Mem 211.3MiB / 7.598GiB
baldia_mart_tunnel: CPU 0.30%, Mem 23.32MiB / 7.598GiB
baldia_mart_admin: CPU 0.00%, Mem 44.8MiB / 7.598GiB
baldia_mart_cache: CPU 1.14%, Mem 9.555MiB / 7.598GiB
agitated_gould: CPU 0.44%, Mem 20.46MiB / 7.598GiB
PG Connections: 86
Redis Commands: 616779
---
[2026-05-04T11:04:25.970Z] 
baldia_mart_api: CPU 19.12%, Mem 211.2MiB / 7.598GiB
baldia_mart_tunnel: CPU 0.57%, Mem 23.32MiB / 7.598GiB
baldia_mart_admin: CPU 0.00%, Mem 44.8MiB / 7.598GiB
baldia_mart_cache: CPU 2.41%, Mem 9.555MiB / 7.598GiB
agitated_gould: CPU 0.55%, Mem 20.53MiB / 7.598GiB
PG Connections: 86
Redis Commands: 618895
---
[2026-05-04T11:05:26.186Z] 
baldia_mart_api: CPU 4.93%, Mem 212.9MiB / 7.598GiB
baldia_mart_tunnel: CPU 0.51%, Mem 23.32MiB / 7.598GiB
baldia_mart_admin: CPU 0.00%, Mem 44.8MiB / 7.598GiB
baldia_mart_cache: CPU 1.77%, Mem 9.801MiB / 7.598GiB
agitated_gould: CPU 0.47%, Mem 20.53MiB / 7.598GiB
PG Connections: 86
Redis Commands: 621006
---
[2026-05-04T11:06:25.753Z] 
baldia_mart_api: CPU 12.78%, Mem 212.3MiB / 7.598GiB
baldia_mart_tunnel: CPU 0.48%, Mem 23.32MiB / 7.598GiB
baldia_mart_admin: CPU 0.00%, Mem 44.8MiB / 7.598GiB
baldia_mart_cache: CPU 1.44%, Mem 9.801MiB / 7.598GiB
agitated_gould: CPU 0.38%, Mem 20.53MiB / 7.598GiB
PG Connections: 86
Redis Commands: 623117
---
[2026-05-04T11:07:25.863Z] 
baldia_mart_api: CPU 14.33%, Mem 211.9MiB / 7.598GiB
baldia_mart_tunnel: CPU 0.30%, Mem 23.32MiB / 7.598GiB
baldia_mart_admin: CPU 0.00%, Mem 44.8MiB / 7.598GiB
baldia_mart_cache: CPU 0.76%, Mem 9.551MiB / 7.598GiB
agitated_gould: CPU 0.55%, Mem 20.53MiB / 7.598GiB
PG Connections: 86
Redis Commands: 625228
---
[2026-05-04T11:08:26.287Z] 
baldia_mart_api: CPU 25.40%, Mem 213.3MiB / 7.598GiB
baldia_mart_tunnel: CPU 0.49%, Mem 23.57MiB / 7.598GiB
baldia_mart_admin: CPU 0.00%, Mem 44.8MiB / 7.598GiB
baldia_mart_cache: CPU 2.33%, Mem 9.555MiB / 7.598GiB
agitated_gould: CPU 1.10%, Mem 20.53MiB / 7.598GiB
PG Connections: 86
Redis Commands: 627344
---
[2026-05-04T11:09:29.973Z] 
baldia_mart_api: CPU 3.49%, Mem 211.2MiB / 7.598GiB
baldia_mart_tunnel: CPU 1.08%, Mem 23.57MiB / 7.598GiB
baldia_mart_admin: CPU 0.00%, Mem 44.8MiB / 7.598GiB
baldia_mart_cache: CPU 3.29%, Mem 9.562MiB / 7.598GiB
agitated_gould: CPU 1.01%, Mem 20.53MiB / 7.598GiB
PG Connections: 86
Redis Commands: 629570
---
[2026-05-04T11:10:26.747Z] 
baldia_mart_api: CPU 28.83%, Mem 211.4MiB / 7.598GiB
baldia_mart_tunnel: CPU 0.58%, Mem 23.32MiB / 7.598GiB
baldia_mart_admin: CPU 0.00%, Mem 44.8MiB / 7.598GiB
baldia_mart_cache: CPU 1.85%, Mem 9.812MiB / 7.598GiB
agitated_gould: CPU 0.52%, Mem 20.53MiB / 7.598GiB
PG Connections: 86
Redis Commands: 631571
---
[2026-05-04T11:11:25.070Z] 
baldia_mart_api: CPU 1.87%, Mem 211MiB / 7.598GiB
baldia_mart_tunnel: CPU 0.47%, Mem 23.32MiB / 7.598GiB
baldia_mart_admin: CPU 0.00%, Mem 44.8MiB / 7.598GiB
baldia_mart_cache: CPU 0.58%, Mem 9.562MiB / 7.598GiB
agitated_gould: CPU 0.50%, Mem 20.53MiB / 7.598GiB
PG Connections: 86
Redis Commands: 633574
---
[2026-05-04T11:12:24.988Z] 
baldia_mart_api: CPU 1.53%, Mem 210.5MiB / 7.598GiB
baldia_mart_tunnel: CPU 0.54%, Mem 23.32MiB / 7.598GiB
baldia_mart_admin: CPU 0.00%, Mem 44.8MiB / 7.598GiB
baldia_mart_cache: CPU 0.44%, Mem 9.562MiB / 7.598GiB
agitated_gould: CPU 0.80%, Mem 20.53MiB / 7.598GiB
PG Connections: 86
Redis Commands: 635685
---
[2026-05-04T11:13:25.357Z] 
baldia_mart_api: CPU 1.28%, Mem 211.6MiB / 7.598GiB
baldia_mart_tunnel: CPU 0.64%, Mem 23.33MiB / 7.598GiB
baldia_mart_admin: CPU 0.00%, Mem 44.8MiB / 7.598GiB
baldia_mart_cache: CPU 0.50%, Mem 9.559MiB / 7.598GiB
agitated_gould: CPU 0.43%, Mem 20.53MiB / 7.598GiB
PG Connections: 86
Redis Commands: 637796
---
[2026-05-04T11:14:25.779Z] 
baldia_mart_api: CPU 2.57%, Mem 210.5MiB / 7.598GiB
baldia_mart_tunnel: CPU 0.55%, Mem 23.33MiB / 7.598GiB
baldia_mart_admin: CPU 0.00%, Mem 44.8MiB / 7.598GiB
baldia_mart_cache: CPU 0.52%, Mem 9.809MiB / 7.598GiB
agitated_gould: CPU 0.45%, Mem 20.53MiB / 7.598GiB
PG Connections: 86
Redis Commands: 639907
---
[2026-05-04T11:15:24.651Z] 
baldia_mart_api: CPU 9.37%, Mem 210.6MiB / 7.598GiB
baldia_mart_tunnel: CPU 0.45%, Mem 23.33MiB / 7.598GiB
baldia_mart_admin: CPU 0.00%, Mem 44.81MiB / 7.598GiB
baldia_mart_cache: CPU 0.60%, Mem 9.809MiB / 7.598GiB
agitated_gould: CPU 0.41%, Mem 20.78MiB / 7.598GiB
PG Connections: 86
Redis Commands: 642018
---
[2026-05-04T11:16:25.569Z] 
baldia_mart_api: CPU 2.50%, Mem 210.8MiB / 7.598GiB
baldia_mart_tunnel: CPU 0.44%, Mem 23.33MiB / 7.598GiB
baldia_mart_admin: CPU 0.00%, Mem 44.81MiB / 7.598GiB
baldia_mart_cache: CPU 0.59%, Mem 9.812MiB / 7.598GiB
agitated_gould: CPU 0.38%, Mem 20.78MiB / 7.598GiB
PG Connections: 86
Redis Commands: 644134
---
[2026-05-04T11:17:26.419Z] 
baldia_mart_api: CPU 10.65%, Mem 211.1MiB / 7.598GiB
baldia_mart_tunnel: CPU 0.74%, Mem 23.33MiB / 7.598GiB
baldia_mart_admin: CPU 0.00%, Mem 44.81MiB / 7.598GiB
baldia_mart_cache: CPU 0.88%, Mem 9.812MiB / 7.598GiB
agitated_gould: CPU 0.87%, Mem 20.53MiB / 7.598GiB
PG Connections: 86
Redis Commands: 646245
---
[2026-05-04T11:18:25.503Z] 
baldia_mart_api: CPU 12.52%, Mem 211.7MiB / 7.598GiB
baldia_mart_tunnel: CPU 0.33%, Mem 23.33MiB / 7.598GiB
baldia_mart_admin: CPU 0.00%, Mem 44.81MiB / 7.598GiB
baldia_mart_cache: CPU 0.58%, Mem 9.566MiB / 7.598GiB
agitated_gould: CPU 0.23%, Mem 20.6MiB / 7.598GiB
PG Connections: 86
Redis Commands: 648356
---
[2026-05-04T11:19:25.540Z] 
baldia_mart_api: CPU 11.71%, Mem 210.4MiB / 7.598GiB
baldia_mart_tunnel: CPU 0.38%, Mem 23.33MiB / 7.598GiB
baldia_mart_admin: CPU 0.00%, Mem 44.81MiB / 7.598GiB
baldia_mart_cache: CPU 0.53%, Mem 9.57MiB / 7.598GiB
agitated_gould: CPU 0.45%, Mem 20.6MiB / 7.598GiB
PG Connections: 86
Redis Commands: 650472
---
[2026-05-04T11:20:25.516Z] 
baldia_mart_api: CPU 2.82%, Mem 209MiB / 7.598GiB
baldia_mart_tunnel: CPU 0.45%, Mem 23.33MiB / 7.598GiB
baldia_mart_admin: CPU 0.00%, Mem 44.81MiB / 7.598GiB
baldia_mart_cache: CPU 0.55%, Mem 9.562MiB / 7.598GiB
agitated_gould: CPU 0.36%, Mem 20.6MiB / 7.598GiB
PG Connections: 86
Redis Commands: 652583
---
[2026-05-04T11:21:25.902Z] 
baldia_mart_api: CPU 2.90%, Mem 209.5MiB / 7.598GiB
baldia_mart_tunnel: CPU 0.44%, Mem 23.33MiB / 7.598GiB
baldia_mart_admin: CPU 0.00%, Mem 44.81MiB / 7.598GiB
baldia_mart_cache: CPU 0.57%, Mem 9.562MiB / 7.598GiB
agitated_gould: CPU 0.62%, Mem 20.6MiB / 7.598GiB
PG Connections: 86
Redis Commands: 654686
---
[2026-05-04T11:22:25.573Z] 
baldia_mart_api: CPU 12.42%, Mem 210.2MiB / 7.598GiB
baldia_mart_tunnel: CPU 0.53%, Mem 23.33MiB / 7.598GiB
baldia_mart_admin: CPU 0.00%, Mem 44.81MiB / 7.598GiB
baldia_mart_cache: CPU 0.59%, Mem 9.562MiB / 7.598GiB
agitated_gould: CPU 0.38%, Mem 20.61MiB / 7.598GiB
PG Connections: 86
Redis Commands: 656797
---
[2026-05-04T11:23:25.549Z] 
baldia_mart_api: CPU 2.40%, Mem 210.3MiB / 7.598GiB
baldia_mart_tunnel: CPU 0.34%, Mem 23.34MiB / 7.598GiB
baldia_mart_admin: CPU 0.00%, Mem 44.81MiB / 7.598GiB
baldia_mart_cache: CPU 0.83%, Mem 9.562MiB / 7.598GiB
agitated_gould: CPU 0.38%, Mem 20.61MiB / 7.598GiB
PG Connections: 86
Redis Commands: 658908
---
[2026-05-04T11:24:26.239Z] 
baldia_mart_api: CPU 19.91%, Mem 210MiB / 7.598GiB
baldia_mart_tunnel: CPU 0.87%, Mem 23.34MiB / 7.598GiB
baldia_mart_admin: CPU 0.00%, Mem 44.81MiB / 7.598GiB
baldia_mart_cache: CPU 0.79%, Mem 9.559MiB / 7.598GiB
agitated_gould: CPU 0.53%, Mem 20.61MiB / 7.598GiB
PG Connections: 86
Redis Commands: 661019
---
[2026-05-04T11:25:25.379Z] 
baldia_mart_api: CPU 2.49%, Mem 210.4MiB / 7.598GiB
baldia_mart_tunnel: CPU 0.50%, Mem 23.34MiB / 7.598GiB
baldia_mart_admin: CPU 0.00%, Mem 44.81MiB / 7.598GiB
baldia_mart_cache: CPU 0.66%, Mem 9.559MiB / 7.598GiB
agitated_gould: CPU 0.31%, Mem 20.61MiB / 7.598GiB
PG Connections: 86
Redis Commands: 663130
---
[2026-05-04T11:26:25.459Z] 
baldia_mart_api: CPU 2.86%, Mem 210.3MiB / 7.598GiB
baldia_mart_tunnel: CPU 0.40%, Mem 23.34MiB / 7.598GiB
baldia_mart_admin: CPU 0.00%, Mem 44.81MiB / 7.598GiB
baldia_mart_cache: CPU 0.71%, Mem 9.812MiB / 7.598GiB
agitated_gould: CPU 0.73%, Mem 20.48MiB / 7.598GiB
PG Connections: 86
Redis Commands: 665241
---
[2026-05-04T11:27:25.485Z] 
baldia_mart_api: CPU 12.94%, Mem 209.2MiB / 7.598GiB
baldia_mart_tunnel: CPU 0.47%, Mem 23.34MiB / 7.598GiB
baldia_mart_admin: CPU 0.00%, Mem 44.81MiB / 7.598GiB
baldia_mart_cache: CPU 0.73%, Mem 9.812MiB / 7.598GiB
agitated_gould: CPU 0.59%, Mem 20.48MiB / 7.598GiB
PG Connections: 86
Redis Commands: 667352
---
[2026-05-04T11:28:25.824Z] 
baldia_mart_api: CPU 2.63%, Mem 209.3MiB / 7.598GiB
baldia_mart_tunnel: CPU 0.62%, Mem 23.34MiB / 7.598GiB
baldia_mart_admin: CPU 0.00%, Mem 44.81MiB / 7.598GiB
baldia_mart_cache: CPU 0.69%, Mem 9.566MiB / 7.598GiB
agitated_gould: CPU 0.34%, Mem 20.48MiB / 7.598GiB
PG Connections: 86
Redis Commands: 669463
---
[2026-05-04T11:29:25.511Z] 
baldia_mart_api: CPU 2.68%, Mem 210.3MiB / 7.598GiB
baldia_mart_tunnel: CPU 0.60%, Mem 23.34MiB / 7.598GiB
baldia_mart_admin: CPU 0.00%, Mem 44.82MiB / 7.598GiB
baldia_mart_cache: CPU 0.69%, Mem 9.566MiB / 7.598GiB
agitated_gould: CPU 0.70%, Mem 20.48MiB / 7.598GiB
PG Connections: 86
Redis Commands: 671574
---
[2026-05-04T11:30:25.748Z] 
baldia_mart_api: CPU 17.06%, Mem 210.6MiB / 7.598GiB
baldia_mart_tunnel: CPU 0.43%, Mem 23.34MiB / 7.598GiB
baldia_mart_admin: CPU 0.00%, Mem 44.82MiB / 7.598GiB
baldia_mart_cache: CPU 0.74%, Mem 9.562MiB / 7.598GiB
agitated_gould: CPU 0.34%, Mem 20.48MiB / 7.598GiB
PG Connections: 86
Redis Commands: 673677
---
[2026-05-04T11:31:26.384Z] 
baldia_mart_api: CPU 72.31%, Mem 210.2MiB / 7.598GiB
baldia_mart_tunnel: CPU 0.69%, Mem 23.34MiB / 7.598GiB
baldia_mart_admin: CPU 0.00%, Mem 44.82MiB / 7.598GiB
baldia_mart_cache: CPU 0.76%, Mem 9.809MiB / 7.598GiB
agitated_gould: CPU 0.41%, Mem 20.48MiB / 7.598GiB
PG Connections: 86
Redis Commands: 675788
---
[2026-05-04T11:32:28.247Z] 
baldia_mart_api: CPU 25.55%, Mem 209.4MiB / 7.598GiB
baldia_mart_tunnel: CPU 0.78%, Mem 23.34MiB / 7.598GiB
baldia_mart_admin: CPU 0.00%, Mem 44.82MiB / 7.598GiB
baldia_mart_cache: CPU 1.10%, Mem 9.809MiB / 7.598GiB
agitated_gould: CPU 0.75%, Mem 20.48MiB / 7.598GiB
PG Connections: 86
Redis Commands: 678014
---
[2026-05-04T11:33:25.895Z] 
baldia_mart_api: CPU 2.67%, Mem 209.9MiB / 7.598GiB
baldia_mart_tunnel: CPU 0.52%, Mem 23.34MiB / 7.598GiB
baldia_mart_admin: CPU 0.00%, Mem 44.82MiB / 7.598GiB
baldia_mart_cache: CPU 0.59%, Mem 9.562MiB / 7.598GiB
agitated_gould: CPU 0.65%, Mem 20.48MiB / 7.598GiB
PG Connections: 86
Redis Commands: 680015
---
[2026-05-04T11:34:25.912Z] 
baldia_mart_api: CPU 1.76%, Mem 210MiB / 7.598GiB
baldia_mart_tunnel: CPU 0.56%, Mem 23.34MiB / 7.598GiB
baldia_mart_admin: CPU 0.00%, Mem 44.82MiB / 7.598GiB
baldia_mart_cache: CPU 1.38%, Mem 9.559MiB / 7.598GiB
agitated_gould: CPU 0.28%, Mem 20.48MiB / 7.598GiB
PG Connections: 86
Redis Commands: 682126
---
[2026-05-04T11:35:26.106Z] 
baldia_mart_api: CPU 2.42%, Mem 210.3MiB / 7.598GiB
baldia_mart_tunnel: CPU 0.87%, Mem 23.34MiB / 7.598GiB
baldia_mart_admin: CPU 0.00%, Mem 44.82MiB / 7.598GiB
baldia_mart_cache: CPU 0.72%, Mem 9.562MiB / 7.598GiB
agitated_gould: CPU 0.49%, Mem 20.48MiB / 7.598GiB
PG Connections: 86
Redis Commands: 684237
---
[2026-05-04T11:36:27.095Z] 
baldia_mart_api: CPU 94.14%, Mem 210MiB / 7.598GiB
baldia_mart_tunnel: CPU 0.57%, Mem 23.34MiB / 7.598GiB
baldia_mart_admin: CPU 0.00%, Mem 44.82MiB / 7.598GiB
baldia_mart_cache: CPU 3.47%, Mem 9.812MiB / 7.598GiB
agitated_gould: CPU 0.56%, Mem 20.49MiB / 7.598GiB
PG Connections: 86
Redis Commands: 686455
---
[2026-05-04T11:37:31.097Z] 
baldia_mart_api: CPU 20.26%, Mem 211.1MiB / 7.598GiB
baldia_mart_tunnel: CPU 1.15%, Mem 23.34MiB / 7.598GiB
baldia_mart_admin: CPU 0.00%, Mem 44.82MiB / 7.598GiB
baldia_mart_cache: CPU 1.01%, Mem 9.809MiB / 7.598GiB
agitated_gould: CPU 1.11%, Mem 20.48MiB / 7.598GiB
PG Connections: 87
Redis Commands: 688617
---
[2026-05-04T11:38:43.880Z] 
baldia_mart_api: CPU 304.51%, Mem 212.6MiB / 7.598GiB
baldia_mart_tunnel: CPU 3.14%, Mem 23.34MiB / 7.598GiB
baldia_mart_admin: CPU 0.00%, Mem 44.82MiB / 7.598GiB
baldia_mart_cache: CPU 2.85%, Mem 9.559MiB / 7.598GiB
agitated_gould: CPU 2.48%, Mem 20.48MiB / 7.598GiB
PG Connections: 86
Redis Commands: 691211
---
[2026-05-04T11:39:29.620Z] 
baldia_mart_api: CPU 8.63%, Mem 211.6MiB / 7.598GiB
baldia_mart_tunnel: CPU 0.72%, Mem 23.34MiB / 7.598GiB
baldia_mart_admin: CPU 0.00%, Mem 44.82MiB / 7.598GiB
baldia_mart_cache: CPU 1.20%, Mem 9.812MiB / 7.598GiB
agitated_gould: CPU 3.71%, Mem 20.48MiB / 7.598GiB
PG Connections: 86
Redis Commands: 692790
---
[2026-05-04T11:40:26.579Z] 
baldia_mart_api: CPU 0.32%, Mem 212.5MiB / 7.598GiB
baldia_mart_tunnel: CPU 0.50%, Mem 23.34MiB / 7.598GiB
baldia_mart_admin: CPU 0.00%, Mem 44.82MiB / 7.598GiB
baldia_mart_cache: CPU 1.42%, Mem 9.559MiB / 7.598GiB
agitated_gould: CPU 0.65%, Mem 20.3MiB / 7.598GiB
PG Connections: 86
Redis Commands: 694791
---
[2026-05-04T11:41:29.387Z] 
baldia_mart_api: CPU 12.02%, Mem 212.1MiB / 7.598GiB
baldia_mart_tunnel: CPU 0.71%, Mem 23.59MiB / 7.598GiB
baldia_mart_admin: CPU 0.00%, Mem 44.82MiB / 7.598GiB
baldia_mart_cache: CPU 5.27%, Mem 9.559MiB / 7.598GiB
agitated_gould: CPU 0.92%, Mem 20.31MiB / 7.598GiB
PG Connections: 86
Redis Commands: 697017
---
[2026-05-04T11:42:29.857Z] 
baldia_mart_api: CPU 10.17%, Mem 212.2MiB / 7.598GiB
baldia_mart_tunnel: CPU 1.51%, Mem 23.34MiB / 7.598GiB
baldia_mart_admin: CPU 0.00%, Mem 44.82MiB / 7.598GiB
baldia_mart_cache: CPU 1.86%, Mem 9.812MiB / 7.598GiB
agitated_gould: CPU 0.96%, Mem 20.3MiB / 7.598GiB
PG Connections: 86
Redis Commands: 699125
---
[2026-05-04T11:43:28.758Z] 
baldia_mart_api: CPU 4.58%, Mem 211.5MiB / 7.598GiB
baldia_mart_tunnel: CPU 1.12%, Mem 23.34MiB / 7.598GiB
baldia_mart_admin: CPU 0.00%, Mem 44.82MiB / 7.598GiB
baldia_mart_cache: CPU 1.65%, Mem 9.809MiB / 7.598GiB
agitated_gould: CPU 1.21%, Mem 20.3MiB / 7.598GiB
PG Connections: 86
Redis Commands: 701241
---
[2026-05-04T11:44:47.476Z] 
baldia_mart_api: CPU 226.42%, Mem 209.5MiB / 7.598GiB
baldia_mart_tunnel: CPU 2.95%, Mem 23.34MiB / 7.598GiB
baldia_mart_admin: CPU 0.00%, Mem 44.82MiB / 7.598GiB
baldia_mart_cache: CPU 175.58%, Mem 10.64MiB / 7.598GiB
agitated_gould: CPU 2.20%, Mem 20.33MiB / 7.598GiB
PG Connections: 85
Redis Commands: 703783
---
[2026-05-04T11:45:38.779Z] 
baldia_mart_api: CPU 44.27%, Mem 210MiB / 7.598GiB
baldia_mart_tunnel: CPU 2.56%, Mem 23.35MiB / 7.598GiB
baldia_mart_admin: CPU 0.03%, Mem 44.82MiB / 7.598GiB
baldia_mart_cache: CPU 9.75%, Mem 9.582MiB / 7.598GiB
agitated_gould: CPU 1.69%, Mem 20.35MiB / 7.598GiB
PG Connections: 86
Redis Commands: 705763
---
[2026-05-04T11:46:55.835Z] 
baldia_mart_api: CPU 8.44%, Mem 210.9MiB / 7.598GiB
baldia_mart_tunnel: CPU 0.22%, Mem 23.38MiB / 7.598GiB
baldia_mart_admin: CPU 0.00%, Mem 44.82MiB / 7.598GiB
baldia_mart_cache: CPU 1.72%, Mem 9.562MiB / 7.598GiB
agitated_gould: CPU 0.35%, Mem 20.38MiB / 7.598GiB
PG Connections: 86
Redis Commands: 708498
---
[2026-05-04T11:48:26.460Z] 
baldia_mart_api: CPU 118.54%, Mem 210.5MiB / 7.598GiB
baldia_mart_tunnel: CPU 0.26%, Mem 23.38MiB / 7.598GiB
baldia_mart_admin: CPU 0.00%, Mem 44.82MiB / 7.598GiB
baldia_mart_cache: CPU 5.32%, Mem 9.59MiB / 7.598GiB
agitated_gould: CPU 0.29%, Mem 20.38MiB / 7.598GiB
PG Connections: 86
Redis Commands: 711453
---
[2026-05-04T11:48:36.183Z] 
baldia_mart_api: CPU 35.46%, Mem 211MiB / 7.598GiB
baldia_mart_tunnel: CPU 0.53%, Mem 23.38MiB / 7.598GiB
baldia_mart_admin: CPU 0.00%, Mem 44.82MiB / 7.598GiB
baldia_mart_cache: CPU 1.51%, Mem 9.566MiB / 7.598GiB
agitated_gould: CPU 0.32%, Mem 20.38MiB / 7.598GiB
PG Connections: 86
Redis Commands: 711985
---
[2026-05-04T11:49:43.548Z] 
baldia_mart_api: CPU 24.58%, Mem 211.4MiB / 7.598GiB
baldia_mart_tunnel: CPU 0.43%, Mem 23.37MiB / 7.598GiB
baldia_mart_admin: CPU 0.00%, Mem 44.83MiB / 7.598GiB
baldia_mart_cache: CPU 3.88%, Mem 9.57MiB / 7.598GiB
agitated_gould: CPU 0.00%, Mem 20.37MiB / 7.598GiB
PG Connections: 86
Redis Commands: 714309
---
[2026-05-04T11:50:29.959Z] 
baldia_mart_api: CPU 10.10%, Mem 210.3MiB / 7.598GiB
baldia_mart_tunnel: CPU 1.00%, Mem 23.42MiB / 7.598GiB
baldia_mart_admin: CPU 0.00%, Mem 44.83MiB / 7.598GiB
baldia_mart_cache: CPU 1.61%, Mem 10.07MiB / 7.598GiB
agitated_gould: CPU 0.63%, Mem 20.39MiB / 7.598GiB
PG Connections: 86
Redis Commands: 715994
---
[2026-05-04T11:51:30.497Z] 
baldia_mart_api: CPU 18.41%, Mem 210.2MiB / 7.598GiB
baldia_mart_tunnel: CPU 1.02%, Mem 23.42MiB / 7.598GiB
baldia_mart_admin: CPU 0.00%, Mem 44.83MiB / 7.598GiB
baldia_mart_cache: CPU 2.51%, Mem 9.566MiB / 7.598GiB
agitated_gould: CPU 1.28%, Mem 20.4MiB / 7.598GiB
PG Connections: 86
Redis Commands: 718105
---
[2026-05-04T11:52:30.045Z] 
baldia_mart_api: CPU 0.84%, Mem 211MiB / 7.598GiB
baldia_mart_tunnel: CPU 0.47%, Mem 23.25MiB / 7.598GiB
baldia_mart_admin: CPU 0.00%, Mem 44.83MiB / 7.598GiB
baldia_mart_cache: CPU 0.84%, Mem 9.566MiB / 7.598GiB
agitated_gould: CPU 0.64%, Mem 20.64MiB / 7.598GiB
PG Connections: 86
Redis Commands: 720216
---
[2026-05-04T11:53:29.852Z] 
baldia_mart_api: CPU 6.53%, Mem 211.2MiB / 7.598GiB
baldia_mart_tunnel: CPU 0.80%, Mem 23.25MiB / 7.598GiB
baldia_mart_admin: CPU 0.00%, Mem 44.83MiB / 7.598GiB
baldia_mart_cache: CPU 0.91%, Mem 9.566MiB / 7.598GiB
agitated_gould: CPU 1.46%, Mem 20.39MiB / 7.598GiB
PG Connections: 86
Redis Commands: 722319
---
[2026-05-04T11:54:29.508Z] 
baldia_mart_api: CPU 3.69%, Mem 212.9MiB / 7.598GiB
baldia_mart_tunnel: CPU 0.52%, Mem 23.5MiB / 7.598GiB
baldia_mart_admin: CPU 0.00%, Mem 44.83MiB / 7.598GiB
baldia_mart_cache: CPU 0.90%, Mem 9.566MiB / 7.598GiB
agitated_gould: CPU 1.59%, Mem 20.3MiB / 7.598GiB
PG Connections: 86
Redis Commands: 724330
---
[2026-05-04T11:55:29.649Z] 
baldia_mart_api: CPU 4.55%, Mem 211.6MiB / 7.598GiB
baldia_mart_tunnel: CPU 0.97%, Mem 23.25MiB / 7.598GiB
baldia_mart_admin: CPU 0.00%, Mem 44.83MiB / 7.598GiB
baldia_mart_cache: CPU 0.95%, Mem 9.812MiB / 7.598GiB
agitated_gould: CPU 1.50%, Mem 20.3MiB / 7.598GiB
PG Connections: 86
Redis Commands: 726441
---
[2026-05-04T11:56:29.550Z] 
baldia_mart_api: CPU 49.64%, Mem 210.8MiB / 7.598GiB
baldia_mart_tunnel: CPU 0.60%, Mem 23.28MiB / 7.598GiB
baldia_mart_admin: CPU 0.00%, Mem 44.83MiB / 7.598GiB
baldia_mart_cache: CPU 1.49%, Mem 9.566MiB / 7.598GiB
agitated_gould: CPU 0.74%, Mem 20.3MiB / 7.598GiB
PG Connections: 86
Redis Commands: 728552
---
[2026-05-04T11:57:31.481Z] 
baldia_mart_api: CPU 18.94%, Mem 211MiB / 7.598GiB
baldia_mart_tunnel: CPU 1.62%, Mem 23.28MiB / 7.598GiB
baldia_mart_admin: CPU 0.00%, Mem 44.83MiB / 7.598GiB
baldia_mart_cache: CPU 2.31%, Mem 9.566MiB / 7.598GiB
agitated_gould: CPU 0.75%, Mem 20.3MiB / 7.598GiB
PG Connections: 86
Redis Commands: 730770
---
[2026-05-04T11:58:29.755Z] 
baldia_mart_api: CPU 5.29%, Mem 212.8MiB / 7.598GiB
baldia_mart_tunnel: CPU 0.53%, Mem 23.28MiB / 7.598GiB
baldia_mart_admin: CPU 0.00%, Mem 44.83MiB / 7.598GiB
baldia_mart_cache: CPU 1.63%, Mem 9.566MiB / 7.598GiB
agitated_gould: CPU 1.28%, Mem 20.3MiB / 7.598GiB
PG Connections: 86
Redis Commands: 732771
---
[2026-05-04T11:59:29.715Z] 
baldia_mart_api: CPU 0.40%, Mem 210.9MiB / 7.598GiB
baldia_mart_tunnel: CPU 1.64%, Mem 23.28MiB / 7.598GiB
baldia_mart_admin: CPU 0.00%, Mem 44.83MiB / 7.598GiB
baldia_mart_cache: CPU 1.04%, Mem 9.812MiB / 7.598GiB
agitated_gould: CPU 0.65%, Mem 20.3MiB / 7.598GiB
PG Connections: 86
Redis Commands: 734882
---
[2026-05-04T12:00:29.638Z] 
baldia_mart_api: CPU 1.71%, Mem 211MiB / 7.598GiB
baldia_mart_tunnel: CPU 0.50%, Mem 23.53MiB / 7.598GiB
baldia_mart_admin: CPU 0.00%, Mem 44.83MiB / 7.598GiB
baldia_mart_cache: CPU 1.01%, Mem 9.812MiB / 7.598GiB
agitated_gould: CPU 1.80%, Mem 20.3MiB / 7.598GiB
PG Connections: 86
Redis Commands: 736993
---
[2026-05-04T12:01:29.255Z] 
baldia_mart_api: CPU 35.61%, Mem 211MiB / 7.598GiB
baldia_mart_tunnel: CPU 2.25%, Mem 23.28MiB / 7.598GiB
baldia_mart_admin: CPU 0.00%, Mem 44.83MiB / 7.598GiB
baldia_mart_cache: CPU 4.28%, Mem 9.562MiB / 7.598GiB
agitated_gould: CPU 0.82%, Mem 20.3MiB / 7.598GiB
PG Connections: 86
Redis Commands: 739104
---
[2026-05-04T12:02:29.698Z] 
baldia_mart_api: CPU 24.35%, Mem 211.7MiB / 7.598GiB
baldia_mart_tunnel: CPU 0.58%, Mem 23.28MiB / 7.598GiB
baldia_mart_admin: CPU 0.00%, Mem 44.83MiB / 7.598GiB
baldia_mart_cache: CPU 1.66%, Mem 9.566MiB / 7.598GiB
agitated_gould: CPU 0.75%, Mem 20.32MiB / 7.598GiB
PG Connections: 86
Redis Commands: 741215
---
[2026-05-04T12:03:29.831Z] 
baldia_mart_api: CPU 27.91%, Mem 210.6MiB / 7.598GiB
baldia_mart_tunnel: CPU 0.77%, Mem 23.28MiB / 7.598GiB
baldia_mart_admin: CPU 0.00%, Mem 44.84MiB / 7.598GiB
baldia_mart_cache: CPU 3.04%, Mem 9.574MiB / 7.598GiB
agitated_gould: CPU 2.33%, Mem 20.32MiB / 7.598GiB
PG Connections: 86
Redis Commands: 743326
---
[2026-05-04T12:04:29.572Z] 
baldia_mart_api: CPU 18.26%, Mem 211.1MiB / 7.598GiB
baldia_mart_tunnel: CPU 0.61%, Mem 23.28MiB / 7.598GiB
baldia_mart_admin: CPU 0.00%, Mem 44.84MiB / 7.598GiB
baldia_mart_cache: CPU 2.13%, Mem 9.816MiB / 7.598GiB
agitated_gould: CPU 0.74%, Mem 20.32MiB / 7.598GiB
PG Connections: 86
Redis Commands: 745434
---
[2026-05-04T12:05:33.157Z] 
baldia_mart_api: CPU 7.05%, Mem 211.1MiB / 7.598GiB
baldia_mart_tunnel: CPU 2.05%, Mem 23.28MiB / 7.598GiB
baldia_mart_admin: CPU 0.00%, Mem 44.84MiB / 7.598GiB
baldia_mart_cache: CPU 3.90%, Mem 9.562MiB / 7.598GiB
agitated_gould: CPU 2.13%, Mem 20.32MiB / 7.598GiB
PG Connections: 86
Redis Commands: 747665
---
[2026-05-04T13:34:50.131Z] 
baldia_mart_api: CPU 176.83%, Mem 121.6MiB / 7.598GiB
baldia_mart_tunnel: CPU 0.20%, Mem 24.44MiB / 7.598GiB
baldia_mart_admin: CPU 0.00%, Mem 44.84MiB / 7.598GiB
baldia_mart_cache: CPU 2.42%, Mem 9.562MiB / 7.598GiB
agitated_gould: CPU 0.27%, Mem 20.84MiB / 7.598GiB
PG Connections: 6
Redis Commands: 748957
---
[2026-05-04T13:34:55.625Z] 
baldia_mart_api: CPU 81.33%, Mem 18.14MiB / 7.598GiB
baldia_mart_tunnel: CPU 3.57%, Mem 24.52MiB / 7.598GiB
baldia_mart_admin: CPU 0.00%, Mem 44.84MiB / 7.598GiB
baldia_mart_cache: CPU 1.51%, Mem 9.562MiB / 7.598GiB
agitated_gould: CPU 0.00%, Mem 20.88MiB / 7.598GiB
PG Connections: 6
Redis Commands: 748958
---
[2026-05-04T13:35:52.719Z] 
baldia_mart_tunnel: CPU 0.00%, Mem 24.31MiB / 7.598GiB
baldia_mart_admin: CPU 0.00%, Mem 44.84MiB / 7.598GiB
baldia_mart_cache: CPU 2.37%, Mem 9.559MiB / 7.598GiB
agitated_gould: CPU 0.00%, Mem 20.88MiB / 7.598GiB
PG Connections: 6
Redis Commands: 748959
---
[2026-05-04T13:36:52.636Z] 
baldia_mart_tunnel: CPU 0.05%, Mem 24.07MiB / 7.598GiB
baldia_mart_admin: CPU 0.00%, Mem 44.84MiB / 7.598GiB
baldia_mart_cache: CPU 3.23%, Mem 9.562MiB / 7.598GiB
agitated_gould: CPU 0.00%, Mem 20.92MiB / 7.598GiB
PG Connections: 6
Redis Commands: 748960
---
[2026-05-04T13:37:38.053Z] 
baldia_mart_tunnel: CPU 0.00%, Mem 23.93MiB / 7.598GiB
baldia_mart_admin: CPU 0.00%, Mem 44.84MiB / 7.598GiB
baldia_mart_cache: CPU 1.52%, Mem 9.559MiB / 7.598GiB
agitated_gould: CPU 0.00%, Mem 20.73MiB / 7.598GiB
PG Connections: 6
Redis Commands: 748961
---
[2026-05-04T13:38:48.939Z] 
baldia_mart_tunnel: CPU 0.00%, Mem 23.93MiB / 7.598GiB
baldia_mart_admin: CPU 0.00%, Mem 44.84MiB / 7.598GiB
baldia_mart_cache: CPU 3.38%, Mem 9.559MiB / 7.598GiB
agitated_gould: CPU 0.00%, Mem 20.73MiB / 7.598GiB
PG Connections: 6
Redis Commands: 748962
---
[2026-05-04T13:39:38.675Z] 
baldia_mart_tunnel: CPU 0.00%, Mem 24.22MiB / 7.598GiB
baldia_mart_admin: CPU 0.01%, Mem 44.84MiB / 7.598GiB
baldia_mart_cache: CPU 1.67%, Mem 9.559MiB / 7.598GiB
agitated_gould: CPU 0.00%, Mem 20.57MiB / 7.598GiB
PG Connections: 6
Redis Commands: 748963
---
[2026-05-04T13:40:39.932Z] 
baldia_mart_tunnel: CPU 0.00%, Mem 23.86MiB / 7.598GiB
baldia_mart_admin: CPU 0.00%, Mem 44.84MiB / 7.598GiB
baldia_mart_cache: CPU 1.90%, Mem 9.809MiB / 7.598GiB
agitated_gould: CPU 0.31%, Mem 20.57MiB / 7.598GiB
PG Connections: 6
Redis Commands: 748964
---
[2026-05-04T13:41:39.251Z] 
baldia_mart_tunnel: CPU 0.06%, Mem 23.86MiB / 7.598GiB
baldia_mart_admin: CPU 0.03%, Mem 44.84MiB / 7.598GiB
baldia_mart_cache: CPU 1.50%, Mem 9.559MiB / 7.598GiB
agitated_gould: CPU 0.43%, Mem 20.57MiB / 7.598GiB
PG Connections: 6
Redis Commands: 748965
---
[2026-05-04T13:42:50.435Z] 
baldia_mart_tunnel: CPU 0.00%, Mem 23.86MiB / 7.598GiB
baldia_mart_admin: CPU 0.00%, Mem 44.84MiB / 7.598GiB
baldia_mart_cache: CPU 1.63%, Mem 9.559MiB / 7.598GiB
agitated_gould: CPU 0.87%, Mem 20.57MiB / 7.598GiB
PG Connections: 6
Redis Commands: 748966
---
[2026-05-04T13:43:45.904Z] 
baldia_mart_tunnel: CPU 1.75%, Mem 23.86MiB / 7.598GiB
baldia_mart_admin: CPU 0.00%, Mem 44.84MiB / 7.598GiB
baldia_mart_cache: CPU 2.94%, Mem 9.559MiB / 7.598GiB
agitated_gould: CPU 0.59%, Mem 20.45MiB / 7.598GiB
PG Connections: 6
Redis Commands: 748967
---
[2026-05-04T13:44:38.797Z] 
baldia_mart_tunnel: CPU 0.99%, Mem 23.86MiB / 7.598GiB
baldia_mart_admin: CPU 0.00%, Mem 44.84MiB / 7.598GiB
baldia_mart_cache: CPU 1.88%, Mem 9.809MiB / 7.598GiB
agitated_gould: CPU 0.69%, Mem 20.7MiB / 7.598GiB
PG Connections: 6
Redis Commands: 748968
---
[2026-05-04T13:46:48.520Z] 
baldia_mart_tunnel: CPU 0.13%, Mem 23.87MiB / 7.598GiB
baldia_mart_admin: CPU 0.00%, Mem 44.84MiB / 7.598GiB
baldia_mart_cache: CPU 1.56%, Mem 9.559MiB / 7.598GiB
agitated_gould: CPU 0.04%, Mem 20.46MiB / 7.598GiB
PG Connections: 6
Redis Commands: 748969
---
[2026-05-04T15:56:47.651Z] 
baldia_mart_tunnel: CPU 27.47%, Mem 24.12MiB / 7.598GiB
baldia_mart_admin: CPU 0.00%, Mem 44.85MiB / 7.598GiB
baldia_mart_cache: CPU 2.90%, Mem 9.559MiB / 7.598GiB
agitated_gould: CPU 2.00%, Mem 20.96MiB / 7.598GiB
PG Connections: 6
Redis Commands: 748970
---
[2026-05-04T15:56:54.017Z] 
baldia_mart_tunnel: CPU 0.36%, Mem 24.18MiB / 7.598GiB
baldia_mart_admin: CPU 0.00%, Mem 44.85MiB / 7.598GiB
baldia_mart_cache: CPU 1.83%, Mem 9.809MiB / 7.598GiB
agitated_gould: CPU 0.11%, Mem 20.97MiB / 7.598GiB
PG Connections: 6
Redis Commands: 748971
---
[2026-05-04T15:57:05.396Z] 
baldia_mart_tunnel: CPU 0.22%, Mem 24.18MiB / 7.598GiB
baldia_mart_admin: CPU 0.00%, Mem 44.85MiB / 7.598GiB
baldia_mart_cache: CPU 4.26%, Mem 9.562MiB / 7.598GiB
agitated_gould: CPU 0.00%, Mem 20.97MiB / 7.598GiB
PG Connections: 6
Redis Commands: 748972
---
[2026-05-04T15:58:00.090Z] 
baldia_mart_tunnel: CPU 34.31%, Mem 24.21MiB / 7.598GiB
baldia_mart_admin: CPU 0.00%, Mem 44.85MiB / 7.598GiB
baldia_mart_cache: CPU 1.27%, Mem 9.562MiB / 7.598GiB
agitated_gould: CPU 0.60%, Mem 21MiB / 7.598GiB
PG Connections: 6
Redis Commands: 748973
---
[2026-05-04T15:59:02.216Z] 
baldia_mart_tunnel: CPU 1.72%, Mem 23.77MiB / 7.598GiB
baldia_mart_admin: CPU 0.00%, Mem 44.88MiB / 7.598GiB
baldia_mart_cache: CPU 1.17%, Mem 9.812MiB / 7.598GiB
agitated_gould: CPU 0.72%, Mem 21MiB / 7.598GiB
PG Connections: 6
Redis Commands: 748974
---
[2026-05-04T16:00:05.245Z] 
baldia_mart_tunnel: CPU 175.44%, Mem 24.62MiB / 7.598GiB
baldia_mart_admin: CPU 0.00%, Mem 44.89MiB / 7.598GiB
baldia_mart_cache: CPU 1.79%, Mem 9.562MiB / 7.598GiB
agitated_gould: CPU 2.75%, Mem 20.82MiB / 7.598GiB
PG Connections: 6
Redis Commands: 748975
---
[2026-05-04T16:01:03.632Z] 
baldia_mart_tunnel: CPU 0.77%, Mem 23.94MiB / 7.598GiB
baldia_mart_admin: CPU 0.00%, Mem 44.9MiB / 7.598GiB
baldia_mart_cache: CPU 1.12%, Mem 9.562MiB / 7.598GiB
agitated_gould: CPU 1.42%, Mem 20.82MiB / 7.598GiB
PG Connections: 6
Redis Commands: 748976
---
[2026-05-04T16:02:07.318Z] 
baldia_mart_tunnel: CPU 0.39%, Mem 23.95MiB / 7.598GiB
baldia_mart_admin: CPU 0.00%, Mem 44.9MiB / 7.598GiB
baldia_mart_cache: CPU 1.70%, Mem 9.562MiB / 7.598GiB
agitated_gould: CPU 0.55%, Mem 20.47MiB / 7.598GiB
PG Connections: 6
Redis Commands: 748977
---
[2026-05-04T16:03:10.164Z] 
baldia_mart_tunnel: CPU 1.04%, Mem 23.96MiB / 7.598GiB
baldia_mart_admin: CPU 0.00%, Mem 44.91MiB / 7.598GiB
baldia_mart_cache: CPU 1.96%, Mem 9.562MiB / 7.598GiB
agitated_gould: CPU 1.07%, Mem 20.47MiB / 7.598GiB
PG Connections: 6
Redis Commands: 748978
---
[2026-05-04T16:04:00.501Z] 
baldia_mart_tunnel: CPU 0.47%, Mem 23.98MiB / 7.598GiB
baldia_mart_admin: CPU 0.00%, Mem 44.91MiB / 7.598GiB
baldia_mart_cache: CPU 1.12%, Mem 9.812MiB / 7.598GiB
agitated_gould: CPU 0.73%, Mem 20.48MiB / 7.598GiB
PG Connections: 6
Redis Commands: 748979
---
[2026-05-04T16:04:59.871Z] 
baldia_mart_tunnel: CPU 0.57%, Mem 23.82MiB / 7.598GiB
baldia_mart_admin: CPU 0.00%, Mem 44.91MiB / 7.598GiB
baldia_mart_cache: CPU 1.01%, Mem 9.562MiB / 7.598GiB
agitated_gould: CPU 0.47%, Mem 20.47MiB / 7.598GiB
PG Connections: 6
Redis Commands: 748980
---
[2026-05-04T16:05:59.974Z] 
baldia_mart_tunnel: CPU 2.47%, Mem 24.07MiB / 7.598GiB
baldia_mart_admin: CPU 0.05%, Mem 44.91MiB / 7.598GiB
baldia_mart_cache: CPU 1.07%, Mem 9.562MiB / 7.598GiB
agitated_gould: CPU 0.84%, Mem 20.73MiB / 7.598GiB
PG Connections: 6
Redis Commands: 748981
---
[2026-05-04T16:07:00.296Z] 
baldia_mart_tunnel: CPU 0.54%, Mem 23.71MiB / 7.598GiB
baldia_mart_admin: CPU 3.12%, Mem 44.91MiB / 7.598GiB
baldia_mart_cache: CPU 1.16%, Mem 9.812MiB / 7.598GiB
agitated_gould: CPU 0.56%, Mem 20.72MiB / 7.598GiB
PG Connections: 6
Redis Commands: 748982
---
[2026-05-04T16:08:01.375Z] 
baldia_mart_tunnel: CPU 1.10%, Mem 23.97MiB / 7.598GiB
baldia_mart_admin: CPU 0.00%, Mem 44.91MiB / 7.598GiB
baldia_mart_cache: CPU 1.15%, Mem 9.562MiB / 7.598GiB
agitated_gould: CPU 0.65%, Mem 20.8MiB / 7.598GiB
PG Connections: 6
Redis Commands: 748983
---
[2026-05-04T16:09:02.354Z] 
baldia_mart_tunnel: CPU 0.65%, Mem 23.71MiB / 7.598GiB
baldia_mart_admin: CPU 0.00%, Mem 44.91MiB / 7.598GiB
baldia_mart_cache: CPU 1.23%, Mem 9.562MiB / 7.598GiB
agitated_gould: CPU 1.38%, Mem 20.55MiB / 7.598GiB
PG Connections: 6
Redis Commands: 748984
---
[2026-05-04T16:10:00.425Z] 
baldia_mart_tunnel: CPU 1.36%, Mem 24.21MiB / 7.598GiB
baldia_mart_admin: CPU 0.00%, Mem 44.91MiB / 7.598GiB
baldia_mart_cache: CPU 0.96%, Mem 9.812MiB / 7.598GiB
agitated_gould: CPU 0.94%, Mem 20.55MiB / 7.598GiB
PG Connections: 6
Redis Commands: 748985
---
[2026-05-04T16:10:59.762Z] 
baldia_mart_tunnel: CPU 0.68%, Mem 23.72MiB / 7.598GiB
baldia_mart_admin: CPU 0.00%, Mem 44.91MiB / 7.598GiB
baldia_mart_cache: CPU 1.11%, Mem 9.812MiB / 7.598GiB
agitated_gould: CPU 0.54%, Mem 20.8MiB / 7.598GiB
PG Connections: 6
Redis Commands: 748986
---
[2026-05-04T16:12:04.340Z] 
baldia_mart_tunnel: CPU 0.83%, Mem 24.22MiB / 7.598GiB
baldia_mart_admin: CPU 0.00%, Mem 44.91MiB / 7.598GiB
baldia_mart_cache: CPU 1.26%, Mem 9.812MiB / 7.598GiB
agitated_gould: CPU 0.77%, Mem 20.55MiB / 7.598GiB
PG Connections: 6
Redis Commands: 748987
---
[2026-05-04T16:12:59.299Z] 
baldia_mart_tunnel: CPU 1.15%, Mem 23.84MiB / 7.598GiB
baldia_mart_admin: CPU 0.02%, Mem 44.91MiB / 7.598GiB
baldia_mart_cache: CPU 1.00%, Mem 9.562MiB / 7.598GiB
agitated_gould: CPU 0.89%, Mem 20.56MiB / 7.598GiB
PG Connections: 6
Redis Commands: 748988
---
[2026-05-04T16:14:06.295Z] 
baldia_mart_tunnel: CPU 167.50%, Mem 23.6MiB / 7.598GiB
baldia_mart_admin: CPU 0.00%, Mem 44.91MiB / 7.598GiB
baldia_mart_cache: CPU 1.00%, Mem 10.06MiB / 7.598GiB
agitated_gould: CPU 0.88%, Mem 20.82MiB / 7.598GiB
PG Connections: 6
Redis Commands: 748989
---
[2026-05-04T18:11:25.339Z] 
baldia_mart_tunnel: CPU 0.00%, Mem 24.58MiB / 7.598GiB
baldia_mart_admin: CPU 0.00%, Mem 44.91MiB / 7.598GiB
baldia_mart_cache: CPU 1.51%, Mem 9.535MiB / 7.598GiB
agitated_gould: CPU 0.14%, Mem 21.25MiB / 7.598GiB
PG Connections: 7
Redis Commands: 748990
---
[2026-05-04T18:11:27.721Z] 
baldia_mart_tunnel: CPU 1.01%, Mem 24.33MiB / 7.598GiB
baldia_mart_admin: CPU 0.00%, Mem 44.91MiB / 7.598GiB
baldia_mart_cache: CPU 1.21%, Mem 9.805MiB / 7.598GiB
agitated_gould: CPU 0.07%, Mem 21.25MiB / 7.598GiB
PG Connections: 7
Redis Commands: 748991
---
[2026-05-04T18:12:08.384Z] 
baldia_mart_tunnel: CPU 12.32%, Mem 25.75MiB / 7.598GiB
baldia_mart_admin: CPU 0.00%, Mem 44.91MiB / 7.598GiB
baldia_mart_cache: CPU 0.88%, Mem 9.785MiB / 7.598GiB
agitated_gould: CPU 0.00%, Mem 21.27MiB / 7.598GiB
PG Connections: 6
Redis Commands: 748992
---
[2026-05-04T18:13:08.276Z] 
baldia_mart_tunnel: CPU 0.00%, Mem 25.3MiB / 7.598GiB
baldia_mart_admin: CPU 0.04%, Mem 44.91MiB / 7.598GiB
baldia_mart_cache: CPU 0.97%, Mem 9.785MiB / 7.598GiB
agitated_gould: CPU 0.14%, Mem 21.13MiB / 7.598GiB
PG Connections: 6
Redis Commands: 748993
---
[2026-05-04T18:14:11.260Z] 
baldia_mart_tunnel: CPU 0.00%, Mem 24.17MiB / 7.598GiB
baldia_mart_admin: CPU 0.00%, Mem 44.91MiB / 7.598GiB
baldia_mart_cache: CPU 0.90%, Mem 9.785MiB / 7.598GiB
agitated_gould: CPU 0.24%, Mem 21.28MiB / 7.598GiB
PG Connections: 6
Redis Commands: 748994
---
[2026-05-04T18:15:13.980Z] 
baldia_mart_tunnel: CPU 0.00%, Mem 24.17MiB / 7.598GiB
baldia_mart_admin: CPU 0.00%, Mem 44.91MiB / 7.598GiB
baldia_mart_cache: CPU 0.99%, Mem 9.785MiB / 7.598GiB
agitated_gould: CPU 0.00%, Mem 21.43MiB / 7.598GiB
PG Connections: 6
Redis Commands: 748995
---
[2026-05-04T18:16:05.601Z] 
baldia_mart_tunnel: CPU 0.16%, Mem 23.74MiB / 7.598GiB
baldia_mart_admin: CPU 0.00%, Mem 44.91MiB / 7.598GiB
baldia_mart_cache: CPU 0.84%, Mem 9.785MiB / 7.598GiB
agitated_gould: CPU 0.30%, Mem 21.43MiB / 7.598GiB
PG Connections: 6
Redis Commands: 748996
---
[2026-05-04T18:17:05.136Z] 
baldia_mart_tunnel: CPU 0.00%, Mem 23.74MiB / 7.598GiB
baldia_mart_admin: CPU 0.00%, Mem 44.91MiB / 7.598GiB
baldia_mart_cache: CPU 0.50%, Mem 9.535MiB / 7.598GiB
agitated_gould: CPU 0.02%, Mem 20.62MiB / 7.598GiB
PG Connections: 6
Redis Commands: 748997
---
[2026-05-04T18:18:07.901Z] 
baldia_mart_tunnel: CPU 0.05%, Mem 23.77MiB / 7.598GiB
baldia_mart_admin: CPU 0.37%, Mem 45.16MiB / 7.598GiB
baldia_mart_cache: CPU 0.79%, Mem 9.535MiB / 7.598GiB
agitated_gould: CPU 0.04%, Mem 20.64MiB / 7.598GiB
PG Connections: 6
Redis Commands: 748998
---
[2026-05-04T18:19:05.933Z] 
baldia_mart_tunnel: CPU 0.30%, Mem 23.79MiB / 7.598GiB
baldia_mart_admin: CPU 0.00%, Mem 44.92MiB / 7.598GiB
baldia_mart_cache: CPU 1.01%, Mem 9.535MiB / 7.598GiB
agitated_gould: CPU 0.00%, Mem 20.65MiB / 7.598GiB
PG Connections: 6
Redis Commands: 748999
---
[2026-05-04T18:20:05.747Z] 
baldia_mart_tunnel: CPU 0.47%, Mem 23.82MiB / 7.598GiB
baldia_mart_admin: CPU 0.00%, Mem 44.92MiB / 7.598GiB
baldia_mart_cache: CPU 1.06%, Mem 9.535MiB / 7.598GiB
agitated_gould: CPU 0.11%, Mem 20.89MiB / 7.598GiB
PG Connections: 6
Redis Commands: 749000
---
[2026-05-04T18:21:08.331Z] 
baldia_mart_tunnel: CPU 0.03%, Mem 23.82MiB / 7.598GiB
baldia_mart_admin: CPU 0.00%, Mem 44.92MiB / 7.598GiB
baldia_mart_cache: CPU 0.64%, Mem 9.785MiB / 7.598GiB
agitated_gould: CPU 0.00%, Mem 20.46MiB / 7.598GiB
PG Connections: 6
Redis Commands: 749001
---
[2026-05-04T18:22:06.831Z] 
baldia_mart_tunnel: CPU 0.17%, Mem 23.46MiB / 7.598GiB
baldia_mart_admin: CPU 0.03%, Mem 44.92MiB / 7.598GiB
baldia_mart_cache: CPU 0.69%, Mem 9.785MiB / 7.598GiB
agitated_gould: CPU 0.32%, Mem 20.71MiB / 7.598GiB
PG Connections: 6
Redis Commands: 749002
---
[2026-05-04T18:23:42.527Z] 
baldia_mart_tunnel: CPU 0.17%, Mem 23.8MiB / 7.598GiB
baldia_mart_admin: CPU 0.00%, Mem 44.92MiB / 7.598GiB
baldia_mart_cache: CPU 2.75%, Mem 9.535MiB / 7.598GiB
agitated_gould: CPU 0.00%, Mem 0B / 0B
PG Connections: 6
Redis Commands: 749003
---
[2026-05-04T18:24:10.477Z] 
baldia_mart_admin: CPU 1.06%, Mem 44.92MiB / 7.598GiB
baldia_mart_cache: CPU 1.46%, Mem 9.785MiB / 7.598GiB
PG Connections: 6
Redis Commands: 749004
---
[2026-05-04T18:25:06.734Z] 
baldia_mart_admin: CPU 0.00%, Mem 44.92MiB / 7.598GiB
baldia_mart_cache: CPU 1.57%, Mem 9.785MiB / 7.598GiB
PG Connections: 6
Redis Commands: 749005
---
[2026-05-04T18:26:06.552Z] 
baldia_mart_admin: CPU 0.00%, Mem 44.92MiB / 7.598GiB
baldia_mart_cache: CPU 1.97%, Mem 9.539MiB / 7.598GiB
PG Connections: 6
Redis Commands: 749006
---
[2026-05-04T18:27:06.498Z] 
baldia_mart_admin: CPU 0.00%, Mem 44.92MiB / 7.598GiB
baldia_mart_cache: CPU 1.03%, Mem 9.535MiB / 7.598GiB
PG Connections: 6
Redis Commands: 749007
---
[2026-05-04T18:28:06.551Z] 
baldia_mart_admin: CPU 0.00%, Mem 44.92MiB / 7.598GiB
baldia_mart_cache: CPU 1.48%, Mem 9.785MiB / 7.598GiB
PG Connections: 6
Redis Commands: 749008
---
[2026-05-04T18:29:13.650Z] 
baldia_mart_cache: CPU 2.40%, Mem 9.535MiB / 7.598GiB
PG Connections: 6
Error: Command failed: docker exec baldia_mart_cache redis-cli info stats
Could not connect to Redis at 127.0.0.1:6379: Connection refused

---
[2026-05-04T18:30:06.306Z] 
PG Connections: 6
Error: Command failed: docker exec baldia_mart_cache redis-cli info stats
Error response from daemon: container aea99351557a404a0ac5d52a7b69fa49dd8400f20d93c28e55a7f60b2d4db309 is not running

---
[2026-05-04T18:31:06.542Z] 
PG Connections: 6
Error: Command failed: docker exec baldia_mart_cache redis-cli info stats
Error response from daemon: No such container: baldia_mart_cache

---
[2026-05-04T18:32:05.951Z] 
PG Connections: 6
Error: Command failed: docker exec baldia_mart_cache redis-cli info stats
Error response from daemon: No such container: baldia_mart_cache

---
[2026-05-04T18:33:13.610Z] 
PG Connections: 6
Error: Command failed: docker exec baldia_mart_cache redis-cli info stats
Error response from daemon: No such container: baldia_mart_cache

---
[2026-05-04T18:34:04.081Z] 
PG Connections: 6
Error: Command failed: docker exec baldia_mart_cache redis-cli info stats
Error response from daemon: No such container: baldia_mart_cache

---
[2026-05-04T18:35:04.137Z] 
PG Connections: 6
Error: Command failed: docker exec baldia_mart_cache redis-cli info stats
Error response from daemon: No such container: baldia_mart_cache

---
[2026-05-04T18:36:03.485Z] 
PG Connections: 6
Error: Command failed: docker exec baldia_mart_cache redis-cli info stats
Error response from daemon: No such container: baldia_mart_cache

---
[2026-05-04T18:37:03.973Z] 
PG Connections: 6
Error: Command failed: docker exec baldia_mart_cache redis-cli info stats
Error response from daemon: No such container: baldia_mart_cache

---
[2026-05-04T18:38:10.020Z] 
PG Connections: 6
Error: Command failed: docker exec baldia_mart_cache redis-cli info stats
Error response from daemon: No such container: baldia_mart_cache

---
[2026-05-04T18:39:11.420Z] 
PG Connections: 6
Error: Command failed: docker exec baldia_mart_cache redis-cli info stats
Error response from daemon: No such container: baldia_mart_cache

---
[2026-05-04T18:40:09.781Z] 
PG Connections: 6
Error: Command failed: docker exec baldia_mart_cache redis-cli info stats
Error response from daemon: No such container: baldia_mart_cache

---
[2026-05-04T18:41:05.722Z] 
PG Connections: 6
Error: Command failed: docker exec baldia_mart_cache redis-cli info stats
Error response from daemon: No such container: baldia_mart_cache

---
[2026-05-04T18:42:04.596Z] 
PG Connections: 6
Error: Command failed: docker exec baldia_mart_cache redis-cli info stats
Error response from daemon: No such container: baldia_mart_cache

---
[2026-05-04T18:43:04.974Z] 
PG Connections: 6
Error: Command failed: docker exec baldia_mart_cache redis-cli info stats
Error response from daemon: No such container: baldia_mart_cache

---
[2026-05-04T18:44:04.589Z] 
PG Connections: 6
Error: Command failed: docker exec baldia_mart_cache redis-cli info stats
Error response from daemon: No such container: baldia_mart_cache

---
[2026-05-04T18:45:04.246Z] 
PG Connections: 6
Error: Command failed: docker exec baldia_mart_cache redis-cli info stats
Error response from daemon: No such container: baldia_mart_cache

---
[2026-05-04T18:46:06.834Z] 
PG Connections: 6
Error: Command failed: docker exec baldia_mart_cache redis-cli info stats
Error response from daemon: No such container: baldia_mart_cache

---
[2026-05-04T18:47:06.067Z] 
PG Connections: 6
Error: Command failed: docker exec baldia_mart_cache redis-cli info stats
Error response from daemon: No such container: baldia_mart_cache

---
[2026-05-04T18:48:03.945Z] 
PG Connections: 6
Error: Command failed: docker exec baldia_mart_cache redis-cli info stats
Error response from daemon: No such container: baldia_mart_cache

---
[2026-05-04T18:49:04.771Z] 
PG Connections: 6
Error: Command failed: docker exec baldia_mart_cache redis-cli info stats
Error response from daemon: No such container: baldia_mart_cache

---
[2026-05-04T18:50:04.206Z] 
PG Connections: 6
Error: Command failed: docker exec baldia_mart_cache redis-cli info stats
Error response from daemon: No such container: baldia_mart_cache

---
[2026-05-04T18:51:06.753Z] 
PG Connections: 6
Error: Command failed: docker exec baldia_mart_cache redis-cli info stats
Error response from daemon: No such container: baldia_mart_cache

---
[2026-05-04T18:52:05.363Z] 
PG Connections: 6
Error: Command failed: docker exec baldia_mart_cache redis-cli info stats
Error response from daemon: No such container: baldia_mart_cache

---
[2026-05-04T18:53:04.586Z] 
PG Connections: 6
Error: Command failed: docker exec baldia_mart_cache redis-cli info stats
Error response from daemon: No such container: baldia_mart_cache

---
[2026-05-04T18:54:04.119Z] 
PG Connections: 6
Error: Command failed: docker exec baldia_mart_cache redis-cli info stats
Error response from daemon: No such container: baldia_mart_cache

---
[2026-05-04T18:55:06.411Z] 
PG Connections: 6
Error: Command failed: docker exec baldia_mart_cache redis-cli info stats
Error response from daemon: No such container: baldia_mart_cache

---
[2026-05-04T18:56:03.528Z] 
PG Connections: 6
Error: Command failed: docker exec baldia_mart_cache redis-cli info stats
Error response from daemon: No such container: baldia_mart_cache

---
[2026-05-04T18:57:03.553Z] 
PG Connections: 6
Error: Command failed: docker exec baldia_mart_cache redis-cli info stats
Error response from daemon: No such container: baldia_mart_cache

---
[2026-05-04T18:58:08.956Z] 
PG Connections: 6
Error: Command failed: docker exec baldia_mart_cache redis-cli info stats
Error response from daemon: No such container: baldia_mart_cache

---
[2026-05-04T18:59:03.939Z] 
PG Connections: 6
Error: Command failed: docker exec baldia_mart_cache redis-cli info stats
Error response from daemon: No such container: baldia_mart_cache

---
[2026-05-04T19:00:03.370Z] 
PG Connections: 6
Error: Command failed: docker exec baldia_mart_cache redis-cli info stats
Error response from daemon: No such container: baldia_mart_cache

---
[2026-05-04T19:01:03.950Z] 
PG Connections: 6
Error: Command failed: docker exec baldia_mart_cache redis-cli info stats
Error response from daemon: No such container: baldia_mart_cache

---
[2026-05-04T19:02:03.553Z] 
PG Connections: 6
Error: Command failed: docker exec baldia_mart_cache redis-cli info stats
Error response from daemon: No such container: baldia_mart_cache

---
[2026-05-04T19:03:03.912Z] 
PG Connections: 6
Error: Command failed: docker exec baldia_mart_cache redis-cli info stats
Error response from daemon: No such container: baldia_mart_cache

---
[2026-05-04T19:04:03.642Z] 
PG Connections: 6
Error: Command failed: docker exec baldia_mart_cache redis-cli info stats
Error response from daemon: No such container: baldia_mart_cache

---
[2026-05-04T19:05:12.530Z] 
baldia_mart_api: CPU 125.73%, Mem 97.52MiB / 7.598GiB
baldia_mart_cache: CPU 1.88%, Mem 4.238MiB / 7.598GiB
PG Connections: 6
Redis Commands: 0
---
[2026-05-04T19:06:14.239Z] 
baldia_mart_api: CPU --, Mem -- / --
baldia_mart_cache: CPU 2.37%, Mem 4.602MiB / 7.598GiB
PG Connections: 7
Redis Commands: 7242
---
[2026-05-04T19:07:11.006Z] 
baldia_mart_api: CPU 302.32%, Mem 815MiB / 7.598GiB
baldia_mart_cache: CPU 11.42%, Mem 6.305MiB / 7.598GiB
PG Connections: 7
Redis Commands: 70506
---
[2026-05-04T19:08:05.752Z] 
baldia_mart_api: CPU 179.53%, Mem 1.624GiB / 7.598GiB
baldia_mart_cache: CPU 1.07%, Mem 6.5MiB / 7.598GiB
PG Connections: 7
Redis Commands: 76356
---
[2026-05-04T19:09:22.774Z] 
baldia_mart_api: CPU 136.76%, Mem 1.773GiB / 7.598GiB
baldia_mart_cache: CPU 1.73%, Mem 7.094MiB / 7.598GiB
PG Connections: 7
Redis Commands: 83537
---
[2026-05-04T19:10:24.832Z] 
baldia_mart_api: CPU 261.67%, Mem 1.967GiB / 7.598GiB
baldia_mart_cache: CPU 2.02%, Mem 7.211MiB / 7.598GiB
PG Connections: 7
Redis Commands: 83538
---
[2026-05-04T19:11:57.019Z] 
baldia_mart_api: CPU 440.69%, Mem 1.975GiB / 7.598GiB
baldia_mart_cache: CPU 1.44%, Mem 7.906MiB / 7.598GiB
PG Connections: 7
Redis Commands: 84570
---
[2026-05-04T19:12:10.492Z] 
baldia_mart_api: CPU 536.55%, Mem 2GiB / 7.598GiB
baldia_mart_cache: CPU 16.13%, Mem 7.676MiB / 7.598GiB
PG Connections: 7
Redis Commands: 84578
---
[2026-05-04T19:13:09.132Z] 
baldia_mart_api: CPU 464.49%, Mem 1.82GiB / 7.598GiB
baldia_mart_cache: CPU 1.70%, Mem 8.191MiB / 7.598GiB
PG Connections: 7
Redis Commands: 84580
---
[2026-05-04T19:14:10.959Z] 
baldia_mart_api: CPU 366.07%, Mem 1.996GiB / 7.598GiB
baldia_mart_cache: CPU 1.81%, Mem 7.969MiB / 7.598GiB
PG Connections: 7
Redis Commands: 89723
---
[2026-05-04T19:15:13.502Z] 
baldia_mart_api: CPU 448.76%, Mem 2.297GiB / 7.598GiB
baldia_mart_cache: CPU 1.73%, Mem 8.023MiB / 7.598GiB
PG Connections: 7
Redis Commands: 94851
---
[2026-05-04T19:16:18.896Z] 
baldia_mart_api: CPU 539.30%, Mem 2.496GiB / 7.598GiB
baldia_mart_cache: CPU 1.63%, Mem 7.988MiB / 7.598GiB
PG Connections: 7
Redis Commands: 95876
---
[2026-05-04T19:17:08.715Z] 
baldia_mart_api: CPU 462.66%, Mem 2.276GiB / 7.598GiB
baldia_mart_cache: CPU 1.21%, Mem 8.297MiB / 7.598GiB
PG Connections: 7
Redis Commands: 95877
---
[2026-05-04T19:18:14.903Z] 
baldia_mart_api: CPU 242.20%, Mem 2.38GiB / 7.598GiB
baldia_mart_cache: CPU 3.46%, Mem 8.062MiB / 7.598GiB
PG Connections: 7
Redis Commands: 97933
---
[2026-05-04T19:19:09.461Z] 
baldia_mart_api: CPU 223.53%, Mem 2.549GiB / 7.598GiB
baldia_mart_cache: CPU 3.77%, Mem 8.109MiB / 7.598GiB
PG Connections: 84
Redis Commands: 110253
---
[2026-05-04T19:20:29.252Z] 
baldia_mart_api: CPU 564.81%, Mem 2.644GiB / 7.598GiB
baldia_mart_cache: CPU 3.64%, Mem 8.113MiB / 7.598GiB
PG Connections: 86
Redis Commands: 117099
---
[2026-05-04T19:21:13.496Z] 
baldia_mart_api: CPU 478.71%, Mem 2.661GiB / 7.598GiB
baldia_mart_cache: CPU 3.12%, Mem 8.234MiB / 7.598GiB
PG Connections: 86
Redis Commands: 117107
---
[2026-05-04T19:22:15.192Z] 
baldia_mart_api: CPU 579.98%, Mem 2.565GiB / 7.598GiB
baldia_mart_cache: CPU 2.72%, Mem 8.492MiB / 7.598GiB
PG Connections: 86
Redis Commands: 119156
---
[2026-05-04T19:23:50.125Z] 
baldia_mart_api: CPU 173.09%, Mem 2.687GiB / 7.598GiB
--: CPU --, Mem -- / --
PG Connections: 86
Redis Commands: 127371
---
[2026-05-04T19:25:01.066Z] 
baldia_mart_api: CPU 625.69%, Mem 2.776GiB / 7.598GiB
baldia_mart_cache: CPU 3.48%, Mem 8.809MiB / 7.598GiB
PG Connections: 86
Redis Commands: 128396
---
[2026-05-04T19:25:37.876Z] 
baldia_mart_api: CPU 765.06%, Mem 2.798GiB / 7.598GiB
baldia_mart_cache: CPU 67.51%, Mem 8.629MiB / 7.598GiB
PG Connections: 86
Redis Commands: 128412
---
[2026-05-04T19:27:00.645Z] 
baldia_mart_api: CPU 684.48%, Mem 2.824GiB / 7.598GiB
baldia_mart_cache: CPU 3.54%, Mem 8.723MiB / 7.598GiB
PG Connections: 86
Redis Commands: 129438
---
[2026-05-04T19:27:41.849Z] 
baldia_mart_api: CPU 411.75%, Mem 2.845GiB / 7.598GiB
baldia_mart_cache: CPU 1.82%, Mem 8.699MiB / 7.598GiB
PG Connections: 86
Redis Commands: 132519
---
[2026-05-04T19:28:14.000Z] 
baldia_mart_api: CPU 118.55%, Mem 16.02MiB / 7.598GiB
baldia_mart_cache: CPU 2.02%, Mem 8.406MiB / 7.598GiB
PG Connections: 6
Redis Commands: 132520
---
[2026-05-04T19:29:07.652Z] 
baldia_mart_api: CPU 95.80%, Mem 127.8MiB / 7.598GiB
baldia_mart_cache: CPU 1.67%, Mem 9.008MiB / 7.598GiB
PG Connections: 6
Redis Commands: 132521
---
[2026-05-04T19:30:10.256Z] 
baldia_mart_api: CPU 119.99%, Mem 295.9MiB / 7.598GiB
baldia_mart_cache: CPU 2.86%, Mem 8.816MiB / 7.598GiB
PG Connections: 6
Redis Commands: 137951
---
[2026-05-04T19:31:08.801Z] 
baldia_mart_api: CPU 153.31%, Mem 456.8MiB / 7.598GiB
baldia_mart_cache: CPU 14.18%, Mem 9.102MiB / 7.598GiB
PG Connections: 86
Redis Commands: 153460
---
[2026-05-04T19:32:09.930Z] 
baldia_mart_api: CPU 125.35%, Mem 251MiB / 7.598GiB
baldia_mart_cache: CPU 15.63%, Mem 9.277MiB / 7.598GiB
PG Connections: 86
Redis Commands: 172908
---
[2026-05-04T19:33:07.666Z] 
baldia_mart_api: CPU 0.04%, Mem 245.4MiB / 7.598GiB
baldia_mart_cache: CPU 5.83%, Mem 9.312MiB / 7.598GiB
PG Connections: 7
Redis Commands: 180065
---
[2026-05-04T19:34:08.301Z] 
baldia_mart_api: CPU 42.34%, Mem 169.5MiB / 7.598GiB
baldia_mart_cache: CPU 7.17%, Mem 9.59MiB / 7.598GiB
PG Connections: 7
Redis Commands: 184285
---
[2026-05-04T19:35:09.959Z] 
baldia_mart_api: CPU 34.78%, Mem 192.7MiB / 7.598GiB
baldia_mart_cache: CPU 8.43%, Mem 9.582MiB / 7.598GiB
PG Connections: 7
Redis Commands: 188463
---
[2026-05-04T19:36:09.381Z] 
baldia_mart_api: CPU 186.88%, Mem 159.2MiB / 7.598GiB
baldia_mart_cache: CPU 14.96%, Mem 9.348MiB / 7.598GiB
PG Connections: 7
Redis Commands: 192575
---
[2026-05-04T19:37:09.151Z] 
baldia_mart_api: CPU 46.95%, Mem 191.2MiB / 7.598GiB
baldia_mart_cache: CPU 3.32%, Mem 9.359MiB / 7.598GiB
PG Connections: 7
Redis Commands: 196484
---
[2026-05-04T19:38:11.170Z] 
baldia_mart_api: CPU 33.59%, Mem 196.4MiB / 7.598GiB
baldia_mart_cache: CPU 3.46%, Mem 9.613MiB / 7.598GiB
PG Connections: 7
Redis Commands: 200796
---
[2026-05-04T19:39:09.987Z] 
baldia_mart_api: CPU 52.79%, Mem 199.9MiB / 7.598GiB
baldia_mart_cache: CPU 2.54%, Mem 9.348MiB / 7.598GiB
PG Connections: 7
Redis Commands: 204913
---
[2026-05-04T19:40:05.244Z] 
baldia_mart_api: CPU 61.99%, Mem 198.8MiB / 7.598GiB
baldia_mart_cache: CPU 10.33%, Mem 9.352MiB / 7.598GiB
PG Connections: 7
Redis Commands: 208622
---
[2026-05-04T19:41:06.225Z] 
baldia_mart_api: CPU 11.94%, Mem 199.2MiB / 7.598GiB
baldia_mart_cache: CPU 1.21%, Mem 9.605MiB / 7.598GiB
PG Connections: 7
Redis Commands: 212734
---
[2026-05-04T19:42:06.868Z] 
baldia_mart_api: CPU 16.01%, Mem 195MiB / 7.598GiB
baldia_mart_cache: CPU 4.15%, Mem 9.605MiB / 7.598GiB
PG Connections: 7
Redis Commands: 216846
---
[2026-05-04T19:43:05.292Z] 
baldia_mart_api: CPU 15.43%, Mem 191.3MiB / 7.598GiB
baldia_mart_cache: CPU 3.10%, Mem 9.367MiB / 7.598GiB
PG Connections: 7
Redis Commands: 220950
---
[2026-05-04T19:44:06.008Z] 
baldia_mart_api: CPU 19.11%, Mem 192.9MiB / 7.598GiB
baldia_mart_cache: CPU 1.33%, Mem 9.609MiB / 7.598GiB
PG Connections: 7
Redis Commands: 225062
---
[2026-05-04T19:45:05.979Z] 
baldia_mart_cache: CPU 1.31%, Mem 9.605MiB / 7.598GiB
PG Connections: 6
Redis Commands: 227534
---
[2026-05-04T19:46:07.301Z] 
baldia_mart_api: CPU 201.89%, Mem 206.1MiB / 7.598GiB
baldia_mart_cache: CPU 8.25%, Mem 9.41MiB / 7.598GiB
PG Connections: 7
Redis Commands: 233010
---
[2026-05-04T19:47:05.976Z] 
baldia_mart_api: CPU 11.13%, Mem 203.5MiB / 7.598GiB
baldia_mart_cache: CPU 1.04%, Mem 9.406MiB / 7.598GiB
PG Connections: 7
Redis Commands: 237189
---
[2026-05-04T19:48:05.967Z] 
baldia_mart_api: CPU 12.57%, Mem 161.6MiB / 7.598GiB
baldia_mart_cache: CPU 0.85%, Mem 9.359MiB / 7.598GiB
PG Connections: 7
Redis Commands: 241301
---
[2026-05-04T19:49:05.797Z] 
baldia_mart_api: CPU 2.07%, Mem 178.4MiB / 7.598GiB
baldia_mart_cache: CPU 0.63%, Mem 9.359MiB / 7.598GiB
PG Connections: 7
Redis Commands: 245413
---
[2026-05-04T19:50:04.767Z] 
baldia_mart_api: CPU 0.02%, Mem 149.7MiB / 7.598GiB
baldia_mart_cache: CPU 0.57%, Mem 9.613MiB / 7.598GiB
PG Connections: 7
Redis Commands: 249317
---
[2026-05-04T19:51:06.188Z] 
baldia_mart_api: CPU 46.59%, Mem 153.3MiB / 7.598GiB
baldia_mart_cache: CPU 0.66%, Mem 9.367MiB / 7.598GiB
PG Connections: 7
Redis Commands: 253637
---
[2026-05-04T19:52:06.327Z] 
baldia_mart_api: CPU 3.96%, Mem 166.4MiB / 7.598GiB
baldia_mart_cache: CPU 0.54%, Mem 9.371MiB / 7.598GiB
PG Connections: 7
Redis Commands: 257741
---
[2026-05-04T19:53:05.684Z] 
baldia_mart_api: CPU 9.10%, Mem 166.7MiB / 7.598GiB
baldia_mart_cache: CPU 0.53%, Mem 9.621MiB / 7.598GiB
PG Connections: 7
Redis Commands: 261653
---
[2026-05-04T19:54:05.630Z] 
baldia_mart_api: CPU 0.01%, Mem 166.7MiB / 7.598GiB
baldia_mart_cache: CPU 1.66%, Mem 9.375MiB / 7.598GiB
PG Connections: 7
Redis Commands: 265765
---
[2026-05-04T19:55:05.683Z] 
baldia_mart_api: CPU 0.01%, Mem 167.6MiB / 7.598GiB
baldia_mart_cache: CPU 1.44%, Mem 9.367MiB / 7.598GiB
PG Connections: 7
Redis Commands: 269877
---
[2026-05-04T19:56:05.714Z] 
baldia_mart_api: CPU 0.01%, Mem 168.3MiB / 7.598GiB
baldia_mart_cache: CPU 1.30%, Mem 9.617MiB / 7.598GiB
PG Connections: 7
Redis Commands: 273989
---
[2026-05-04T19:57:05.224Z] 
baldia_mart_api: CPU 4.32%, Mem 169.6MiB / 7.598GiB
baldia_mart_cache: CPU 1.22%, Mem 9.367MiB / 7.598GiB
PG Connections: 7
Redis Commands: 278101
---
[2026-05-04T19:58:05.670Z] 
baldia_mart_api: CPU 2.02%, Mem 169.8MiB / 7.598GiB
baldia_mart_cache: CPU 1.12%, Mem 9.363MiB / 7.598GiB
PG Connections: 7
Redis Commands: 282213
---
[2026-05-04T19:59:05.640Z] 
baldia_mart_api: CPU 2.50%, Mem 171.3MiB / 7.598GiB
baldia_mart_cache: CPU 0.47%, Mem 9.371MiB / 7.598GiB
PG Connections: 7
Redis Commands: 286325
---
[2026-05-04T20:00:05.620Z] 
baldia_mart_api: CPU 5.53%, Mem 171.7MiB / 7.598GiB
baldia_mart_cache: CPU 0.43%, Mem 9.613MiB / 7.598GiB
PG Connections: 7
Redis Commands: 290437
---
[2026-05-04T20:01:04.648Z] 
baldia_mart_api: CPU 1.41%, Mem 173.3MiB / 7.598GiB
baldia_mart_cache: CPU 0.58%, Mem 9.363MiB / 7.598GiB
PG Connections: 7
Redis Commands: 294541
---
[2026-05-04T20:02:04.687Z] 
baldia_mart_api: CPU 1.70%, Mem 173MiB / 7.598GiB
baldia_mart_cache: CPU 0.40%, Mem 9.613MiB / 7.598GiB
PG Connections: 7
Redis Commands: 298453
---
[2026-05-04T20:03:05.672Z] 
baldia_mart_api: CPU 3.12%, Mem 172.6MiB / 7.598GiB
baldia_mart_cache: CPU 0.51%, Mem 9.363MiB / 7.598GiB
PG Connections: 7
Redis Commands: 302765
---
[2026-05-04T20:04:05.653Z] 
baldia_mart_api: CPU 6.51%, Mem 172.7MiB / 7.598GiB
baldia_mart_cache: CPU 0.56%, Mem 9.613MiB / 7.598GiB
PG Connections: 7
Redis Commands: 306877
---
[2026-05-04T20:05:05.653Z] 
baldia_mart_api: CPU 2.68%, Mem 173.7MiB / 7.598GiB
baldia_mart_cache: CPU 0.41%, Mem 9.359MiB / 7.598GiB
PG Connections: 7
Redis Commands: 310989
---
[2026-05-04T20:06:05.705Z] 
baldia_mart_api: CPU 1.42%, Mem 173.3MiB / 7.598GiB
baldia_mart_cache: CPU 1.17%, Mem 9.352MiB / 7.598GiB
PG Connections: 7
Redis Commands: 315101
---
[2026-05-04T20:07:05.178Z] 
baldia_mart_api: CPU 0.13%, Mem 172.2MiB / 7.598GiB
baldia_mart_cache: CPU 0.45%, Mem 9.367MiB / 7.598GiB
PG Connections: 7
Redis Commands: 319013
---
[2026-05-04T20:08:04.706Z] 
baldia_mart_api: CPU 0.01%, Mem 172.2MiB / 7.598GiB
baldia_mart_cache: CPU 0.40%, Mem 9.609MiB / 7.598GiB
PG Connections: 7
Redis Commands: 323125
---
[2026-05-04T20:09:05.731Z] 
baldia_mart_api: CPU 2.29%, Mem 171.5MiB / 7.598GiB
baldia_mart_cache: CPU 0.49%, Mem 9.609MiB / 7.598GiB
PG Connections: 7
Redis Commands: 327237
---
[2026-05-04T20:10:05.740Z] 
baldia_mart_api: CPU 1.49%, Mem 171.6MiB / 7.598GiB
baldia_mart_cache: CPU 0.40%, Mem 9.359MiB / 7.598GiB
PG Connections: 7
Redis Commands: 331349
---
[2026-05-04T20:11:05.954Z] 
baldia_mart_api: CPU 39.27%, Mem 171.8MiB / 7.598GiB
baldia_mart_cache: CPU 0.67%, Mem 9.371MiB / 7.598GiB
PG Connections: 7
Redis Commands: 335453
---
[2026-05-04T20:12:05.847Z] 
baldia_mart_api: CPU 2.18%, Mem 172.5MiB / 7.598GiB
baldia_mart_cache: CPU 0.42%, Mem 9.598MiB / 7.598GiB
PG Connections: 7
Redis Commands: 339565
---
[2026-05-04T20:13:04.726Z] 
baldia_mart_api: CPU 4.75%, Mem 172.4MiB / 7.598GiB
baldia_mart_cache: CPU 1.09%, Mem 9.359MiB / 7.598GiB
PG Connections: 7
Redis Commands: 343677
---
[2026-05-04T20:14:06.185Z] 
baldia_mart_api: CPU 0.00%, Mem 171.6MiB / 7.598GiB
baldia_mart_cache: CPU 1.32%, Mem 9.379MiB / 7.598GiB
PG Connections: 7
Redis Commands: 347789
---
[2026-05-04T20:15:05.777Z] 
baldia_mart_api: CPU 0.00%, Mem 171.9MiB / 7.598GiB
baldia_mart_cache: CPU 1.10%, Mem 9.359MiB / 7.598GiB
PG Connections: 7
Redis Commands: 351901
---
[2026-05-04T20:16:04.931Z] 
baldia_mart_api: CPU 3.47%, Mem 172.6MiB / 7.598GiB
baldia_mart_cache: CPU 1.29%, Mem 9.613MiB / 7.598GiB
PG Connections: 7
Redis Commands: 356013
---
[2026-05-04T20:17:04.965Z] 
baldia_mart_api: CPU 3.23%, Mem 172.7MiB / 7.598GiB
baldia_mart_cache: CPU 1.19%, Mem 9.371MiB / 7.598GiB
PG Connections: 7
Redis Commands: 360125
---
[2026-05-04T20:18:04.995Z] 
baldia_mart_api: CPU 3.09%, Mem 173MiB / 7.598GiB
baldia_mart_cache: CPU 1.12%, Mem 9.363MiB / 7.598GiB
PG Connections: 7
Redis Commands: 364242
---
[2026-05-04T20:19:05.803Z] 
baldia_mart_api: CPU 3.02%, Mem 173.3MiB / 7.598GiB
baldia_mart_cache: CPU 0.48%, Mem 9.613MiB / 7.598GiB
PG Connections: 7
Redis Commands: 368354
---
[2026-05-04T20:20:05.053Z] 
baldia_mart_api: CPU 2.53%, Mem 173.4MiB / 7.598GiB
baldia_mart_cache: CPU 1.16%, Mem 9.371MiB / 7.598GiB
PG Connections: 7
Redis Commands: 372458
---
[2026-05-04T20:21:05.039Z] 
baldia_mart_api: CPU 4.57%, Mem 173.4MiB / 7.598GiB
baldia_mart_cache: CPU 1.18%, Mem 9.371MiB / 7.598GiB
PG Connections: 7
Redis Commands: 376570
---
[2026-05-04T20:22:05.223Z] 
baldia_mart_api: CPU 4.80%, Mem 173.4MiB / 7.598GiB
baldia_mart_cache: CPU 1.13%, Mem 9.367MiB / 7.598GiB
PG Connections: 7
Redis Commands: 380682
---
[2026-05-04T20:23:05.206Z] 
baldia_mart_api: CPU 2.00%, Mem 172.9MiB / 7.598GiB
baldia_mart_cache: CPU 0.42%, Mem 9.602MiB / 7.598GiB
PG Connections: 7
Redis Commands: 384799
---
[2026-05-04T20:24:05.182Z] 
baldia_mart_api: CPU 1.97%, Mem 174MiB / 7.598GiB
baldia_mart_cache: CPU 0.49%, Mem 9.363MiB / 7.598GiB
PG Connections: 7
Redis Commands: 388711
---
[2026-05-04T20:25:05.262Z] 
baldia_mart_api: CPU 2.09%, Mem 173.1MiB / 7.598GiB
baldia_mart_cache: CPU 0.41%, Mem 9.605MiB / 7.598GiB
PG Connections: 7
Redis Commands: 392828
---
[2026-05-04T20:26:05.340Z] 
baldia_mart_api: CPU 1.70%, Mem 173.4MiB / 7.598GiB
baldia_mart_cache: CPU 0.40%, Mem 9.863MiB / 7.598GiB
PG Connections: 7
Redis Commands: 396940
---
[2026-05-04T20:27:05.379Z] 
baldia_mart_api: CPU 2.03%, Mem 173.2MiB / 7.598GiB
baldia_mart_cache: CPU 0.44%, Mem 9.352MiB / 7.598GiB
PG Connections: 7
Redis Commands: 401052
---
[2026-05-04T20:28:05.467Z] 
baldia_mart_api: CPU 1.54%, Mem 173.1MiB / 7.598GiB
baldia_mart_cache: CPU 0.45%, Mem 9.609MiB / 7.598GiB
PG Connections: 7
Redis Commands: 405164
---
[2026-05-04T20:29:05.524Z] 
baldia_mart_api: CPU 1.61%, Mem 173.4MiB / 7.598GiB
baldia_mart_cache: CPU 0.46%, Mem 9.352MiB / 7.598GiB
PG Connections: 7
Redis Commands: 409276
---
[2026-05-04T20:30:05.922Z] 
baldia_mart_api: CPU 0.14%, Mem 173.6MiB / 7.598GiB
baldia_mart_cache: CPU 0.42%, Mem 9.359MiB / 7.598GiB
PG Connections: 7
Redis Commands: 413388
---
[2026-05-04T20:31:05.651Z] 
baldia_mart_api: CPU 0.00%, Mem 173.5MiB / 7.598GiB
baldia_mart_cache: CPU 0.48%, Mem 9.621MiB / 7.598GiB
PG Connections: 7
Redis Commands: 417492
---
[2026-05-04T20:32:05.621Z] 
baldia_mart_api: CPU 0.72%, Mem 172.9MiB / 7.598GiB
baldia_mart_cache: CPU 0.42%, Mem 9.367MiB / 7.598GiB
PG Connections: 7
Redis Commands: 421604
---
[2026-05-04T20:33:05.712Z] 
baldia_mart_api: CPU 1.65%, Mem 173.4MiB / 7.598GiB
baldia_mart_cache: CPU 0.49%, Mem 9.598MiB / 7.598GiB
PG Connections: 7
Redis Commands: 425816
---
[2026-05-04T20:34:05.722Z] 
baldia_mart_api: CPU 1.39%, Mem 172.6MiB / 7.598GiB
baldia_mart_cache: CPU 0.42%, Mem 9.609MiB / 7.598GiB
PG Connections: 7
Redis Commands: 429928
---
[2026-05-04T20:35:05.869Z] 
baldia_mart_api: CPU 1.45%, Mem 173MiB / 7.598GiB
baldia_mart_cache: CPU 0.39%, Mem 9.359MiB / 7.598GiB
PG Connections: 7
Redis Commands: 434040
---
[2026-05-04T20:36:05.855Z] 
baldia_mart_api: CPU 1.95%, Mem 172.7MiB / 7.598GiB
baldia_mart_cache: CPU 0.45%, Mem 9.609MiB / 7.598GiB
PG Connections: 7
Redis Commands: 438152
---
[2026-05-04T20:37:05.054Z] 
baldia_mart_api: CPU 2.78%, Mem 173MiB / 7.598GiB
baldia_mart_cache: CPU 1.14%, Mem 9.363MiB / 7.598GiB
PG Connections: 7
Redis Commands: 442264
---
[2026-05-04T20:38:05.054Z] 
baldia_mart_api: CPU 4.44%, Mem 173.1MiB / 7.598GiB
baldia_mart_cache: CPU 1.14%, Mem 9.371MiB / 7.598GiB
PG Connections: 7
Redis Commands: 446376
---
[2026-05-04T20:39:04.995Z] 
baldia_mart_api: CPU 3.91%, Mem 173.3MiB / 7.598GiB
baldia_mart_cache: CPU 1.12%, Mem 9.613MiB / 7.598GiB
PG Connections: 7
Redis Commands: 450488
---
[2026-05-04T20:40:04.990Z] 
baldia_mart_api: CPU 1.83%, Mem 173MiB / 7.598GiB
baldia_mart_cache: CPU 0.43%, Mem 9.613MiB / 7.598GiB
PG Connections: 7
Redis Commands: 454597
---
[2026-05-04T20:41:05.097Z] 
baldia_mart_api: CPU 2.37%, Mem 173.6MiB / 7.598GiB
baldia_mart_cache: CPU 0.48%, Mem 9.363MiB / 7.598GiB
PG Connections: 7
Redis Commands: 458709
---
[2026-05-04T20:42:05.089Z] 
baldia_mart_api: CPU 2.45%, Mem 174MiB / 7.598GiB
baldia_mart_cache: CPU 0.42%, Mem 9.363MiB / 7.598GiB
PG Connections: 7
Redis Commands: 462621
---
[2026-05-04T20:43:05.159Z] 
baldia_mart_api: CPU 1.68%, Mem 173.9MiB / 7.598GiB
baldia_mart_cache: CPU 0.44%, Mem 9.363MiB / 7.598GiB
PG Connections: 7
Redis Commands: 466733
---
[2026-05-04T20:44:06.287Z] 
baldia_mart_api: CPU 1.52%, Mem 174.5MiB / 7.598GiB
baldia_mart_cache: CPU 1.32%, Mem 9.359MiB / 7.598GiB
PG Connections: 7
Redis Commands: 471045
---
[2026-05-04T20:45:05.299Z] 
baldia_mart_api: CPU 1.53%, Mem 174.1MiB / 7.598GiB
baldia_mart_cache: CPU 0.43%, Mem 9.602MiB / 7.598GiB
PG Connections: 7
Redis Commands: 474957
---
[2026-05-04T20:46:05.353Z] 
baldia_mart_api: CPU 1.61%, Mem 174.1MiB / 7.598GiB
baldia_mart_cache: CPU 0.39%, Mem 9.355MiB / 7.598GiB
PG Connections: 7
Redis Commands: 479074
---
[2026-05-04T20:47:05.595Z] 
baldia_mart_api: CPU 2.23%, Mem 174.8MiB / 7.598GiB
baldia_mart_cache: CPU 0.57%, Mem 9.355MiB / 7.598GiB
PG Connections: 7
Redis Commands: 483186
---
[2026-05-04T20:48:05.535Z] 
baldia_mart_api: CPU 2.08%, Mem 174.8MiB / 7.598GiB
baldia_mart_cache: CPU 0.48%, Mem 9.359MiB / 7.598GiB
PG Connections: 7
Redis Commands: 487298
---
[2026-05-04T20:49:05.596Z] 
baldia_mart_api: CPU 1.50%, Mem 174.2MiB / 7.598GiB
baldia_mart_cache: CPU 0.45%, Mem 9.359MiB / 7.598GiB
PG Connections: 7
Redis Commands: 491410
---
[2026-05-04T20:50:05.607Z] 
baldia_mart_api: CPU 1.68%, Mem 173.9MiB / 7.598GiB
baldia_mart_cache: CPU 0.46%, Mem 9.359MiB / 7.598GiB
PG Connections: 7
Redis Commands: 495522
---
[2026-05-04T20:51:05.720Z] 
baldia_mart_api: CPU 1.42%, Mem 173.8MiB / 7.598GiB
baldia_mart_cache: CPU 0.39%, Mem 9.609MiB / 7.598GiB
PG Connections: 7
Redis Commands: 499626
---
[2026-05-04T20:52:05.675Z] 
baldia_mart_api: CPU 1.99%, Mem 174.3MiB / 7.598GiB
baldia_mart_cache: CPU 0.39%, Mem 9.359MiB / 7.598GiB
PG Connections: 7
Redis Commands: 503743
---
[2026-05-04T20:53:05.935Z] 
baldia_mart_api: CPU 1.92%, Mem 174.8MiB / 7.598GiB
baldia_mart_cache: CPU 0.43%, Mem 9.359MiB / 7.598GiB
PG Connections: 7
Redis Commands: 507855
---
[2026-05-04T20:54:05.965Z] 
baldia_mart_api: CPU 1.98%, Mem 174.6MiB / 7.598GiB
baldia_mart_cache: CPU 0.54%, Mem 9.359MiB / 7.598GiB
PG Connections: 7
Redis Commands: 511967
---
[2026-05-04T20:55:05.923Z] 
baldia_mart_api: CPU 1.89%, Mem 174MiB / 7.598GiB
baldia_mart_cache: CPU 0.43%, Mem 9.609MiB / 7.598GiB
PG Connections: 7
Redis Commands: 516079
---
[2026-05-04T20:56:05.941Z] 
baldia_mart_api: CPU 1.64%, Mem 174.3MiB / 7.598GiB
baldia_mart_cache: CPU 0.38%, Mem 9.363MiB / 7.598GiB
PG Connections: 7
Redis Commands: 520191
---
[2026-05-04T20:57:05.989Z] 
baldia_mart_api: CPU 3.22%, Mem 174.6MiB / 7.598GiB
baldia_mart_cache: CPU 1.12%, Mem 9.609MiB / 7.598GiB
PG Connections: 7
Redis Commands: 524303
---
[2026-05-04T20:58:06.575Z] 
baldia_mart_api: CPU 3.06%, Mem 174.5MiB / 7.598GiB
baldia_mart_cache: CPU 1.20%, Mem 9.359MiB / 7.598GiB
PG Connections: 7
Redis Commands: 528415
---
[2026-05-04T20:59:05.998Z] 
baldia_mart_api: CPU 2.49%, Mem 175MiB / 7.598GiB
baldia_mart_cache: CPU 1.12%, Mem 9.359MiB / 7.598GiB
PG Connections: 7
Redis Commands: 532527
---
[2026-05-04T21:00:06.017Z] 
baldia_mart_api: CPU 2.56%, Mem 174.3MiB / 7.598GiB
baldia_mart_cache: CPU 1.05%, Mem 9.371MiB / 7.598GiB
PG Connections: 7
Redis Commands: 536639
---
[2026-05-04T21:01:06.200Z] 
baldia_mart_api: CPU 2.99%, Mem 173.8MiB / 7.598GiB
baldia_mart_cache: CPU 1.21%, Mem 9.621MiB / 7.598GiB
PG Connections: 7
Redis Commands: 540756
---
[2026-05-04T21:02:05.212Z] 
baldia_mart_api: CPU 1.59%, Mem 173.4MiB / 7.598GiB
baldia_mart_cache: CPU 0.48%, Mem 9.609MiB / 7.598GiB
PG Connections: 7
Redis Commands: 544660
---
[2026-05-04T21:03:05.243Z] 
baldia_mart_api: CPU 1.49%, Mem 174.3MiB / 7.598GiB
baldia_mart_cache: CPU 0.44%, Mem 9.613MiB / 7.598GiB
PG Connections: 7
Redis Commands: 548772
---
[2026-05-04T21:04:05.350Z] 
baldia_mart_api: CPU 1.90%, Mem 173.4MiB / 7.598GiB
baldia_mart_cache: CPU 0.44%, Mem 9.613MiB / 7.598GiB
PG Connections: 7
Redis Commands: 552889
---
[2026-05-04T21:05:05.523Z] 
baldia_mart_api: CPU 2.00%, Mem 174.6MiB / 7.598GiB
baldia_mart_cache: CPU 0.48%, Mem 9.363MiB / 7.598GiB
PG Connections: 7
Redis Commands: 557001
---
[2026-05-04T21:06:05.508Z] 
baldia_mart_api: CPU 1.39%, Mem 173.9MiB / 7.598GiB
baldia_mart_cache: CPU 0.39%, Mem 9.617MiB / 7.598GiB
PG Connections: 7
Redis Commands: 561113
---
[2026-05-04T21:07:05.470Z] 
baldia_mart_api: CPU 2.05%, Mem 174MiB / 7.598GiB
baldia_mart_cache: CPU 0.44%, Mem 9.367MiB / 7.598GiB
PG Connections: 7
Redis Commands: 565225
---
[2026-05-04T21:08:05.546Z] 
baldia_mart_api: CPU 1.43%, Mem 174.5MiB / 7.598GiB
baldia_mart_cache: CPU 0.42%, Mem 9.367MiB / 7.598GiB
PG Connections: 7
Redis Commands: 569337
---
[2026-05-04T21:09:05.738Z] 
baldia_mart_api: CPU 1.47%, Mem 174MiB / 7.598GiB
baldia_mart_cache: CPU 0.49%, Mem 9.367MiB / 7.598GiB
PG Connections: 7
Redis Commands: 573449
---
[2026-05-04T21:10:05.895Z] 
baldia_mart_api: CPU 1.46%, Mem 173.9MiB / 7.598GiB
baldia_mart_cache: CPU 0.42%, Mem 9.375MiB / 7.598GiB
PG Connections: 7
Redis Commands: 577561
---
[2026-05-04T21:11:06.011Z] 
baldia_mart_api: CPU 1.39%, Mem 173.9MiB / 7.598GiB
baldia_mart_cache: CPU 0.44%, Mem 9.371MiB / 7.598GiB
PG Connections: 7
Redis Commands: 581673
---
[2026-05-04T21:12:05.946Z] 
baldia_mart_api: CPU 1.94%, Mem 174.2MiB / 7.598GiB
baldia_mart_cache: CPU 0.44%, Mem 9.367MiB / 7.598GiB
PG Connections: 7
Redis Commands: 585777
---
[2026-05-04T21:13:05.855Z] 
baldia_mart_api: CPU 2.07%, Mem 173.5MiB / 7.598GiB
baldia_mart_cache: CPU 0.85%, Mem 9.617MiB / 7.598GiB
PG Connections: 7
Redis Commands: 589889
---
[2026-05-04T21:14:05.926Z] 
baldia_mart_api: CPU 2.75%, Mem 173.9MiB / 7.598GiB
baldia_mart_cache: CPU 1.22%, Mem 9.375MiB / 7.598GiB
PG Connections: 7
Redis Commands: 594001
---
[2026-05-04T21:15:05.945Z] 
baldia_mart_api: CPU 2.87%, Mem 173.9MiB / 7.598GiB
baldia_mart_cache: CPU 1.03%, Mem 9.391MiB / 7.598GiB
PG Connections: 7
Redis Commands: 598113
---
[2026-05-04T21:16:06.101Z] 
baldia_mart_api: CPU 3.60%, Mem 174.1MiB / 7.598GiB
baldia_mart_cache: CPU 1.33%, Mem 9.613MiB / 7.598GiB
PG Connections: 7
Redis Commands: 602225
---
[2026-05-04T21:17:06.034Z] 
baldia_mart_api: CPU 3.04%, Mem 174.7MiB / 7.598GiB
baldia_mart_cache: CPU 1.14%, Mem 9.367MiB / 7.598GiB
PG Connections: 7
Redis Commands: 606337
---
[2026-05-04T21:18:06.182Z] 
baldia_mart_api: CPU 2.74%, Mem 173.7MiB / 7.598GiB
baldia_mart_cache: CPU 1.11%, Mem 9.367MiB / 7.598GiB
PG Connections: 7
Redis Commands: 610449
---
[2026-05-04T21:19:06.107Z] 
baldia_mart_api: CPU 2.54%, Mem 174.4MiB / 7.598GiB
baldia_mart_cache: CPU 1.12%, Mem 9.363MiB / 7.598GiB
PG Connections: 7
Redis Commands: 614561
---
[2026-05-04T21:20:06.238Z] 
baldia_mart_api: CPU 2.67%, Mem 174.7MiB / 7.598GiB
baldia_mart_cache: CPU 1.20%, Mem 9.363MiB / 7.598GiB
PG Connections: 7
Redis Commands: 618673
---
[2026-05-04T21:21:06.250Z] 
baldia_mart_api: CPU 2.95%, Mem 174.8MiB / 7.598GiB
baldia_mart_cache: CPU 1.23%, Mem 9.371MiB / 7.598GiB
PG Connections: 7
Redis Commands: 622790
---
[2026-05-04T21:22:06.304Z] 
baldia_mart_api: CPU 1.98%, Mem 174.7MiB / 7.598GiB
baldia_mart_cache: CPU 0.40%, Mem 9.371MiB / 7.598GiB
PG Connections: 7
Redis Commands: 626902
---
[2026-05-04T21:23:05.859Z] 
baldia_mart_api: CPU 4.12%, Mem 174.5MiB / 7.598GiB
baldia_mart_cache: CPU 1.06%, Mem 9.371MiB / 7.598GiB
PG Connections: 7
Redis Commands: 630806
---
[2026-05-04T21:24:05.851Z] 
baldia_mart_api: CPU 4.47%, Mem 174MiB / 7.598GiB
baldia_mart_cache: CPU 0.91%, Mem 9.621MiB / 7.598GiB
PG Connections: 7
Redis Commands: 634918
---
[2026-05-04T21:25:05.879Z] 
baldia_mart_api: CPU 9.56%, Mem 174.1MiB / 7.598GiB
baldia_mart_cache: CPU 0.95%, Mem 9.625MiB / 7.598GiB
PG Connections: 7
Redis Commands: 639030
---
[2026-05-04T21:26:06.278Z] 
baldia_mart_api: CPU 3.80%, Mem 174.1MiB / 7.598GiB
baldia_mart_cache: CPU 0.84%, Mem 9.375MiB / 7.598GiB
PG Connections: 7
Redis Commands: 643142
---
[2026-05-04T21:27:06.099Z] 
baldia_mart_api: CPU 5.60%, Mem 174.1MiB / 7.598GiB
baldia_mart_cache: CPU 1.00%, Mem 9.363MiB / 7.598GiB
PG Connections: 7
Redis Commands: 647254
---
[2026-05-04T21:28:06.247Z] 
baldia_mart_api: CPU 5.00%, Mem 173.9MiB / 7.598GiB
baldia_mart_cache: CPU 0.93%, Mem 9.371MiB / 7.598GiB
PG Connections: 7
Redis Commands: 651366
---
[2026-05-04T21:29:06.171Z] 
baldia_mart_api: CPU 4.60%, Mem 174.2MiB / 7.598GiB
baldia_mart_cache: CPU 0.90%, Mem 9.625MiB / 7.598GiB
PG Connections: 7
Redis Commands: 655475
---
[2026-05-04T21:30:06.624Z] 
baldia_mart_api: CPU 3.77%, Mem 173.9MiB / 7.598GiB
baldia_mart_cache: CPU 0.89%, Mem 9.625MiB / 7.598GiB
PG Connections: 7
Redis Commands: 659587
---
[2026-05-04T21:31:06.357Z] 
baldia_mart_api: CPU 4.48%, Mem 173.5MiB / 7.598GiB
baldia_mart_cache: CPU 1.00%, Mem 9.629MiB / 7.598GiB
PG Connections: 7
Redis Commands: 663699
---
[2026-05-04T21:32:06.359Z] 
baldia_mart_api: CPU 4.68%, Mem 173.7MiB / 7.598GiB
baldia_mart_cache: CPU 0.94%, Mem 9.617MiB / 7.598GiB
PG Connections: 7
Redis Commands: 667811
---
[2026-05-04T21:33:06.579Z] 
baldia_mart_api: CPU 18.83%, Mem 175MiB / 7.598GiB
baldia_mart_cache: CPU 3.87%, Mem 9.379MiB / 7.598GiB
PG Connections: 7
Redis Commands: 672023
---
[2026-05-04T21:34:06.465Z] 
baldia_mart_api: CPU 12.32%, Mem 175.3MiB / 7.598GiB
baldia_mart_cache: CPU 5.41%, Mem 9.391MiB / 7.598GiB
PG Connections: 7
Redis Commands: 676135
---
[2026-05-04T21:35:06.457Z] 
baldia_mart_api: CPU 7.86%, Mem 175.5MiB / 7.598GiB
baldia_mart_cache: CPU 2.78%, Mem 9.629MiB / 7.598GiB
PG Connections: 7
Redis Commands: 680252
---
[2026-05-04T21:36:10.831Z] 
baldia_mart_api: CPU 13.39%, Mem 175.5MiB / 7.598GiB
baldia_mart_cache: CPU 2.51%, Mem 9.367MiB / 7.598GiB
PG Connections: 7
Redis Commands: 684564
---
[2026-05-05T07:43:55.269Z] 
baldia_mart_api: CPU 154.38%, Mem 222.8MiB / 7.598GiB
baldia_mart_cache: CPU 41.07%, Mem 9.938MiB / 7.598GiB
PG Connections: 64
Redis Commands: 694131
---
[2026-05-05T07:43:58.544Z] 
baldia_mart_api: CPU 171.69%, Mem 230.6MiB / 7.598GiB
baldia_mart_cache: CPU 3.39%, Mem 9.441MiB / 7.598GiB
PG Connections: 86
Redis Commands: 695332
---
[2026-05-05T07:44:36.283Z] 
baldia_mart_api: CPU 6.21%, Mem 241.1MiB / 7.598GiB
baldia_mart_cache: CPU 1.31%, Mem 9.414MiB / 7.598GiB
PG Connections: 6
Redis Commands: 698589
---
